{"cameraMode":{"drawMode":0,"name":"Shaded","section":"Shading Mode"},"sceneLighting":false,"audioPlay":false,"sceneViewState":{"m_AlwaysRefresh":false,"showFog":true,"showSkybox":false,"showFlares":true,"showImageEffects":true,"showParticleSystems":true,"showVisualEffectGraphs":true,"m_FxEnabled":true},"in2DMode":false,"pivot":{"x":396.1280822753906,"y":500.16278076171877,"z":26.327423095703126},"rotation":{"x":-0.04348590970039368,"y":-0.003018241375684738,"z":0.00013809635129291564,"w":-0.9990451335906982},"size":598.3743286132813,"orthographic":false}