Using pre-set license
Built from '6000.0/staging' branch; Version is '6000.0.33f1 (433b0a79340b) revision 4406026'; Using compiler version '193933523'; Build Type 'Release'
OS: 'Windows 10  (10.0.19045) 64bit Professional' Language: 'en' Physical Memory: 32683 MB
BatchMode: 1, IsHumanControllingUs: 0, StartBugReporterOnCrash: 0, Is64bit: 1, IsPro: 1

COMMAND LINE ARGUMENTS:
C:\Program Files\Unity\Hub\Editor\6000.0.33f1\Editor\Unity.exe
-adb2
-batchMode
-noUpm
-name
AssetImportWorker4
-projectPath
E:/Unity Projects/GitHub Projects/RoblockLLY-24-25/src
-logFile
Logs/AssetImportWorker4.log
-srvPort
56358
-job-worker-count
5
-background-job-worker-count
8
-gc-helper-count
1
Successfully changed project path to: E:/Unity Projects/GitHub Projects/RoblockLLY-24-25/src
E:/Unity Projects/GitHub Projects/RoblockLLY-24-25/src
[UnityMemory] Configuration Parameters - Can be set up in boot.config
    "memorysetup-bucket-allocator-granularity=16"
    "memorysetup-bucket-allocator-bucket-count=8"
    "memorysetup-bucket-allocator-block-size=33554432"
    "memorysetup-bucket-allocator-block-count=8"
    "memorysetup-main-allocator-block-size=16777216"
    "memorysetup-thread-allocator-block-size=16777216"
    "memorysetup-gfx-main-allocator-block-size=16777216"
    "memorysetup-gfx-thread-allocator-block-size=16777216"
    "memorysetup-cache-allocator-block-size=4194304"
    "memorysetup-typetree-allocator-block-size=2097152"
    "memorysetup-profiler-bucket-allocator-granularity=16"
    "memorysetup-profiler-bucket-allocator-bucket-count=8"
    "memorysetup-profiler-bucket-allocator-block-size=33554432"
    "memorysetup-profiler-bucket-allocator-block-count=8"
    "memorysetup-profiler-allocator-block-size=16777216"
    "memorysetup-profiler-editor-allocator-block-size=1048576"
    "memorysetup-temp-allocator-size-main=16777216"
    "memorysetup-job-temp-allocator-block-size=2097152"
    "memorysetup-job-temp-allocator-block-size-background=1048576"
    "memorysetup-job-temp-allocator-reduction-small-platforms=262144"
    "memorysetup-allocator-temp-initial-block-size-main=262144"
    "memorysetup-allocator-temp-initial-block-size-worker=262144"
    "memorysetup-temp-allocator-size-background-worker=32768"
    "memorysetup-temp-allocator-size-job-worker=262144"
    "memorysetup-temp-allocator-size-preload-manager=33554432"
    "memorysetup-temp-allocator-size-nav-mesh-worker=65536"
    "memorysetup-temp-allocator-size-audio-worker=65536"
    "memorysetup-temp-allocator-size-cloud-worker=32768"
    "memorysetup-temp-allocator-size-gi-baking-worker=262144"
    "memorysetup-temp-allocator-size-gi-baking-worker=262144"
    "memorysetup-temp-allocator-size-gi-baking-worker=262144"
    "memorysetup-temp-allocator-size-gi-baking-worker=262144"
    "memorysetup-temp-allocator-size-gi-baking-worker=262144"
    "memorysetup-temp-allocator-size-gfx=262144"
Player connection [31976]  Target information:

Player connection [31976]  * "[IP] 192.168.1.49 [Port] 0 [Flags] 2 [Guid] 1398180372 [EditorId] 1398180372 [Version] 1048832 [Id] WindowsEditor(7,DESKTOP-KTNAS2A) [Debug] 1 [PackageName] WindowsEditor [ProjectName] Editor" 

Player connection [31976]  * "[IP] 169.254.130.81 [Port] 0 [Flags] 2 [Guid] 1398180372 [EditorId] 1398180372 [Version] 1048832 [Id] WindowsEditor(7,DESKTOP-KTNAS2A) [Debug] 1 [PackageName] WindowsEditor [ProjectName] Editor" 

Player connection [31976]  * "[IP] 10.5.0.2 [Port] 0 [Flags] 2 [Guid] 1398180372 [EditorId] 1398180372 [Version] 1048832 [Id] WindowsEditor(7,DESKTOP-KTNAS2A) [Debug] 1 [PackageName] WindowsEditor [ProjectName] Editor" 

Player connection [31976] Host joined multi-casting on [225.0.0.222:54997]...
Player connection [31976] Host joined alternative multi-casting on [225.0.0.222:34997]...
JobSystem: Creating JobQueue using job-worker-count value 5
[Physics::Module] Initialized fallback backend.
[Physics::Module] Id: 0xdecafbad
Library Redirect Path: Library/
[Physics::Module] Selected backend.
[Physics::Module] Name: PhysX
[Physics::Module] Id: 0xf2b8ea05
[Physics::Module] SDK Version: 4.1.2
[Physics::Module] Integration Version: 1.0.0
[Physics::Module] Threading Mode: Multi-Threaded
Refreshing native plugins compatible for Editor in 2.80 ms, found 4 plugins.
Preloading 1 native plugins for Editor in 1.00 ms.
Initialize engine version: 6000.0.33f1 (433b0a79340b)
[Subsystems] Discovering subsystems at path C:/Program Files/Unity/Hub/Editor/6000.0.33f1/Editor/Data/Resources/UnitySubsystems
[Subsystems] Discovering subsystems at path E:/Unity Projects/GitHub Projects/RoblockLLY-24-25/src/Assets
GfxDevice: creating device client; kGfxThreadingModeNonThreaded
Direct3D:
    Version:  Direct3D 11.0 [level 11.1]
    Renderer: NVIDIA GeForce RTX 3070 (ID=0x2488)
    Vendor:   NVIDIA
    VRAM:     8018 MB
    Driver:   32.0.15.7640
Initialize mono
Mono path[0] = 'C:/Program Files/Unity/Hub/Editor/6000.0.33f1/Editor/Data/Managed'
Mono path[1] = 'C:/Program Files/Unity/Hub/Editor/6000.0.33f1/Editor/Data/MonoBleedingEdge/lib/mono/unityjit-win32'
Mono config path = 'C:/Program Files/Unity/Hub/Editor/6000.0.33f1/Editor/Data/MonoBleedingEdge/etc'
Using monoOptions --debugger-agent=transport=dt_socket,embedding=1,server=y,suspend=n,address=127.0.0.1:56588
Begin MonoManager ReloadAssembly
Registering precompiled unity dll's ...
Register platform support module: C:/Program Files/Unity/Hub/Editor/6000.0.33f1/Editor/Data/PlaybackEngines/WebGLSupport/UnityEditor.WebGL.Extensions.dll
Register platform support module: C:/Program Files/Unity/Hub/Editor/6000.0.33f1/Editor/Data/PlaybackEngines/WindowsStandaloneSupport/UnityEditor.WindowsStandalone.Extensions.dll
Register platform support module: C:/Program Files/Unity/Hub/Editor/6000.0.33f1/Editor/Data/PlaybackEngines/AndroidPlayer/UnityEditor.Android.Extensions.dll
Registered in 0.006518 seconds.
- Loaded All Assemblies, in  0.437 seconds
Native extension for Android target not found
Android Extension - Scanning For ADB Devices 251 ms
Native extension for WindowsStandalone target not found
Native extension for WebGL target not found
Mono: successfully reloaded assembly
- Finished resetting the current domain, in  0.598 seconds
Domain Reload Profiling: 1031ms
	BeginReloadAssembly (146ms)
		ExecutionOrderSort (0ms)
		DisableScriptedObjects (0ms)
		BackupInstance (0ms)
		ReleaseScriptingObjects (0ms)
		CreateAndSetChildDomain (1ms)
	RebuildCommonClasses (42ms)
	RebuildNativeTypeToScriptingClass (11ms)
	initialDomainReloadingComplete (58ms)
	LoadAllAssembliesAndSetupDomain (175ms)
		LoadAssemblies (142ms)
		RebuildTransferFunctionScriptingTraits (0ms)
		AnalyzeDomain (171ms)
			TypeCache.Refresh (170ms)
				TypeCache.ScanAssembly (155ms)
			BuildScriptInfoCaches (0ms)
			ResolveRequiredComponents (0ms)
	FinalizeReload (598ms)
		ReleaseScriptCaches (0ms)
		RebuildScriptCaches (0ms)
		SetupLoadedEditorAssemblies (546ms)
			LogAssemblyErrors (0ms)
			InitializePlatformSupportModulesInManaged (366ms)
			SetLoadedEditorAssemblies (3ms)
			BeforeProcessingInitializeOnLoad (39ms)
			ProcessInitializeOnLoadAttributes (93ms)
			ProcessInitializeOnLoadMethodAttributes (46ms)
			AfterProcessingInitializeOnLoad (0ms)
			EditorAssembliesLoaded (0ms)
		ExecutionOrderSort2 (0ms)
		AwakeInstancesAfterBackupRestoration (0ms)
========================================================================
Worker process is ready to serve import requests
Import Worker Mode flag is 0x00
Begin MonoManager ReloadAssembly
- Loaded All Assemblies, in  0.704 seconds
Refreshing native plugins compatible for Editor in 1.68 ms, found 4 plugins.
Native extension for Android target not found
Native extension for WindowsStandalone target not found
Native extension for WebGL target not found
[MODES] ModeService[none].Initialize
[MODES] ModeService[none].LoadModes
[MODES] Loading mode Default (0) for mode-current-id-Roblocklly_EPH
Mono: successfully reloaded assembly
- Finished resetting the current domain, in  0.749 seconds
Domain Reload Profiling: 1449ms
	BeginReloadAssembly (147ms)
		ExecutionOrderSort (0ms)
		DisableScriptedObjects (5ms)
		BackupInstance (0ms)
		ReleaseScriptingObjects (0ms)
		CreateAndSetChildDomain (27ms)
	RebuildCommonClasses (29ms)
	RebuildNativeTypeToScriptingClass (10ms)
	initialDomainReloadingComplete (35ms)
	LoadAllAssembliesAndSetupDomain (478ms)
		LoadAssemblies (319ms)
		RebuildTransferFunctionScriptingTraits (0ms)
		AnalyzeDomain (247ms)
			TypeCache.Refresh (180ms)
				TypeCache.ScanAssembly (165ms)
			BuildScriptInfoCaches (59ms)
			ResolveRequiredComponents (5ms)
	FinalizeReload (749ms)
		ReleaseScriptCaches (0ms)
		RebuildScriptCaches (0ms)
		SetupLoadedEditorAssemblies (639ms)
			LogAssemblyErrors (0ms)
			InitializePlatformSupportModulesInManaged (10ms)
			SetLoadedEditorAssemblies (4ms)
			BeforeProcessingInitializeOnLoad (90ms)
			ProcessInitializeOnLoadAttributes (451ms)
			ProcessInitializeOnLoadMethodAttributes (77ms)
			AfterProcessingInitializeOnLoad (7ms)
			EditorAssembliesLoaded (0ms)
		ExecutionOrderSort2 (0ms)
		AwakeInstancesAfterBackupRestoration (7ms)
Launched and connected shader compiler UnityShaderCompiler.exe after 0.01 seconds
Refreshing native plugins compatible for Editor in 2.72 ms, found 4 plugins.
Preloading 1 native plugins for Editor in 0.04 ms.
Unloading 99 Unused Serialized files (Serialized files now loaded: 0)
Unloading 5793 unused Assets / (5.5 MB). Loaded Objects now: 6305.
Memory consumption went from 138.1 MB to 132.7 MB.
Total: 14.103300 ms (FindLiveObjects: 1.287500 ms CreateObjectMapping: 1.097800 ms MarkObjects: 7.955800 ms  DeleteObjects: 3.761200 ms)

========================================================================
Received Import Request.
  Time since last request: 1455554.996825 seconds.
  path: Assets/Third-Party/uBlockly/Assets/Source/UGUI/Textures/Blocks/img_edit.png
  artifactKey: Guid(509c7120fc50449ca93e96e186ac23ab) Importer(815301076,1909f56bfc062723c751e8b465ee728b)
Start importing Assets/Third-Party/uBlockly/Assets/Source/UGUI/Textures/Blocks/img_edit.png using Guid(509c7120fc50449ca93e96e186ac23ab) Importer(815301076,1909f56bfc062723c751e8b465ee728b) (PreviewImporter) -> (artifact id: '607e06d4a74431cdceb4816cf4b1d3e7') in 0.0830187 seconds
Number of updated asset objects reloaded before import = 0Number of asset objects unloaded after import = 3

========================================================================
Received Import Request.
  Time since last request: 0.007282 seconds.
  path: Assets/Third-Party/uBlockly/Assets/Source/UGUI/Textures/Blocks/input_value_connection_slot.png
  artifactKey: Guid(2c269bff015424cb799a695e0717df44) Importer(815301076,1909f56bfc062723c751e8b465ee728b)
Start importing Assets/Third-Party/uBlockly/Assets/Source/UGUI/Textures/Blocks/input_value_connection_slot.png using Guid(2c269bff015424cb799a695e0717df44) Importer(815301076,1909f56bfc062723c751e8b465ee728b) (PreviewImporter) -> (artifact id: '9f807ca8fd019a5418e75c25402e2e54') in 0.0163207 seconds
Number of updated asset objects reloaded before import = 0Number of asset objects unloaded after import = 3

========================================================================
Received Import Request.
  Time since last request: 0.000019 seconds.
  path: Assets/Third-Party/Pastel Icons/resource/style01/shape001_style01_color02.png
  artifactKey: Guid(7cbf7f6f455d5024b99f00e4846d0fee) Importer(815301076,1909f56bfc062723c751e8b465ee728b)
Start importing Assets/Third-Party/Pastel Icons/resource/style01/shape001_style01_color02.png using Guid(7cbf7f6f455d5024b99f00e4846d0fee) Importer(815301076,1909f56bfc062723c751e8b465ee728b) (PreviewImporter) -> (artifact id: 'c574ce15889d5369e1b7a711dcff17f8') in 0.0142927 seconds
Number of updated asset objects reloaded before import = 0Number of asset objects unloaded after import = 3

========================================================================
Received Import Request.
  Time since last request: 0.000016 seconds.
  path: Assets/Third-Party/Pastel Icons/resource/style01/shape002_style01_color12.png
  artifactKey: Guid(1df5c3f2afc93144eb30695db620c3e8) Importer(815301076,1909f56bfc062723c751e8b465ee728b)
Start importing Assets/Third-Party/Pastel Icons/resource/style01/shape002_style01_color12.png using Guid(1df5c3f2afc93144eb30695db620c3e8) Importer(815301076,1909f56bfc062723c751e8b465ee728b) (PreviewImporter) -> (artifact id: '7b02af31e7e799aa99d6624d2ac00612') in 0.0119581 seconds
Number of updated asset objects reloaded before import = 0Number of asset objects unloaded after import = 3

========================================================================
Received Import Request.
  Time since last request: 0.000034 seconds.
  path: Assets/Third-Party/Pastel Icons/resource/style02/shape002_style02_color07.png
  artifactKey: Guid(450c385b635746041b997758ba34bc7c) Importer(815301076,1909f56bfc062723c751e8b465ee728b)
Start importing Assets/Third-Party/Pastel Icons/resource/style02/shape002_style02_color07.png using Guid(450c385b635746041b997758ba34bc7c) Importer(815301076,1909f56bfc062723c751e8b465ee728b) (PreviewImporter) -> (artifact id: 'd64ef9c7a60831dce8b6d1a5b3098643') in 0.0132938 seconds
Number of updated asset objects reloaded before import = 0Number of asset objects unloaded after import = 3

========================================================================
Received Import Request.
  Time since last request: 0.034547 seconds.
  path: Assets/Third-Party/Pastel Icons/resource/style02/shape002_style02_color10.png
  artifactKey: Guid(b6682b80d060f0b48a6c8f0874ca937a) Importer(815301076,1909f56bfc062723c751e8b465ee728b)
Start importing Assets/Third-Party/Pastel Icons/resource/style02/shape002_style02_color10.png using Guid(b6682b80d060f0b48a6c8f0874ca937a) Importer(815301076,1909f56bfc062723c751e8b465ee728b) (PreviewImporter) -> (artifact id: 'c71f4983772d13b87f0c49f9d2d2c6b2') in 0.0148924 seconds
Number of updated asset objects reloaded before import = 0Number of asset objects unloaded after import = 3

========================================================================
Received Import Request.
  Time since last request: 0.000014 seconds.
  path: Assets/Third-Party/Pastel Icons/resource/style03/shape002_style03_color11.png
  artifactKey: Guid(05ad24e353231f94da12098e5de6d31c) Importer(815301076,1909f56bfc062723c751e8b465ee728b)
Start importing Assets/Third-Party/Pastel Icons/resource/style03/shape002_style03_color11.png using Guid(05ad24e353231f94da12098e5de6d31c) Importer(815301076,1909f56bfc062723c751e8b465ee728b) (PreviewImporter) -> (artifact id: 'fdd93b930aae6bd68e6bcb0bf9a790c2') in 0.0142636 seconds
Number of updated asset objects reloaded before import = 0Number of asset objects unloaded after import = 3

========================================================================
Received Import Request.
  Time since last request: 0.000021 seconds.
  path: Assets/Third-Party/Pastel Icons/resource/style03/shape002_style03_color10.png
  artifactKey: Guid(809b66d756c989f4fa3a09f1644100ee) Importer(815301076,1909f56bfc062723c751e8b465ee728b)
Start importing Assets/Third-Party/Pastel Icons/resource/style03/shape002_style03_color10.png using Guid(809b66d756c989f4fa3a09f1644100ee) Importer(815301076,1909f56bfc062723c751e8b465ee728b) (PreviewImporter) -> (artifact id: '80bcf61c9750fa10d9b89beee5c31f44') in 0.0142419 seconds
Number of updated asset objects reloaded before import = 0Number of asset objects unloaded after import = 3

========================================================================
Received Import Request.
  Time since last request: 0.000019 seconds.
  path: Assets/Third-Party/Pastel Icons/resource/style03/shape002_style03_color05.png
  artifactKey: Guid(8f6fa922935ccc04194ecfc79dcd4657) Importer(815301076,1909f56bfc062723c751e8b465ee728b)
Start importing Assets/Third-Party/Pastel Icons/resource/style03/shape002_style03_color05.png using Guid(8f6fa922935ccc04194ecfc79dcd4657) Importer(815301076,1909f56bfc062723c751e8b465ee728b) (PreviewImporter) -> (artifact id: '1ab01f59dc08899e1ef5d30b1ef6b87a') in 0.0126248 seconds
Number of updated asset objects reloaded before import = 0Number of asset objects unloaded after import = 3

========================================================================
Received Import Request.
  Time since last request: 0.006992 seconds.
  path: Assets/Third-Party/Pastel Icons/resource/style01/shape003_style01_color05.png
  artifactKey: Guid(1cba3b2c12d8cd748b2c667241858833) Importer(815301076,1909f56bfc062723c751e8b465ee728b)
Start importing Assets/Third-Party/Pastel Icons/resource/style01/shape003_style01_color05.png using Guid(1cba3b2c12d8cd748b2c667241858833) Importer(815301076,1909f56bfc062723c751e8b465ee728b) (PreviewImporter) -> (artifact id: 'c6811df3a09f92622babd8ee8525067a') in 0.0137992 seconds
Number of updated asset objects reloaded before import = 0Number of asset objects unloaded after import = 3

========================================================================
Received Import Request.
  Time since last request: 0.000016 seconds.
  path: Assets/Third-Party/Pastel Icons/resource/style02/shape003_style02_color08.png
  artifactKey: Guid(e445141c12467ae40a21b2a3f913bf61) Importer(815301076,1909f56bfc062723c751e8b465ee728b)
Start importing Assets/Third-Party/Pastel Icons/resource/style02/shape003_style02_color08.png using Guid(e445141c12467ae40a21b2a3f913bf61) Importer(815301076,1909f56bfc062723c751e8b465ee728b) (PreviewImporter) -> (artifact id: '5ae8dff9ce6e5546afb87669052c97e2') in 0.0119176 seconds
Number of updated asset objects reloaded before import = 0Number of asset objects unloaded after import = 3

========================================================================
Received Import Request.
  Time since last request: 0.000019 seconds.
  path: Assets/Third-Party/Pastel Icons/resource/style02/shape003_style02_color07.png
  artifactKey: Guid(391ff999ab5f321498168d6e37eb8a8b) Importer(815301076,1909f56bfc062723c751e8b465ee728b)
Start importing Assets/Third-Party/Pastel Icons/resource/style02/shape003_style02_color07.png using Guid(391ff999ab5f321498168d6e37eb8a8b) Importer(815301076,1909f56bfc062723c751e8b465ee728b) (PreviewImporter) -> (artifact id: '2035e8fca2f74a5c3da9140bab00acc7') in 0.0148821 seconds
Number of updated asset objects reloaded before import = 0Number of asset objects unloaded after import = 3

========================================================================
Received Import Request.
  Time since last request: 0.000021 seconds.
  path: Assets/Third-Party/Pastel Icons/resource/style01/shape003_style01_color12.png
  artifactKey: Guid(008626a5aa6e20948a78a985f3ce9241) Importer(815301076,1909f56bfc062723c751e8b465ee728b)
Start importing Assets/Third-Party/Pastel Icons/resource/style01/shape003_style01_color12.png using Guid(008626a5aa6e20948a78a985f3ce9241) Importer(815301076,1909f56bfc062723c751e8b465ee728b) (PreviewImporter) -> (artifact id: 'e4ec818a658abd1653caf266ba0adb2a') in 0.0135884 seconds
Number of updated asset objects reloaded before import = 0Number of asset objects unloaded after import = 3

========================================================================
Received Import Request.
  Time since last request: 0.000020 seconds.
  path: Assets/Third-Party/Pastel Icons/resource/style02/shape004_style02_color03.png
  artifactKey: Guid(617560c4fed98c14d9aba1316c5c89c2) Importer(815301076,1909f56bfc062723c751e8b465ee728b)
Start importing Assets/Third-Party/Pastel Icons/resource/style02/shape004_style02_color03.png using Guid(617560c4fed98c14d9aba1316c5c89c2) Importer(815301076,1909f56bfc062723c751e8b465ee728b) (PreviewImporter) -> (artifact id: '7f4af52b55f302e2c145c3447256a694') in 0.0139845 seconds
Number of updated asset objects reloaded before import = 0Number of asset objects unloaded after import = 3

========================================================================
Received Import Request.
  Time since last request: 0.000016 seconds.
  path: Assets/Third-Party/Pastel Icons/resource/style03/shape003_style03_color02.png
  artifactKey: Guid(ac69dbe8ef21fa140b94e5e5d9162f28) Importer(815301076,1909f56bfc062723c751e8b465ee728b)
Start importing Assets/Third-Party/Pastel Icons/resource/style03/shape003_style03_color02.png using Guid(ac69dbe8ef21fa140b94e5e5d9162f28) Importer(815301076,1909f56bfc062723c751e8b465ee728b) (PreviewImporter) -> (artifact id: '05bdc8f58c2f5f14132eadd638178722') in 0.0146499 seconds
Number of updated asset objects reloaded before import = 0Number of asset objects unloaded after import = 3

========================================================================
Received Import Request.
  Time since last request: 0.000014 seconds.
  path: Assets/Third-Party/Pastel Icons/resource/style02/shape003_style02_color06.png
  artifactKey: Guid(030ea842c4e5bbd4f995b6041c156a9d) Importer(815301076,1909f56bfc062723c751e8b465ee728b)
Start importing Assets/Third-Party/Pastel Icons/resource/style02/shape003_style02_color06.png using Guid(030ea842c4e5bbd4f995b6041c156a9d) Importer(815301076,1909f56bfc062723c751e8b465ee728b) (PreviewImporter) -> (artifact id: '41f1a04ca1f79f524e61ab8d043d209f') in 0.0139697 seconds
Number of updated asset objects reloaded before import = 0Number of asset objects unloaded after import = 3

========================================================================
Received Import Request.
  Time since last request: 0.000017 seconds.
  path: Assets/Third-Party/Pastel Icons/resource/style01/shape004_style01_color05.png
  artifactKey: Guid(1fdcaa270c5ae214bae12ac2448198f3) Importer(815301076,1909f56bfc062723c751e8b465ee728b)
Start importing Assets/Third-Party/Pastel Icons/resource/style01/shape004_style01_color05.png using Guid(1fdcaa270c5ae214bae12ac2448198f3) Importer(815301076,1909f56bfc062723c751e8b465ee728b) (PreviewImporter) -> (artifact id: '567a95de0866615fc93d71f7f51fe421') in 0.0141003 seconds
Number of updated asset objects reloaded before import = 0Number of asset objects unloaded after import = 3

========================================================================
Received Import Request.
  Time since last request: 0.000018 seconds.
  path: Assets/Third-Party/Pastel Icons/resource/style01/shape004_style01_color08.png
  artifactKey: Guid(46ccd97705f002046827828ca9845891) Importer(815301076,1909f56bfc062723c751e8b465ee728b)
Start importing Assets/Third-Party/Pastel Icons/resource/style01/shape004_style01_color08.png using Guid(46ccd97705f002046827828ca9845891) Importer(815301076,1909f56bfc062723c751e8b465ee728b) (PreviewImporter) -> (artifact id: 'dcdafff060a72df27b1ac33f21f96b1a') in 0.013828 seconds
Number of updated asset objects reloaded before import = 0Number of asset objects unloaded after import = 3

========================================================================
Received Import Request.
  Time since last request: 0.000026 seconds.
  path: Assets/Third-Party/Pastel Icons/resource/style02/shape004_style02_color01.png
  artifactKey: Guid(0436fcd7e76e21747abc79cbcfb677dc) Importer(815301076,1909f56bfc062723c751e8b465ee728b)
Start importing Assets/Third-Party/Pastel Icons/resource/style02/shape004_style02_color01.png using Guid(0436fcd7e76e21747abc79cbcfb677dc) Importer(815301076,1909f56bfc062723c751e8b465ee728b) (PreviewImporter) -> (artifact id: '58151d9664787fa1e7994ceb0ecde7b6') in 0.0133378 seconds
Number of updated asset objects reloaded before import = 0Number of asset objects unloaded after import = 3

========================================================================
Received Import Request.
  Time since last request: 0.000018 seconds.
  path: Assets/Third-Party/Pastel Icons/resource/style01/shape004_style01_color09.png
  artifactKey: Guid(3545f3cc90524e04793ba8156293107a) Importer(815301076,1909f56bfc062723c751e8b465ee728b)
Start importing Assets/Third-Party/Pastel Icons/resource/style01/shape004_style01_color09.png using Guid(3545f3cc90524e04793ba8156293107a) Importer(815301076,1909f56bfc062723c751e8b465ee728b) (PreviewImporter) -> (artifact id: 'e04afac25843954729415797413076e7') in 0.015048 seconds
Number of updated asset objects reloaded before import = 0Number of asset objects unloaded after import = 3

========================================================================
Received Import Request.
  Time since last request: 0.000018 seconds.
  path: Assets/Third-Party/Pastel Icons/resource/style02/shape003_style02_color04.png
  artifactKey: Guid(94621459b8eac5f4d85e4a097a685e66) Importer(815301076,1909f56bfc062723c751e8b465ee728b)
Start importing Assets/Third-Party/Pastel Icons/resource/style02/shape003_style02_color04.png using Guid(94621459b8eac5f4d85e4a097a685e66) Importer(815301076,1909f56bfc062723c751e8b465ee728b) (PreviewImporter) -> (artifact id: '79f94571287a73b28553d85b85d674fa') in 0.0176266 seconds
Number of updated asset objects reloaded before import = 0Number of asset objects unloaded after import = 3

========================================================================
Received Import Request.
  Time since last request: 0.000018 seconds.
  path: Assets/Third-Party/Pastel Icons/resource/style02/shape003_style02_color03.png
  artifactKey: Guid(b676b8d264f91b942b08b32f25dc0836) Importer(815301076,1909f56bfc062723c751e8b465ee728b)
Start importing Assets/Third-Party/Pastel Icons/resource/style02/shape003_style02_color03.png using Guid(b676b8d264f91b942b08b32f25dc0836) Importer(815301076,1909f56bfc062723c751e8b465ee728b) (PreviewImporter) -> (artifact id: '8c6c43b21c5372d843bae192f95728c8') in 0.0135247 seconds
Number of updated asset objects reloaded before import = 0Number of asset objects unloaded after import = 3

========================================================================
Received Import Request.
  Time since last request: 0.000017 seconds.
  path: Assets/Third-Party/Pastel Icons/resource/style01/shape004_style01_color04.png
  artifactKey: Guid(099a9af5dddbae6488f25aef996b315c) Importer(815301076,1909f56bfc062723c751e8b465ee728b)
Start importing Assets/Third-Party/Pastel Icons/resource/style01/shape004_style01_color04.png using Guid(099a9af5dddbae6488f25aef996b315c) Importer(815301076,1909f56bfc062723c751e8b465ee728b) (PreviewImporter) -> (artifact id: '84160ef3f933ec16e8cebc5eee89e37a') in 0.0143683 seconds
Number of updated asset objects reloaded before import = 0Number of asset objects unloaded after import = 3

========================================================================
Received Import Request.
  Time since last request: 1.008995 seconds.
  path: Assets/Third-Party/Pastel Icons/resource/style01/shape003_style01_color01.png
  artifactKey: Guid(fcc3beee2def5584695a668ebf132104) Importer(815301076,1909f56bfc062723c751e8b465ee728b)
Start importing Assets/Third-Party/Pastel Icons/resource/style01/shape003_style01_color01.png using Guid(fcc3beee2def5584695a668ebf132104) Importer(815301076,1909f56bfc062723c751e8b465ee728b) (PreviewImporter) -> (artifact id: 'd3299c40f2ff52745fbb2d0c35031344') in 0.0144191 seconds
Number of updated asset objects reloaded before import = 0Number of asset objects unloaded after import = 3

========================================================================
Received Import Request.
  Time since last request: 0.000018 seconds.
  path: Assets/Third-Party/Pastel Icons/resource/style01/shape003_style01_color04.png
  artifactKey: Guid(c36e5204f2d1f4c49ab65f66ac638b75) Importer(815301076,1909f56bfc062723c751e8b465ee728b)
Start importing Assets/Third-Party/Pastel Icons/resource/style01/shape003_style01_color04.png using Guid(c36e5204f2d1f4c49ab65f66ac638b75) Importer(815301076,1909f56bfc062723c751e8b465ee728b) (PreviewImporter) -> (artifact id: 'f9df7d902bc674f15d50ec7dbd780da7') in 0.0127272 seconds
Number of updated asset objects reloaded before import = 0Number of asset objects unloaded after import = 3

========================================================================
Received Import Request.
  Time since last request: 0.020583 seconds.
  path: Assets/Third-Party/Pastel Icons/resource/style02/shape001_style02_color10.png
  artifactKey: Guid(535e0f154d11d5c4cbfb822e0848506a) Importer(815301076,1909f56bfc062723c751e8b465ee728b)
Start importing Assets/Third-Party/Pastel Icons/resource/style02/shape001_style02_color10.png using Guid(535e0f154d11d5c4cbfb822e0848506a) Importer(815301076,1909f56bfc062723c751e8b465ee728b) (PreviewImporter) -> (artifact id: '9d995fa9d294a95d1a6340fdad54245a') in 0.0148257 seconds
Number of updated asset objects reloaded before import = 0Number of asset objects unloaded after import = 3

========================================================================
Received Import Request.
  Time since last request: 0.000014 seconds.
  path: Assets/Third-Party/Pastel Icons/resource/style03/shape001_style03_color05.png
  artifactKey: Guid(a3f6f72d2cc1790418840e1b557da9ba) Importer(815301076,1909f56bfc062723c751e8b465ee728b)
Start importing Assets/Third-Party/Pastel Icons/resource/style03/shape001_style03_color05.png using Guid(a3f6f72d2cc1790418840e1b557da9ba) Importer(815301076,1909f56bfc062723c751e8b465ee728b) (PreviewImporter) -> (artifact id: 'f5f25dfc52f4743177f2149b6a7eb571') in 0.0138518 seconds
Number of updated asset objects reloaded before import = 0Number of asset objects unloaded after import = 3

========================================================================
Received Import Request.
  Time since last request: 0.000020 seconds.
  path: Assets/Third-Party/Pastel Icons/resource/style03/shape001_style03_color04.png
  artifactKey: Guid(e8bfa61ad7c535449a4ab006742c130f) Importer(815301076,1909f56bfc062723c751e8b465ee728b)
Start importing Assets/Third-Party/Pastel Icons/resource/style03/shape001_style03_color04.png using Guid(e8bfa61ad7c535449a4ab006742c130f) Importer(815301076,1909f56bfc062723c751e8b465ee728b) (PreviewImporter) -> (artifact id: '67361a9f96cacbab118a5a4604343a0d') in 0.0132994 seconds
Number of updated asset objects reloaded before import = 0Number of asset objects unloaded after import = 3

========================================================================
Received Import Request.
  Time since last request: 0.007567 seconds.
  path: Assets/Third-Party/Pastel Icons/resource/style02/shape001_style02_color01.png
  artifactKey: Guid(933bb7892f44b564f919a565c6e859e4) Importer(815301076,1909f56bfc062723c751e8b465ee728b)
Start importing Assets/Third-Party/Pastel Icons/resource/style02/shape001_style02_color01.png using Guid(933bb7892f44b564f919a565c6e859e4) Importer(815301076,1909f56bfc062723c751e8b465ee728b) (PreviewImporter) -> (artifact id: '0a1df79ad2f1f73e44e43160630f15e5') in 0.0137997 seconds
Number of updated asset objects reloaded before import = 0Number of asset objects unloaded after import = 3

========================================================================
Received Import Request.
  Time since last request: 0.007082 seconds.
  path: Assets/Third-Party/Pastel Icons/resource/style01/shape001_style01_color03.png
  artifactKey: Guid(65771e3ce8f54c649a64c1e79dbf068e) Importer(815301076,1909f56bfc062723c751e8b465ee728b)
Start importing Assets/Third-Party/Pastel Icons/resource/style01/shape001_style01_color03.png using Guid(65771e3ce8f54c649a64c1e79dbf068e) Importer(815301076,1909f56bfc062723c751e8b465ee728b) (PreviewImporter) -> (artifact id: '9b7d3af8d60198e8f8046edff2839be2') in 0.0159354 seconds
Number of updated asset objects reloaded before import = 0Number of asset objects unloaded after import = 3

========================================================================
Received Import Request.
  Time since last request: 0.000021 seconds.
  path: Assets/Third-Party/Pastel Icons/resource/style01/shape001_style01_color06.png
  artifactKey: Guid(06de873de10fae04cab396fd0e60f952) Importer(815301076,1909f56bfc062723c751e8b465ee728b)
Start importing Assets/Third-Party/Pastel Icons/resource/style01/shape001_style01_color06.png using Guid(06de873de10fae04cab396fd0e60f952) Importer(815301076,1909f56bfc062723c751e8b465ee728b) (PreviewImporter) -> (artifact id: 'f53baca51e0f77a56466f2e0fbba64ea') in 0.0152197 seconds
Number of updated asset objects reloaded before import = 0Number of asset objects unloaded after import = 3

========================================================================
Received Import Request.
  Time since last request: 9.172400 seconds.
  path: Assets/Third-Party/Pastel Icons/resource/style02/shape004_style02_color08.png
  artifactKey: Guid(c7cb31d3b31388542b45d6a742d0691c) Importer(815301076,1909f56bfc062723c751e8b465ee728b)
Start importing Assets/Third-Party/Pastel Icons/resource/style02/shape004_style02_color08.png using Guid(c7cb31d3b31388542b45d6a742d0691c) Importer(815301076,1909f56bfc062723c751e8b465ee728b) (PreviewImporter) -> (artifact id: 'a9c2cc34edadbc3c5a73db60b5e8e705') in 0.0148756 seconds
Number of updated asset objects reloaded before import = 0Number of asset objects unloaded after import = 3

========================================================================
Received Import Request.
  Time since last request: 0.000020 seconds.
  path: Assets/Third-Party/Pastel Icons/resource/style02/shape004_style02_color11.png
  artifactKey: Guid(ebe8248b6cfdf4841b5b388aad1eff9d) Importer(815301076,1909f56bfc062723c751e8b465ee728b)
Start importing Assets/Third-Party/Pastel Icons/resource/style02/shape004_style02_color11.png using Guid(ebe8248b6cfdf4841b5b388aad1eff9d) Importer(815301076,1909f56bfc062723c751e8b465ee728b) (PreviewImporter) -> (artifact id: '9ea6079b40f1f944881911692598a78c') in 0.0157045 seconds
Number of updated asset objects reloaded before import = 0Number of asset objects unloaded after import = 3

========================================================================
Received Import Request.
  Time since last request: 0.000017 seconds.
  path: Assets/Third-Party/Pastel Icons/resource/style03/shape004_style03_color03.png
  artifactKey: Guid(9aa95d61589877a4c9b7c7c383f9e6ce) Importer(815301076,1909f56bfc062723c751e8b465ee728b)
Start importing Assets/Third-Party/Pastel Icons/resource/style03/shape004_style03_color03.png using Guid(9aa95d61589877a4c9b7c7c383f9e6ce) Importer(815301076,1909f56bfc062723c751e8b465ee728b) (PreviewImporter) -> (artifact id: 'af262f5a2a475447b01df7f83ab92961') in 0.0159869 seconds
Number of updated asset objects reloaded before import = 0Number of asset objects unloaded after import = 3

========================================================================
Received Import Request.
  Time since last request: 0.000017 seconds.
  path: Assets/Third-Party/Pastel Icons/resource/style03/shape004_style03_color04.png
  artifactKey: Guid(e77363c88c1f04f488b61234cb46b7d2) Importer(815301076,1909f56bfc062723c751e8b465ee728b)
Start importing Assets/Third-Party/Pastel Icons/resource/style03/shape004_style03_color04.png using Guid(e77363c88c1f04f488b61234cb46b7d2) Importer(815301076,1909f56bfc062723c751e8b465ee728b) (PreviewImporter) -> (artifact id: 'd79793cd783c6d363266876d05d8c519') in 0.0125404 seconds
Number of updated asset objects reloaded before import = 0Number of asset objects unloaded after import = 3

========================================================================
Received Import Request.
  Time since last request: 0.142931 seconds.
  path: Assets/Third-Party/Pastel Icons/resource/style03/shape004_style03_color06.png
  artifactKey: Guid(01eaf98a9d19ceb4f820b318100d46d3) Importer(815301076,1909f56bfc062723c751e8b465ee728b)
Start importing Assets/Third-Party/Pastel Icons/resource/style03/shape004_style03_color06.png using Guid(01eaf98a9d19ceb4f820b318100d46d3) Importer(815301076,1909f56bfc062723c751e8b465ee728b) (PreviewImporter) -> (artifact id: 'dbbbf2e4e903896ac054a042a018342b') in 0.0154721 seconds
Number of updated asset objects reloaded before import = 0Number of asset objects unloaded after import = 3

========================================================================
Received Import Request.
  Time since last request: 0.000015 seconds.
  path: Assets/Third-Party/Pastel Icons/resource/style03/shape004_style03_color09.png
  artifactKey: Guid(6879edb1ecb7a58408e52f7686fc65ed) Importer(815301076,1909f56bfc062723c751e8b465ee728b)
Start importing Assets/Third-Party/Pastel Icons/resource/style03/shape004_style03_color09.png using Guid(6879edb1ecb7a58408e52f7686fc65ed) Importer(815301076,1909f56bfc062723c751e8b465ee728b) (PreviewImporter) -> (artifact id: '09ddd32283e915eef612eb5976b65022') in 0.013831 seconds
Number of updated asset objects reloaded before import = 0Number of asset objects unloaded after import = 3

========================================================================
Received Import Request.
  Time since last request: 0.171937 seconds.
  path: Assets/Third-Party/Pastel Icons/resource/style03/shape004_style03_color11.png
  artifactKey: Guid(6cac3311abe4d754296facc4147ff39c) Importer(815301076,1909f56bfc062723c751e8b465ee728b)
Start importing Assets/Third-Party/Pastel Icons/resource/style03/shape004_style03_color11.png using Guid(6cac3311abe4d754296facc4147ff39c) Importer(815301076,1909f56bfc062723c751e8b465ee728b) (PreviewImporter) -> (artifact id: 'a87ae4bf8dc947ea80c1a8b5a036b1f4') in 0.0159031 seconds
Number of updated asset objects reloaded before import = 0Number of asset objects unloaded after import = 3

========================================================================
Received Import Request.
  Time since last request: 0.000014 seconds.
  path: Assets/Third-Party/Pastel Icons/resource/style01/shape005_style01_color03.png
  artifactKey: Guid(057d4f26c9956944e9bcbff360079738) Importer(815301076,1909f56bfc062723c751e8b465ee728b)
Start importing Assets/Third-Party/Pastel Icons/resource/style01/shape005_style01_color03.png using Guid(057d4f26c9956944e9bcbff360079738) Importer(815301076,1909f56bfc062723c751e8b465ee728b) (PreviewImporter) -> (artifact id: 'f501152169fd441d353a28e187fcb103') in 0.0131349 seconds
Number of updated asset objects reloaded before import = 0Number of asset objects unloaded after import = 3

========================================================================
Received Import Request.
  Time since last request: 0.044570 seconds.
  path: Assets/Third-Party/Pastel Icons/resource/style01/shape005_style01_color04.png
  artifactKey: Guid(007d8bfc43c7c7549b138ca10e8cb05f) Importer(815301076,1909f56bfc062723c751e8b465ee728b)
Start importing Assets/Third-Party/Pastel Icons/resource/style01/shape005_style01_color04.png using Guid(007d8bfc43c7c7549b138ca10e8cb05f) Importer(815301076,1909f56bfc062723c751e8b465ee728b) (PreviewImporter) -> (artifact id: '12c817737ceb863ddbf3af23b00d862a') in 0.0146998 seconds
Number of updated asset objects reloaded before import = 0Number of asset objects unloaded after import = 3

========================================================================
Received Import Request.
  Time since last request: 0.000015 seconds.
  path: Assets/Third-Party/Pastel Icons/resource/style01/shape005_style01_color07.png
  artifactKey: Guid(14044579468d73d43a5e91b03963326b) Importer(815301076,1909f56bfc062723c751e8b465ee728b)
Start importing Assets/Third-Party/Pastel Icons/resource/style01/shape005_style01_color07.png using Guid(14044579468d73d43a5e91b03963326b) Importer(815301076,1909f56bfc062723c751e8b465ee728b) (PreviewImporter) -> (artifact id: 'd9d0b009d179d9a464df0f909ddcac83') in 0.0135354 seconds
Number of updated asset objects reloaded before import = 0Number of asset objects unloaded after import = 3

========================================================================
Received Import Request.
  Time since last request: 0.043372 seconds.
  path: Assets/Third-Party/Pastel Icons/resource/style01/shape005_style01_color09.png
  artifactKey: Guid(65727f646566f384f8a724c569ffcefa) Importer(815301076,1909f56bfc062723c751e8b465ee728b)
Start importing Assets/Third-Party/Pastel Icons/resource/style01/shape005_style01_color09.png using Guid(65727f646566f384f8a724c569ffcefa) Importer(815301076,1909f56bfc062723c751e8b465ee728b) (PreviewImporter) -> (artifact id: 'a8305ab6288b2a2dcd8d27fe9e9227d3') in 0.0146864 seconds
Number of updated asset objects reloaded before import = 0Number of asset objects unloaded after import = 3

========================================================================
Received Import Request.
  Time since last request: 0.000015 seconds.
  path: Assets/Third-Party/Pastel Icons/resource/style02/shape005_style02_color01.png
  artifactKey: Guid(c2ac42c6798df68408fef6df141c1a7e) Importer(815301076,1909f56bfc062723c751e8b465ee728b)
Start importing Assets/Third-Party/Pastel Icons/resource/style02/shape005_style02_color01.png using Guid(c2ac42c6798df68408fef6df141c1a7e) Importer(815301076,1909f56bfc062723c751e8b465ee728b) (PreviewImporter) -> (artifact id: '3a5fcc0e080b66593d0e18076938b389') in 0.0132684 seconds
Number of updated asset objects reloaded before import = 0Number of asset objects unloaded after import = 3

========================================================================
Received Import Request.
  Time since last request: 3.585026 seconds.
  path: Assets/Third-Party/Pastel Icons/resource/style02/shape005_style02_color02.png
  artifactKey: Guid(6572bc8145270c74a9b35aa15f5c5e9e) Importer(815301076,1909f56bfc062723c751e8b465ee728b)
Start importing Assets/Third-Party/Pastel Icons/resource/style02/shape005_style02_color02.png using Guid(6572bc8145270c74a9b35aa15f5c5e9e) Importer(815301076,1909f56bfc062723c751e8b465ee728b) (PreviewImporter) -> (artifact id: '2e53cdbb404f96ff5ec4398b28cdd2d2') in 0.0161379 seconds
Number of updated asset objects reloaded before import = 0Number of asset objects unloaded after import = 3

========================================================================
Received Import Request.
  Time since last request: 0.000020 seconds.
  path: Assets/Third-Party/Pastel Icons/resource/style02/shape005_style02_color06.png
  artifactKey: Guid(325d5051b5b1cad499f0868ca1e80d99) Importer(815301076,1909f56bfc062723c751e8b465ee728b)
Start importing Assets/Third-Party/Pastel Icons/resource/style02/shape005_style02_color06.png using Guid(325d5051b5b1cad499f0868ca1e80d99) Importer(815301076,1909f56bfc062723c751e8b465ee728b) (PreviewImporter) -> (artifact id: 'fee05d469909a908eeb0caa11577bb0b') in 0.0140913 seconds
Number of updated asset objects reloaded before import = 0Number of asset objects unloaded after import = 3

========================================================================
Received Import Request.
  Time since last request: 0.017459 seconds.
  path: Assets/Third-Party/Pastel Icons/resource/style02/shape005_style02_color07.png
  artifactKey: Guid(e6b4ecbbada86d249bdd840d90f6226f) Importer(815301076,1909f56bfc062723c751e8b465ee728b)
Start importing Assets/Third-Party/Pastel Icons/resource/style02/shape005_style02_color07.png using Guid(e6b4ecbbada86d249bdd840d90f6226f) Importer(815301076,1909f56bfc062723c751e8b465ee728b) (PreviewImporter) -> (artifact id: 'd8f146a3652dd1080fced1e0b557ce82') in 0.0148987 seconds
Number of updated asset objects reloaded before import = 0Number of asset objects unloaded after import = 3

========================================================================
Received Import Request.
  Time since last request: 0.000015 seconds.
  path: Assets/Third-Party/Pastel Icons/resource/style02/shape005_style02_color12.png
  artifactKey: Guid(5e2d846a459443d4e8198f6566f6359f) Importer(815301076,1909f56bfc062723c751e8b465ee728b)
Start importing Assets/Third-Party/Pastel Icons/resource/style02/shape005_style02_color12.png using Guid(5e2d846a459443d4e8198f6566f6359f) Importer(815301076,1909f56bfc062723c751e8b465ee728b) (PreviewImporter) -> (artifact id: '8b5696ab077e1c4c8a2ba94707cce221') in 0.0140053 seconds
Number of updated asset objects reloaded before import = 0Number of asset objects unloaded after import = 3

========================================================================
Received Import Request.
  Time since last request: 0.000018 seconds.
  path: Assets/Third-Party/Pastel Icons/resource/style03/shape005_style03_color02.png
  artifactKey: Guid(9ce33e3f1138811428ba234a97ec8fd4) Importer(815301076,1909f56bfc062723c751e8b465ee728b)
Start importing Assets/Third-Party/Pastel Icons/resource/style03/shape005_style03_color02.png using Guid(9ce33e3f1138811428ba234a97ec8fd4) Importer(815301076,1909f56bfc062723c751e8b465ee728b) (PreviewImporter) -> (artifact id: 'e2b4cc78a7e783e43808d8e1880cf410') in 0.0145712 seconds
Number of updated asset objects reloaded before import = 0Number of asset objects unloaded after import = 3

========================================================================
Received Import Request.
  Time since last request: 0.000018 seconds.
  path: Assets/Third-Party/Pastel Icons/resource/style03/shape005_style03_color01.png
  artifactKey: Guid(bf8f9d0fa3c284a4fa74eb992fcfff44) Importer(815301076,1909f56bfc062723c751e8b465ee728b)
Start importing Assets/Third-Party/Pastel Icons/resource/style03/shape005_style03_color01.png using Guid(bf8f9d0fa3c284a4fa74eb992fcfff44) Importer(815301076,1909f56bfc062723c751e8b465ee728b) (PreviewImporter) -> (artifact id: 'f99d22bc88515a7a6b1201d8f20dd032') in 0.0125965 seconds
Number of updated asset objects reloaded before import = 0Number of asset objects unloaded after import = 3

========================================================================
Received Import Request.
  Time since last request: 2.111348 seconds.
  path: Assets/Third-Party/Pastel Icons/resource/style03/shape005_style03_color05.png
  artifactKey: Guid(0ebbbbbe484e0f441bcb5a7d331d810a) Importer(815301076,1909f56bfc062723c751e8b465ee728b)
Start importing Assets/Third-Party/Pastel Icons/resource/style03/shape005_style03_color05.png using Guid(0ebbbbbe484e0f441bcb5a7d331d810a) Importer(815301076,1909f56bfc062723c751e8b465ee728b) (PreviewImporter) -> (artifact id: '4746d27efcea9677adaac04326f0da3e') in 0.0178849 seconds
Number of updated asset objects reloaded before import = 0Number of asset objects unloaded after import = 3

========================================================================
Received Import Request.
  Time since last request: 0.000015 seconds.
  path: Assets/Third-Party/Pastel Icons/resource/style03/shape005_style03_color12.png
  artifactKey: Guid(5da9e2b6421ae4f4bb534386fcefcba3) Importer(815301076,1909f56bfc062723c751e8b465ee728b)
Start importing Assets/Third-Party/Pastel Icons/resource/style03/shape005_style03_color12.png using Guid(5da9e2b6421ae4f4bb534386fcefcba3) Importer(815301076,1909f56bfc062723c751e8b465ee728b) (PreviewImporter) -> (artifact id: 'd89dba53661301b5436c8fe82ed50d9c') in 0.0145151 seconds
Number of updated asset objects reloaded before import = 0Number of asset objects unloaded after import = 3

========================================================================
Received Import Request.
  Time since last request: 0.000019 seconds.
  path: Assets/Third-Party/Pastel Icons/resource/style01/shape006_style01_color02.png
  artifactKey: Guid(6a9242b24cbe01c4db0b7cf4e4325966) Importer(815301076,1909f56bfc062723c751e8b465ee728b)
Start importing Assets/Third-Party/Pastel Icons/resource/style01/shape006_style01_color02.png using Guid(6a9242b24cbe01c4db0b7cf4e4325966) Importer(815301076,1909f56bfc062723c751e8b465ee728b) (PreviewImporter) -> (artifact id: '195f0a9c4529ac368862c6ebc1911e66') in 0.014568 seconds
Number of updated asset objects reloaded before import = 0Number of asset objects unloaded after import = 3

========================================================================
Received Import Request.
  Time since last request: 0.021381 seconds.
  path: Assets/Third-Party/Pastel Icons/resource/style01/shape006_style01_color03.png
  artifactKey: Guid(bc78955a923e5174dbca1ff6e3c69282) Importer(815301076,1909f56bfc062723c751e8b465ee728b)
Start importing Assets/Third-Party/Pastel Icons/resource/style01/shape006_style01_color03.png using Guid(bc78955a923e5174dbca1ff6e3c69282) Importer(815301076,1909f56bfc062723c751e8b465ee728b) (PreviewImporter) -> (artifact id: '518136787928d6b9f27b0088754d6233') in 0.0141381 seconds
Number of updated asset objects reloaded before import = 0Number of asset objects unloaded after import = 3

========================================================================
Received Import Request.
  Time since last request: 0.000027 seconds.
  path: Assets/Third-Party/Pastel Icons/resource/style01/shape006_style01_color07.png
  artifactKey: Guid(40af2aa2ebca19e4bb305d8831a3ce4d) Importer(815301076,1909f56bfc062723c751e8b465ee728b)
Start importing Assets/Third-Party/Pastel Icons/resource/style01/shape006_style01_color07.png using Guid(40af2aa2ebca19e4bb305d8831a3ce4d) Importer(815301076,1909f56bfc062723c751e8b465ee728b) (PreviewImporter) -> (artifact id: 'c4f147340fe776981aca97b3bf9b40ab') in 0.0135716 seconds
Number of updated asset objects reloaded before import = 0Number of asset objects unloaded after import = 3

========================================================================
Received Import Request.
  Time since last request: 1.116054 seconds.
  path: Assets/Third-Party/Pastel Icons/resource/style01/shape006_style01_color08.png
  artifactKey: Guid(bdcb8cbcaeec559429d41680079cd87a) Importer(815301076,1909f56bfc062723c751e8b465ee728b)
Start importing Assets/Third-Party/Pastel Icons/resource/style01/shape006_style01_color08.png using Guid(bdcb8cbcaeec559429d41680079cd87a) Importer(815301076,1909f56bfc062723c751e8b465ee728b) (PreviewImporter) -> (artifact id: 'fee53fb11b50e3c3fc4a62a638b4fd19') in 0.0160676 seconds
Number of updated asset objects reloaded before import = 0Number of asset objects unloaded after import = 3

========================================================================
Received Import Request.
  Time since last request: 0.000016 seconds.
  path: Assets/Third-Party/Pastel Icons/resource/style01/shape006_style01_color12.png
  artifactKey: Guid(c7d114f4c7f59dd409bbf179dc9f5f49) Importer(815301076,1909f56bfc062723c751e8b465ee728b)
Start importing Assets/Third-Party/Pastel Icons/resource/style01/shape006_style01_color12.png using Guid(c7d114f4c7f59dd409bbf179dc9f5f49) Importer(815301076,1909f56bfc062723c751e8b465ee728b) (PreviewImporter) -> (artifact id: 'a261dd3d0d6106fa0d5302bf645ac19e') in 0.014329 seconds
Number of updated asset objects reloaded before import = 0Number of asset objects unloaded after import = 3

========================================================================
Received Import Request.
  Time since last request: 0.020789 seconds.
  path: Assets/Third-Party/Pastel Icons/resource/style02/shape006_style02_color01.png
  artifactKey: Guid(5f4a242acfd10884f80bedc086ad605e) Importer(815301076,1909f56bfc062723c751e8b465ee728b)
Start importing Assets/Third-Party/Pastel Icons/resource/style02/shape006_style02_color01.png using Guid(5f4a242acfd10884f80bedc086ad605e) Importer(815301076,1909f56bfc062723c751e8b465ee728b) (PreviewImporter) -> (artifact id: '1e56423114260ab37ee97273821ede6a') in 0.0153667 seconds
Number of updated asset objects reloaded before import = 0Number of asset objects unloaded after import = 3

========================================================================
Received Import Request.
  Time since last request: 0.000019 seconds.
  path: Assets/Third-Party/Pastel Icons/resource/style02/shape006_style02_color04.png
  artifactKey: Guid(08ec542cf649e9f40b9a91de373431f5) Importer(815301076,1909f56bfc062723c751e8b465ee728b)
Start importing Assets/Third-Party/Pastel Icons/resource/style02/shape006_style02_color04.png using Guid(08ec542cf649e9f40b9a91de373431f5) Importer(815301076,1909f56bfc062723c751e8b465ee728b) (PreviewImporter) -> (artifact id: '7425d50310dd7335814c8ff876db2a00') in 0.0130412 seconds
Number of updated asset objects reloaded before import = 0Number of asset objects unloaded after import = 3

========================================================================
Received Import Request.
  Time since last request: 0.002852 seconds.
  path: Assets/Third-Party/Pastel Icons/resource/style02/shape006_style02_color06.png
  artifactKey: Guid(c8c54f8b2f6a3da44bbe3d9477b7ef7b) Importer(815301076,1909f56bfc062723c751e8b465ee728b)
Start importing Assets/Third-Party/Pastel Icons/resource/style02/shape006_style02_color06.png using Guid(c8c54f8b2f6a3da44bbe3d9477b7ef7b) Importer(815301076,1909f56bfc062723c751e8b465ee728b) (PreviewImporter) -> (artifact id: '9f29d55de3b48d9d25855a48c529eedd') in 0.013973 seconds
Number of updated asset objects reloaded before import = 0Number of asset objects unloaded after import = 3

========================================================================
Received Import Request.
  Time since last request: 0.000021 seconds.
  path: Assets/Third-Party/Pastel Icons/resource/style02/shape006_style02_color09.png
  artifactKey: Guid(91a1d214d3d328b45a0c7746fdd97682) Importer(815301076,1909f56bfc062723c751e8b465ee728b)
Start importing Assets/Third-Party/Pastel Icons/resource/style02/shape006_style02_color09.png using Guid(91a1d214d3d328b45a0c7746fdd97682) Importer(815301076,1909f56bfc062723c751e8b465ee728b) (PreviewImporter) -> (artifact id: '04c67b2edc8e603a92763db1333894b1') in 0.0142141 seconds
Number of updated asset objects reloaded before import = 0Number of asset objects unloaded after import = 3

========================================================================
Received Import Request.
  Time since last request: 0.004935 seconds.
  path: Assets/Third-Party/Pastel Icons/resource/style02/shape006_style02_color11.png
  artifactKey: Guid(0713908422a35664e88633c9ce63706c) Importer(815301076,1909f56bfc062723c751e8b465ee728b)
Start importing Assets/Third-Party/Pastel Icons/resource/style02/shape006_style02_color11.png using Guid(0713908422a35664e88633c9ce63706c) Importer(815301076,1909f56bfc062723c751e8b465ee728b) (PreviewImporter) -> (artifact id: '1195c5f814bd5bc916049c249494a951') in 0.0141858 seconds
Number of updated asset objects reloaded before import = 0Number of asset objects unloaded after import = 3

========================================================================
Received Import Request.
  Time since last request: 1.845580 seconds.
  path: Assets/Third-Party/Pastel Icons/resource/style03/shape006_style03_color04.png
  artifactKey: Guid(0a624172cf8d1b249b1259413143cc85) Importer(815301076,1909f56bfc062723c751e8b465ee728b)
Start importing Assets/Third-Party/Pastel Icons/resource/style03/shape006_style03_color04.png using Guid(0a624172cf8d1b249b1259413143cc85) Importer(815301076,1909f56bfc062723c751e8b465ee728b) (PreviewImporter) -> (artifact id: 'a4c9bbe79f416e864890a169ae0a9989') in 0.0155252 seconds
Number of updated asset objects reloaded before import = 0Number of asset objects unloaded after import = 3

========================================================================
Received Import Request.
  Time since last request: 0.000015 seconds.
  path: Assets/Third-Party/Pastel Icons/resource/style03/shape006_style03_color08.png
  artifactKey: Guid(6242cd66c515c7f4f8140569a084066d) Importer(815301076,1909f56bfc062723c751e8b465ee728b)
Start importing Assets/Third-Party/Pastel Icons/resource/style03/shape006_style03_color08.png using Guid(6242cd66c515c7f4f8140569a084066d) Importer(815301076,1909f56bfc062723c751e8b465ee728b) (PreviewImporter) -> (artifact id: '12019064009fa815e0942c76c8dede62') in 0.0143376 seconds
Number of updated asset objects reloaded before import = 0Number of asset objects unloaded after import = 3

========================================================================
Received Import Request.
  Time since last request: 0.016447 seconds.
  path: Assets/Third-Party/Pastel Icons/resource/style03/shape006_style03_color09.png
  artifactKey: Guid(f35b4150c5d190b42992339b37a47458) Importer(815301076,1909f56bfc062723c751e8b465ee728b)
Start importing Assets/Third-Party/Pastel Icons/resource/style03/shape006_style03_color09.png using Guid(f35b4150c5d190b42992339b37a47458) Importer(815301076,1909f56bfc062723c751e8b465ee728b) (PreviewImporter) -> (artifact id: 'ab486b0380528c8ca670bc1c4b3bd682') in 0.0150473 seconds
Number of updated asset objects reloaded before import = 0Number of asset objects unloaded after import = 3

========================================================================
Received Import Request.
  Time since last request: 0.000018 seconds.
  path: Assets/Third-Party/Pastel Icons/resource/style01/shape007_style01_color01.png
  artifactKey: Guid(8807027799a022440bdda6748c2a9d66) Importer(815301076,1909f56bfc062723c751e8b465ee728b)
Start importing Assets/Third-Party/Pastel Icons/resource/style01/shape007_style01_color01.png using Guid(8807027799a022440bdda6748c2a9d66) Importer(815301076,1909f56bfc062723c751e8b465ee728b) (PreviewImporter) -> (artifact id: '219e4e8f3d44d8dce7c6eb3c4b399d1b') in 0.0130761 seconds
Number of updated asset objects reloaded before import = 0Number of asset objects unloaded after import = 3

========================================================================
Received Import Request.
  Time since last request: 0.003676 seconds.
  path: Assets/Third-Party/Pastel Icons/resource/style01/shape007_style01_color02.png
  artifactKey: Guid(71df80c289aa2674cb512936d9d2fd56) Importer(815301076,1909f56bfc062723c751e8b465ee728b)
Start importing Assets/Third-Party/Pastel Icons/resource/style01/shape007_style01_color02.png using Guid(71df80c289aa2674cb512936d9d2fd56) Importer(815301076,1909f56bfc062723c751e8b465ee728b) (PreviewImporter) -> (artifact id: '8a2131368cde4ae8fb3ecfa842dc8d3d') in 0.0142733 seconds
Number of updated asset objects reloaded before import = 0Number of asset objects unloaded after import = 3

========================================================================
Received Import Request.
  Time since last request: 0.000020 seconds.
  path: Assets/Third-Party/Pastel Icons/resource/style01/shape007_style01_color05.png
  artifactKey: Guid(725de338aedce564db90da319fafa210) Importer(815301076,1909f56bfc062723c751e8b465ee728b)
Start importing Assets/Third-Party/Pastel Icons/resource/style01/shape007_style01_color05.png using Guid(725de338aedce564db90da319fafa210) Importer(815301076,1909f56bfc062723c751e8b465ee728b) (PreviewImporter) -> (artifact id: 'b613ba7abc6277454cd8ef67ea66eba1') in 0.0137478 seconds
Number of updated asset objects reloaded before import = 0Number of asset objects unloaded after import = 3

========================================================================
Received Import Request.
  Time since last request: 1.077289 seconds.
  path: Assets/Third-Party/Pastel Icons/resource/style01/shape007_style01_color07.png
  artifactKey: Guid(dc75aed474f5b0e4298af047a3bfd480) Importer(815301076,1909f56bfc062723c751e8b465ee728b)
Start importing Assets/Third-Party/Pastel Icons/resource/style01/shape007_style01_color07.png using Guid(dc75aed474f5b0e4298af047a3bfd480) Importer(815301076,1909f56bfc062723c751e8b465ee728b) (PreviewImporter) -> (artifact id: '0cb967566555f9e2c3502571cf36a21f') in 0.0165202 seconds
Number of updated asset objects reloaded before import = 0Number of asset objects unloaded after import = 3

========================================================================
Received Import Request.
  Time since last request: 0.000016 seconds.
  path: Assets/Third-Party/Pastel Icons/resource/style01/shape007_style01_color10.png
  artifactKey: Guid(d634f59d42e94b742b45fd75aa264e3c) Importer(815301076,1909f56bfc062723c751e8b465ee728b)
Start importing Assets/Third-Party/Pastel Icons/resource/style01/shape007_style01_color10.png using Guid(d634f59d42e94b742b45fd75aa264e3c) Importer(815301076,1909f56bfc062723c751e8b465ee728b) (PreviewImporter) -> (artifact id: '6503a376e19eeed2fd86d12b63a94da7') in 0.0140455 seconds
Number of updated asset objects reloaded before import = 0Number of asset objects unloaded after import = 3

========================================================================
Received Import Request.
  Time since last request: 0.087787 seconds.
  path: Assets/Third-Party/Pastel Icons/resource/style02/shape007_style02_color06.png
  artifactKey: Guid(98993a212e76c1f439646334980241d4) Importer(815301076,1909f56bfc062723c751e8b465ee728b)
Start importing Assets/Third-Party/Pastel Icons/resource/style02/shape007_style02_color06.png using Guid(98993a212e76c1f439646334980241d4) Importer(815301076,1909f56bfc062723c751e8b465ee728b) (PreviewImporter) -> (artifact id: 'dc3f69d2fb1b4c77f9ea5bddb2cc55e8') in 0.0148456 seconds
Number of updated asset objects reloaded before import = 0Number of asset objects unloaded after import = 3

========================================================================
Received Import Request.
  Time since last request: 1.485352 seconds.
  path: Assets/Third-Party/Pastel Icons/resource/style02/shape007_style02_color11.png
  artifactKey: Guid(dfe0d0b28c2ea3b41aae1de241aa603f) Importer(815301076,1909f56bfc062723c751e8b465ee728b)
Start importing Assets/Third-Party/Pastel Icons/resource/style02/shape007_style02_color11.png using Guid(dfe0d0b28c2ea3b41aae1de241aa603f) Importer(815301076,1909f56bfc062723c751e8b465ee728b) (PreviewImporter) -> (artifact id: 'add6930b094fcd492a657c0358bba5d4') in 0.0148284 seconds
Number of updated asset objects reloaded before import = 0Number of asset objects unloaded after import = 3

========================================================================
Received Import Request.
  Time since last request: 0.002711 seconds.
  path: Assets/Third-Party/Pastel Icons/resource/style03/shape007_style03_color07.png
  artifactKey: Guid(b5ebcf6963554584fab74d564203198f) Importer(815301076,1909f56bfc062723c751e8b465ee728b)
Start importing Assets/Third-Party/Pastel Icons/resource/style03/shape007_style03_color07.png using Guid(b5ebcf6963554584fab74d564203198f) Importer(815301076,1909f56bfc062723c751e8b465ee728b) (PreviewImporter) -> (artifact id: 'd8ffce3fe1bd649c430aeacecc8986a8') in 0.013575 seconds
Number of updated asset objects reloaded before import = 0Number of asset objects unloaded after import = 3

========================================================================
Received Import Request.
  Time since last request: 0.043054 seconds.
  path: Assets/Third-Party/Pastel Icons/resource/style03/shape007_style03_color08.png
  artifactKey: Guid(7c0fa9efc9400004586472af44120b3b) Importer(815301076,1909f56bfc062723c751e8b465ee728b)
Start importing Assets/Third-Party/Pastel Icons/resource/style03/shape007_style03_color08.png using Guid(7c0fa9efc9400004586472af44120b3b) Importer(815301076,1909f56bfc062723c751e8b465ee728b) (PreviewImporter) -> (artifact id: 'd61bc65fe69aff4a5014644199dede6c') in 0.0159365 seconds
Number of updated asset objects reloaded before import = 0Number of asset objects unloaded after import = 3

========================================================================
Received Import Request.
  Time since last request: 0.000018 seconds.
  path: Assets/Third-Party/Pastel Icons/resource/style03/shape007_style03_color11.png
  artifactKey: Guid(8514fd395d9b93e47adbf1b5f96f3a2f) Importer(815301076,1909f56bfc062723c751e8b465ee728b)
Start importing Assets/Third-Party/Pastel Icons/resource/style03/shape007_style03_color11.png using Guid(8514fd395d9b93e47adbf1b5f96f3a2f) Importer(815301076,1909f56bfc062723c751e8b465ee728b) (PreviewImporter) -> (artifact id: 'ceaaf2798a7402c9d537a5fdd98964b5') in 0.0136677 seconds
Number of updated asset objects reloaded before import = 0Number of asset objects unloaded after import = 3

========================================================================
Received Import Request.
  Time since last request: 0.553289 seconds.
  path: Assets/Third-Party/Pastel Icons/resource/style01/shape008_style01_color01.png
  artifactKey: Guid(472bc5489f3d2aa4bba0f647a26c8ea7) Importer(815301076,1909f56bfc062723c751e8b465ee728b)
Start importing Assets/Third-Party/Pastel Icons/resource/style01/shape008_style01_color01.png using Guid(472bc5489f3d2aa4bba0f647a26c8ea7) Importer(815301076,1909f56bfc062723c751e8b465ee728b) (PreviewImporter) -> (artifact id: '57e86520696f345755f7bc5221177f14') in 0.0156037 seconds
Number of updated asset objects reloaded before import = 0Number of asset objects unloaded after import = 3

========================================================================
Received Import Request.
  Time since last request: 0.000017 seconds.
  path: Assets/Third-Party/Pastel Icons/resource/style01/shape008_style01_color05.png
  artifactKey: Guid(1f80701be404b5a4c952d03f6ac98415) Importer(815301076,1909f56bfc062723c751e8b465ee728b)
Start importing Assets/Third-Party/Pastel Icons/resource/style01/shape008_style01_color05.png using Guid(1f80701be404b5a4c952d03f6ac98415) Importer(815301076,1909f56bfc062723c751e8b465ee728b) (PreviewImporter) -> (artifact id: '1f6e858bb4e815ac2e2ad90209222453') in 0.0158248 seconds
Number of updated asset objects reloaded before import = 0Number of asset objects unloaded after import = 3

========================================================================
Received Import Request.
  Time since last request: 0.015051 seconds.
  path: Assets/Third-Party/Pastel Icons/resource/style01/shape008_style01_color06.png
  artifactKey: Guid(134309560926cf941af6c065634d0e53) Importer(815301076,1909f56bfc062723c751e8b465ee728b)
Start importing Assets/Third-Party/Pastel Icons/resource/style01/shape008_style01_color06.png using Guid(134309560926cf941af6c065634d0e53) Importer(815301076,1909f56bfc062723c751e8b465ee728b) (PreviewImporter) -> (artifact id: '9cc9e84b98038fa495b64fb5bea1c37f') in 0.0145367 seconds
Number of updated asset objects reloaded before import = 0Number of asset objects unloaded after import = 3

========================================================================
Received Import Request.
  Time since last request: 0.000016 seconds.
  path: Assets/Third-Party/Pastel Icons/resource/style01/shape008_style01_color10.png
  artifactKey: Guid(277c100344351bc41b8790374ba060c8) Importer(815301076,1909f56bfc062723c751e8b465ee728b)
Start importing Assets/Third-Party/Pastel Icons/resource/style01/shape008_style01_color10.png using Guid(277c100344351bc41b8790374ba060c8) Importer(815301076,1909f56bfc062723c751e8b465ee728b) (PreviewImporter) -> (artifact id: 'f0cb6f89ceabb5977df86ae2da2cf27a') in 0.013457 seconds
Number of updated asset objects reloaded before import = 0Number of asset objects unloaded after import = 3

========================================================================
Received Import Request.
  Time since last request: 1.026006 seconds.
  path: Assets/Third-Party/Pastel Icons/resource/style01/shape008_style01_color11.png
  artifactKey: Guid(8b68f7ba1dcafdd4eaf5e72da18f3a5b) Importer(815301076,1909f56bfc062723c751e8b465ee728b)
Start importing Assets/Third-Party/Pastel Icons/resource/style01/shape008_style01_color11.png using Guid(8b68f7ba1dcafdd4eaf5e72da18f3a5b) Importer(815301076,1909f56bfc062723c751e8b465ee728b) (PreviewImporter) -> (artifact id: 'bd880a789291d4122023aad2d667bd88') in 0.0850133 seconds
Number of updated asset objects reloaded before import = 0Number of asset objects unloaded after import = 3

========================================================================
Received Import Request.
  Time since last request: 0.000016 seconds.
  path: Assets/Third-Party/Pastel Icons/resource/style02/shape008_style02_color12.png
  artifactKey: Guid(797240af6047dcb4db94d4d9fd52b787) Importer(815301076,1909f56bfc062723c751e8b465ee728b)
Start importing Assets/Third-Party/Pastel Icons/resource/style02/shape008_style02_color12.png using Guid(797240af6047dcb4db94d4d9fd52b787) Importer(815301076,1909f56bfc062723c751e8b465ee728b) (PreviewImporter) -> (artifact id: 'addf6e5d5d5d7d6f63dfc8d02a7f06f8') in 0.0155322 seconds
Number of updated asset objects reloaded before import = 0Number of asset objects unloaded after import = 3

========================================================================
Received Import Request.
  Time since last request: 0.000025 seconds.
  path: Assets/Third-Party/Pastel Icons/resource/style02/shape008_style02_color03.png
  artifactKey: Guid(73799eac1adca1c408cff4fe53476e65) Importer(815301076,1909f56bfc062723c751e8b465ee728b)
Start importing Assets/Third-Party/Pastel Icons/resource/style02/shape008_style02_color03.png using Guid(73799eac1adca1c408cff4fe53476e65) Importer(815301076,1909f56bfc062723c751e8b465ee728b) (PreviewImporter) -> (artifact id: '96a0730de7b8882f0f198abd92ad584b') in 0.0140014 seconds
Number of updated asset objects reloaded before import = 0Number of asset objects unloaded after import = 3

========================================================================
Received Import Request.
  Time since last request: 0.000014 seconds.
  path: Assets/Third-Party/Pastel Icons/resource/style02/shape008_style02_color02.png
  artifactKey: Guid(ffa255ba34b7e4346ad14faf20d8f30b) Importer(815301076,1909f56bfc062723c751e8b465ee728b)
Start importing Assets/Third-Party/Pastel Icons/resource/style02/shape008_style02_color02.png using Guid(ffa255ba34b7e4346ad14faf20d8f30b) Importer(815301076,1909f56bfc062723c751e8b465ee728b) (PreviewImporter) -> (artifact id: '2243c2292d18374c077fdb26484705c2') in 0.0141153 seconds
Number of updated asset objects reloaded before import = 0Number of asset objects unloaded after import = 3

========================================================================
Received Import Request.
  Time since last request: 0.000018 seconds.
  path: Assets/Third-Party/Pastel Icons/resource/style02/shape008_style02_color05.png
  artifactKey: Guid(2803aa4026205d44d99ae9c270128f07) Importer(815301076,1909f56bfc062723c751e8b465ee728b)
Start importing Assets/Third-Party/Pastel Icons/resource/style02/shape008_style02_color05.png using Guid(2803aa4026205d44d99ae9c270128f07) Importer(815301076,1909f56bfc062723c751e8b465ee728b) (PreviewImporter) -> (artifact id: 'd54ed1e2a27584d1b900efee178fee19') in 0.0431384 seconds
Number of updated asset objects reloaded before import = 0Number of asset objects unloaded after import = 3

========================================================================
Received Import Request.
  Time since last request: 0.300874 seconds.
  path: Assets/Third-Party/Pastel Icons/resource/style03/shape008_style03_color02.png
  artifactKey: Guid(bc807690539f0e341a771bbd9f40d223) Importer(815301076,1909f56bfc062723c751e8b465ee728b)
Start importing Assets/Third-Party/Pastel Icons/resource/style03/shape008_style03_color02.png using Guid(bc807690539f0e341a771bbd9f40d223) Importer(815301076,1909f56bfc062723c751e8b465ee728b) (PreviewImporter) -> (artifact id: 'fd72005d96dfea192f99ae7560be8dcc') in 0.0170249 seconds
Number of updated asset objects reloaded before import = 0Number of asset objects unloaded after import = 3

========================================================================
Received Import Request.
  Time since last request: 0.000014 seconds.
  path: Assets/Third-Party/Pastel Icons/resource/style03/shape008_style03_color05.png
  artifactKey: Guid(1a1e20b8c3e3740498c4da560c6948be) Importer(815301076,1909f56bfc062723c751e8b465ee728b)
Start importing Assets/Third-Party/Pastel Icons/resource/style03/shape008_style03_color05.png using Guid(1a1e20b8c3e3740498c4da560c6948be) Importer(815301076,1909f56bfc062723c751e8b465ee728b) (PreviewImporter) -> (artifact id: 'cc15fa4a88f40a40f3c2ed93a63063fa') in 0.0149028 seconds
Number of updated asset objects reloaded before import = 0Number of asset objects unloaded after import = 3

========================================================================
Received Import Request.
  Time since last request: 0.042388 seconds.
  path: Assets/Third-Party/Pastel Icons/resource/style03/shape008_style03_color07.png
  artifactKey: Guid(ca1271a7cf0677b4eaf2e8fb944db146) Importer(815301076,1909f56bfc062723c751e8b465ee728b)
Start importing Assets/Third-Party/Pastel Icons/resource/style03/shape008_style03_color07.png using Guid(ca1271a7cf0677b4eaf2e8fb944db146) Importer(815301076,1909f56bfc062723c751e8b465ee728b) (PreviewImporter) -> (artifact id: '12afd6f291dead3e91565a55a1948215') in 0.0137459 seconds
Number of updated asset objects reloaded before import = 0Number of asset objects unloaded after import = 3

========================================================================
Received Import Request.
  Time since last request: 0.005438 seconds.
  path: Assets/Third-Party/Pastel Icons/resource/style03/shape008_style03_color10.png
  artifactKey: Guid(20a6efc8e369de84c894b41b8bd9cb02) Importer(815301076,1909f56bfc062723c751e8b465ee728b)
Start importing Assets/Third-Party/Pastel Icons/resource/style03/shape008_style03_color10.png using Guid(20a6efc8e369de84c894b41b8bd9cb02) Importer(815301076,1909f56bfc062723c751e8b465ee728b) (PreviewImporter) -> (artifact id: '602c9b210071d9c60fc1b56efa05950d') in 0.0137543 seconds
Number of updated asset objects reloaded before import = 0Number of asset objects unloaded after import = 3

========================================================================
Received Import Request.
  Time since last request: 0.030870 seconds.
  path: Assets/Third-Party/Pastel Icons/resource/style03/shape008_style03_color12.png
  artifactKey: Guid(d69a98592974340498fde1608cc982a3) Importer(815301076,1909f56bfc062723c751e8b465ee728b)
Start importing Assets/Third-Party/Pastel Icons/resource/style03/shape008_style03_color12.png using Guid(d69a98592974340498fde1608cc982a3) Importer(815301076,1909f56bfc062723c751e8b465ee728b) (PreviewImporter) -> (artifact id: 'fe393424f43294b25d9534a06221645a') in 0.0145391 seconds
Number of updated asset objects reloaded before import = 0Number of asset objects unloaded after import = 3

========================================================================
Received Import Request.
  Time since last request: 0.000015 seconds.
  path: Assets/Third-Party/Pastel Icons/resource/style01/shape009_style01_color04.png
  artifactKey: Guid(94b6ee0c9420cb44299bde9252d30ae3) Importer(815301076,1909f56bfc062723c751e8b465ee728b)
Start importing Assets/Third-Party/Pastel Icons/resource/style01/shape009_style01_color04.png using Guid(94b6ee0c9420cb44299bde9252d30ae3) Importer(815301076,1909f56bfc062723c751e8b465ee728b) (PreviewImporter) -> (artifact id: 'd7ef4c3b9e5ddffd788375d2e672130f') in 0.0139509 seconds
Number of updated asset objects reloaded before import = 0Number of asset objects unloaded after import = 3

========================================================================
Received Import Request.
  Time since last request: 0.394807 seconds.
  path: Assets/Third-Party/Pastel Icons/resource/style01/shape009_style01_color05.png
  artifactKey: Guid(0e6db9218a6a67a409b2a8af95bea279) Importer(815301076,1909f56bfc062723c751e8b465ee728b)
Start importing Assets/Third-Party/Pastel Icons/resource/style01/shape009_style01_color05.png using Guid(0e6db9218a6a67a409b2a8af95bea279) Importer(815301076,1909f56bfc062723c751e8b465ee728b) (PreviewImporter) -> (artifact id: 'b3678b134bf8fc2c9f032a84aae037c4') in 0.0152353 seconds
Number of updated asset objects reloaded before import = 0Number of asset objects unloaded after import = 3

========================================================================
Received Import Request.
  Time since last request: 0.000015 seconds.
  path: Assets/Third-Party/Pastel Icons/resource/style01/shape009_style01_color08.png
  artifactKey: Guid(57ded7ab267a09741b7bc0572f9089ea) Importer(815301076,1909f56bfc062723c751e8b465ee728b)
Start importing Assets/Third-Party/Pastel Icons/resource/style01/shape009_style01_color08.png using Guid(57ded7ab267a09741b7bc0572f9089ea) Importer(815301076,1909f56bfc062723c751e8b465ee728b) (PreviewImporter) -> (artifact id: '2ce160c7be2face022c24f5936eddf01') in 0.0134993 seconds
Number of updated asset objects reloaded before import = 0Number of asset objects unloaded after import = 3

========================================================================
Received Import Request.
  Time since last request: 0.030473 seconds.
  path: Assets/Third-Party/Pastel Icons/resource/style01/shape009_style01_color10.png
  artifactKey: Guid(9aae1822212bcdb4d9f7fc06478c9d7f) Importer(815301076,1909f56bfc062723c751e8b465ee728b)
Start importing Assets/Third-Party/Pastel Icons/resource/style01/shape009_style01_color10.png using Guid(9aae1822212bcdb4d9f7fc06478c9d7f) Importer(815301076,1909f56bfc062723c751e8b465ee728b) (PreviewImporter) -> (artifact id: '00884ebbcc649142e07f1c14c6a01633') in 0.0153791 seconds
Number of updated asset objects reloaded before import = 0Number of asset objects unloaded after import = 3

========================================================================
Received Import Request.
  Time since last request: 0.000019 seconds.
  path: Assets/Third-Party/Pastel Icons/resource/style02/shape009_style02_color02.png
  artifactKey: Guid(f36fb43f07462ec4fa34d95f6d2316a4) Importer(815301076,1909f56bfc062723c751e8b465ee728b)
Start importing Assets/Third-Party/Pastel Icons/resource/style02/shape009_style02_color02.png using Guid(f36fb43f07462ec4fa34d95f6d2316a4) Importer(815301076,1909f56bfc062723c751e8b465ee728b) (PreviewImporter) -> (artifact id: '334ae1a4859d75778264cece810f3b9d') in 0.0138508 seconds
Number of updated asset objects reloaded before import = 0Number of asset objects unloaded after import = 3

========================================================================
Received Import Request.
  Time since last request: 0.420055 seconds.
  path: Assets/Third-Party/Pastel Icons/resource/style02/shape009_style02_color03.png
  artifactKey: Guid(4b07302172a064b4892c3acae1366ef8) Importer(815301076,1909f56bfc062723c751e8b465ee728b)
Start importing Assets/Third-Party/Pastel Icons/resource/style02/shape009_style02_color03.png using Guid(4b07302172a064b4892c3acae1366ef8) Importer(815301076,1909f56bfc062723c751e8b465ee728b) (PreviewImporter) -> (artifact id: '1188c7389392a326424a20a211a43228') in 0.0155513 seconds
Number of updated asset objects reloaded before import = 0Number of asset objects unloaded after import = 3

========================================================================
Received Import Request.
  Time since last request: 0.000016 seconds.
  path: Assets/Third-Party/Pastel Icons/resource/style02/shape009_style02_color06.png
  artifactKey: Guid(85e47b03be07131459f820ce22fa4745) Importer(815301076,1909f56bfc062723c751e8b465ee728b)
Start importing Assets/Third-Party/Pastel Icons/resource/style02/shape009_style02_color06.png using Guid(85e47b03be07131459f820ce22fa4745) Importer(815301076,1909f56bfc062723c751e8b465ee728b) (PreviewImporter) -> (artifact id: '6a4ed6ec61105fc293947ae93a5c00ef') in 0.0137851 seconds
Number of updated asset objects reloaded before import = 0Number of asset objects unloaded after import = 3

========================================================================
Received Import Request.
  Time since last request: 0.027206 seconds.
  path: Assets/Third-Party/Pastel Icons/resource/style02/shape009_style02_color08.png
  artifactKey: Guid(da002995ed3706b4598199f3af47eb70) Importer(815301076,1909f56bfc062723c751e8b465ee728b)
Start importing Assets/Third-Party/Pastel Icons/resource/style02/shape009_style02_color08.png using Guid(da002995ed3706b4598199f3af47eb70) Importer(815301076,1909f56bfc062723c751e8b465ee728b) (PreviewImporter) -> (artifact id: '585848b1aff3ae1fa3c18181ecdcdcb7') in 0.0146394 seconds
Number of updated asset objects reloaded before import = 0Number of asset objects unloaded after import = 3

========================================================================
Received Import Request.
  Time since last request: 0.000017 seconds.
  path: Assets/Third-Party/Pastel Icons/resource/style03/shape009_style03_color01.png
  artifactKey: Guid(3013b0b68d2b18144be7308a84fa8eee) Importer(815301076,1909f56bfc062723c751e8b465ee728b)
Start importing Assets/Third-Party/Pastel Icons/resource/style03/shape009_style03_color01.png using Guid(3013b0b68d2b18144be7308a84fa8eee) Importer(815301076,1909f56bfc062723c751e8b465ee728b) (PreviewImporter) -> (artifact id: '49f0a4ee38dade44d8038cda87334b58') in 0.0138661 seconds
Number of updated asset objects reloaded before import = 0Number of asset objects unloaded after import = 3

========================================================================
Received Import Request.
  Time since last request: 0.000016 seconds.
  path: Assets/Third-Party/Pastel Icons/resource/style03/shape009_style03_color03.png
  artifactKey: Guid(342da98b36f3f4a4aaf9e3ae1cf7372a) Importer(815301076,1909f56bfc062723c751e8b465ee728b)
Start importing Assets/Third-Party/Pastel Icons/resource/style03/shape009_style03_color03.png using Guid(342da98b36f3f4a4aaf9e3ae1cf7372a) Importer(815301076,1909f56bfc062723c751e8b465ee728b) (PreviewImporter) -> (artifact id: '910c929265619ed9f61d110af4564969') in 0.0230724 seconds
Number of updated asset objects reloaded before import = 0Number of asset objects unloaded after import = 3

========================================================================
Received Import Request.
  Time since last request: 0.000016 seconds.
  path: Assets/Third-Party/Pastel Icons/resource/style03/shape009_style03_color02.png
  artifactKey: Guid(bce4443492432994cbd5e985d42149ea) Importer(815301076,1909f56bfc062723c751e8b465ee728b)
Start importing Assets/Third-Party/Pastel Icons/resource/style03/shape009_style03_color02.png using Guid(bce4443492432994cbd5e985d42149ea) Importer(815301076,1909f56bfc062723c751e8b465ee728b) (PreviewImporter) -> (artifact id: 'f13db4c0bd264e37c6d5ffde0a8aa31c') in 0.0126838 seconds
Number of updated asset objects reloaded before import = 0Number of asset objects unloaded after import = 3

========================================================================
Received Import Request.
  Time since last request: 0.386573 seconds.
  path: Assets/Third-Party/Pastel Icons/resource/style03/shape009_style03_color06.png
  artifactKey: Guid(a36d7331b57ad0e4291c5eff45c7dd3c) Importer(815301076,1909f56bfc062723c751e8b465ee728b)
Start importing Assets/Third-Party/Pastel Icons/resource/style03/shape009_style03_color06.png using Guid(a36d7331b57ad0e4291c5eff45c7dd3c) Importer(815301076,1909f56bfc062723c751e8b465ee728b) (PreviewImporter) -> (artifact id: 'e433d1891f201a3d267ba8d9e5c67697') in 0.0203128 seconds
Number of updated asset objects reloaded before import = 0Number of asset objects unloaded after import = 3

========================================================================
Received Import Request.
  Time since last request: 0.000016 seconds.
  path: Assets/Third-Party/Pastel Icons/resource/style03/shape009_style03_color10.png
  artifactKey: Guid(ec84e4634a5c32147adec59cabf40300) Importer(815301076,1909f56bfc062723c751e8b465ee728b)
Start importing Assets/Third-Party/Pastel Icons/resource/style03/shape009_style03_color10.png using Guid(ec84e4634a5c32147adec59cabf40300) Importer(815301076,1909f56bfc062723c751e8b465ee728b) (PreviewImporter) -> (artifact id: '54cc5145e01fb5e61ff880909f1b4614') in 0.0131676 seconds
Number of updated asset objects reloaded before import = 0Number of asset objects unloaded after import = 3

========================================================================
Received Import Request.
  Time since last request: 0.001812 seconds.
  path: Assets/Third-Party/Pastel Icons/resource/style03/shape009_style03_color11.png
  artifactKey: Guid(a73a521bf49e4944988918d7e7748477) Importer(815301076,1909f56bfc062723c751e8b465ee728b)
Start importing Assets/Third-Party/Pastel Icons/resource/style03/shape009_style03_color11.png using Guid(a73a521bf49e4944988918d7e7748477) Importer(815301076,1909f56bfc062723c751e8b465ee728b) (PreviewImporter) -> (artifact id: '1287c88680cfd532b657a283acdb0d74') in 0.0145533 seconds
Number of updated asset objects reloaded before import = 0Number of asset objects unloaded after import = 3

========================================================================
Received Import Request.
  Time since last request: 0.414934 seconds.
  path: Assets/Third-Party/Pastel Icons/resource/style01/shape010_style01_color04.png
  artifactKey: Guid(e491c8fe830238e44a9ec079d18f3c47) Importer(815301076,1909f56bfc062723c751e8b465ee728b)
Start importing Assets/Third-Party/Pastel Icons/resource/style01/shape010_style01_color04.png using Guid(e491c8fe830238e44a9ec079d18f3c47) Importer(815301076,1909f56bfc062723c751e8b465ee728b) (PreviewImporter) -> (artifact id: '3b1f10ef7bc0b7dfc6e860f7a0a9f648') in 0.0164482 seconds
Number of updated asset objects reloaded before import = 0Number of asset objects unloaded after import = 3

========================================================================
Received Import Request.
  Time since last request: 0.000019 seconds.
  path: Assets/Third-Party/Pastel Icons/resource/style01/shape010_style01_color07.png
  artifactKey: Guid(80167f6d72749d043b0c5bcb59474f2c) Importer(815301076,1909f56bfc062723c751e8b465ee728b)
Start importing Assets/Third-Party/Pastel Icons/resource/style01/shape010_style01_color07.png using Guid(80167f6d72749d043b0c5bcb59474f2c) Importer(815301076,1909f56bfc062723c751e8b465ee728b) (PreviewImporter) -> (artifact id: '91206bcd7a07f1c4ce7402d53fa95b2f') in 0.0147444 seconds
Number of updated asset objects reloaded before import = 0Number of asset objects unloaded after import = 3

========================================================================
Received Import Request.
  Time since last request: 0.000021 seconds.
  path: Assets/Third-Party/Pastel Icons/resource/style01/shape010_style01_color12.png
  artifactKey: Guid(72a17d692cebc3d468d4664d3898817c) Importer(815301076,1909f56bfc062723c751e8b465ee728b)
Start importing Assets/Third-Party/Pastel Icons/resource/style01/shape010_style01_color12.png using Guid(72a17d692cebc3d468d4664d3898817c) Importer(815301076,1909f56bfc062723c751e8b465ee728b) (PreviewImporter) -> (artifact id: 'c309bad6e855808a5a97ae32fa1ceee7') in 0.0184128 seconds
Number of updated asset objects reloaded before import = 0Number of asset objects unloaded after import = 3

========================================================================
Received Import Request.
  Time since last request: 0.030696 seconds.
  path: Assets/Third-Party/Pastel Icons/resource/style02/shape010_style02_color02.png
  artifactKey: Guid(f6a1050a40dfe3747894ddd93ddecb4c) Importer(815301076,1909f56bfc062723c751e8b465ee728b)
Start importing Assets/Third-Party/Pastel Icons/resource/style02/shape010_style02_color02.png using Guid(f6a1050a40dfe3747894ddd93ddecb4c) Importer(815301076,1909f56bfc062723c751e8b465ee728b) (PreviewImporter) -> (artifact id: 'eb898e0c660062e8c2259de8ee7cf008') in 0.0147989 seconds
Number of updated asset objects reloaded before import = 0Number of asset objects unloaded after import = 3

========================================================================
Received Import Request.
  Time since last request: 0.000018 seconds.
  path: Assets/Third-Party/Pastel Icons/resource/style02/shape010_style02_color06.png
  artifactKey: Guid(2315163f7bbba6046bc5943b41bb5e24) Importer(815301076,1909f56bfc062723c751e8b465ee728b)
Start importing Assets/Third-Party/Pastel Icons/resource/style02/shape010_style02_color06.png using Guid(2315163f7bbba6046bc5943b41bb5e24) Importer(815301076,1909f56bfc062723c751e8b465ee728b) (PreviewImporter) -> (artifact id: '81eecf261b9868a8c11771855e44f6fc') in 0.0137926 seconds
Number of updated asset objects reloaded before import = 0Number of asset objects unloaded after import = 3

========================================================================
Received Import Request.
  Time since last request: 0.344519 seconds.
  path: Assets/Third-Party/Pastel Icons/resource/style02/shape010_style02_color07.png
  artifactKey: Guid(f4fbcb2a0cf82c34dad7b245679141d6) Importer(815301076,1909f56bfc062723c751e8b465ee728b)
Start importing Assets/Third-Party/Pastel Icons/resource/style02/shape010_style02_color07.png using Guid(f4fbcb2a0cf82c34dad7b245679141d6) Importer(815301076,1909f56bfc062723c751e8b465ee728b) (PreviewImporter) -> (artifact id: 'f6488bf6ebc599d9d64542124b5595c9') in 0.0151682 seconds
Number of updated asset objects reloaded before import = 0Number of asset objects unloaded after import = 3

========================================================================
Received Import Request.
  Time since last request: 0.000017 seconds.
  path: Assets/Third-Party/Pastel Icons/resource/style02/shape010_style02_color10.png
  artifactKey: Guid(b49c4d3015a8ceb4a88c0b3f85c5c4be) Importer(815301076,1909f56bfc062723c751e8b465ee728b)
Start importing Assets/Third-Party/Pastel Icons/resource/style02/shape010_style02_color10.png using Guid(b49c4d3015a8ceb4a88c0b3f85c5c4be) Importer(815301076,1909f56bfc062723c751e8b465ee728b) (PreviewImporter) -> (artifact id: 'b5090390b40c29104bf0ff3341fea15a') in 0.0140422 seconds
Number of updated asset objects reloaded before import = 0Number of asset objects unloaded after import = 3

========================================================================
Received Import Request.
  Time since last request: 0.018985 seconds.
  path: Assets/Third-Party/Pastel Icons/resource/style02/shape010_style02_color12.png
  artifactKey: Guid(f153fa3b797abe945a49793474e58958) Importer(815301076,1909f56bfc062723c751e8b465ee728b)
Start importing Assets/Third-Party/Pastel Icons/resource/style02/shape010_style02_color12.png using Guid(f153fa3b797abe945a49793474e58958) Importer(815301076,1909f56bfc062723c751e8b465ee728b) (PreviewImporter) -> (artifact id: '438291b3fde5c33ddad3de76ce67dfaf') in 0.0147641 seconds
Number of updated asset objects reloaded before import = 0Number of asset objects unloaded after import = 3

========================================================================
Received Import Request.
  Time since last request: 0.000015 seconds.
  path: Assets/Third-Party/Pastel Icons/resource/style03/shape010_style03_color03.png
  artifactKey: Guid(9fa215ab942c6824aba37831f11ff662) Importer(815301076,1909f56bfc062723c751e8b465ee728b)
Start importing Assets/Third-Party/Pastel Icons/resource/style03/shape010_style03_color03.png using Guid(9fa215ab942c6824aba37831f11ff662) Importer(815301076,1909f56bfc062723c751e8b465ee728b) (PreviewImporter) -> (artifact id: '5bd7ff4d689ec5a7fde65b5e2ecf8474') in 0.0138184 seconds
Number of updated asset objects reloaded before import = 0Number of asset objects unloaded after import = 3

========================================================================
Received Import Request.
  Time since last request: 0.401811 seconds.
  path: Assets/Third-Party/Pastel Icons/resource/style03/shape010_style03_color05.png
  artifactKey: Guid(d8fd8e77aeb1bb74e8f2d8eb30962b90) Importer(815301076,1909f56bfc062723c751e8b465ee728b)
Start importing Assets/Third-Party/Pastel Icons/resource/style03/shape010_style03_color05.png using Guid(d8fd8e77aeb1bb74e8f2d8eb30962b90) Importer(815301076,1909f56bfc062723c751e8b465ee728b) (PreviewImporter) -> (artifact id: '16c8ad08b4bdb092c5ae53a9b48170b3') in 0.0156634 seconds
Number of updated asset objects reloaded before import = 0Number of asset objects unloaded after import = 3

========================================================================
Received Import Request.
  Time since last request: 0.000015 seconds.
  path: Assets/Third-Party/Pastel Icons/resource/style03/shape010_style03_color08.png
  artifactKey: Guid(30028e7cc270ada43b06dcaf889f5f61) Importer(815301076,1909f56bfc062723c751e8b465ee728b)
Start importing Assets/Third-Party/Pastel Icons/resource/style03/shape010_style03_color08.png using Guid(30028e7cc270ada43b06dcaf889f5f61) Importer(815301076,1909f56bfc062723c751e8b465ee728b) (PreviewImporter) -> (artifact id: '6b58f56a5faf7924a03534863ee7f0f6') in 0.0139543 seconds
Number of updated asset objects reloaded before import = 0Number of asset objects unloaded after import = 3

========================================================================
Received Import Request.
  Time since last request: 0.016197 seconds.
  path: Assets/Third-Party/Pastel Icons/resource/style03/shape010_style03_color10.png
  artifactKey: Guid(ed43e90edf7f9364fa97d7c7aedc97b5) Importer(815301076,1909f56bfc062723c751e8b465ee728b)
Start importing Assets/Third-Party/Pastel Icons/resource/style03/shape010_style03_color10.png using Guid(ed43e90edf7f9364fa97d7c7aedc97b5) Importer(815301076,1909f56bfc062723c751e8b465ee728b) (PreviewImporter) -> (artifact id: '049cacd1a907290c715fc7e9cf93a4cd') in 0.0146608 seconds
Number of updated asset objects reloaded before import = 0Number of asset objects unloaded after import = 3

========================================================================
Received Import Request.
  Time since last request: 0.000017 seconds.
  path: Assets/Third-Party/Pastel Icons/resource/style01/shape011_style01_color02.png
  artifactKey: Guid(43cf3f53164b475489cfdb7c38519f3a) Importer(815301076,1909f56bfc062723c751e8b465ee728b)
Start importing Assets/Third-Party/Pastel Icons/resource/style01/shape011_style01_color02.png using Guid(43cf3f53164b475489cfdb7c38519f3a) Importer(815301076,1909f56bfc062723c751e8b465ee728b) (PreviewImporter) -> (artifact id: '4813c79b3098772a955a250ed9d7eb23') in 0.0132506 seconds
Number of updated asset objects reloaded before import = 0Number of asset objects unloaded after import = 3

========================================================================
Received Import Request.
  Time since last request: 0.018252 seconds.
  path: Assets/Third-Party/Pastel Icons/resource/style01/shape011_style01_color03.png
  artifactKey: Guid(e0dd3eeebdeba5b418f34d0e5b9ac203) Importer(815301076,1909f56bfc062723c751e8b465ee728b)
Start importing Assets/Third-Party/Pastel Icons/resource/style01/shape011_style01_color03.png using Guid(e0dd3eeebdeba5b418f34d0e5b9ac203) Importer(815301076,1909f56bfc062723c751e8b465ee728b) (PreviewImporter) -> (artifact id: '0a5a96c867379c2e4419d8e5e3b11617') in 0.0142708 seconds
Number of updated asset objects reloaded before import = 0Number of asset objects unloaded after import = 3

========================================================================
Received Import Request.
  Time since last request: 0.000014 seconds.
  path: Assets/Third-Party/Pastel Icons/resource/style01/shape011_style01_color06.png
  artifactKey: Guid(4dbe8e7091943c144b7c36f1c45c563c) Importer(815301076,1909f56bfc062723c751e8b465ee728b)
Start importing Assets/Third-Party/Pastel Icons/resource/style01/shape011_style01_color06.png using Guid(4dbe8e7091943c144b7c36f1c45c563c) Importer(815301076,1909f56bfc062723c751e8b465ee728b) (PreviewImporter) -> (artifact id: 'aa77df5520241daa73fc51518f17c48b') in 0.014235 seconds
Number of updated asset objects reloaded before import = 0Number of asset objects unloaded after import = 3

========================================================================
Received Import Request.
  Time since last request: 0.000018 seconds.
  path: Assets/Third-Party/Pastel Icons/resource/style01/shape011_style01_color12.png
  artifactKey: Guid(47ca1aae1b67e65419392d4dc0e144ab) Importer(815301076,1909f56bfc062723c751e8b465ee728b)
Start importing Assets/Third-Party/Pastel Icons/resource/style01/shape011_style01_color12.png using Guid(47ca1aae1b67e65419392d4dc0e144ab) Importer(815301076,1909f56bfc062723c751e8b465ee728b) (PreviewImporter) -> (artifact id: '4ed8da8cfbf26a00cea0c73e1eac51da') in 0.0143733 seconds
Number of updated asset objects reloaded before import = 0Number of asset objects unloaded after import = 3

========================================================================
Received Import Request.
  Time since last request: 0.000029 seconds.
  path: Assets/Third-Party/Pastel Icons/resource/style01/shape011_style01_color08.png
  artifactKey: Guid(f6225244deff3694eb5ff6a34082db5f) Importer(815301076,1909f56bfc062723c751e8b465ee728b)
Start importing Assets/Third-Party/Pastel Icons/resource/style01/shape011_style01_color08.png using Guid(f6225244deff3694eb5ff6a34082db5f) Importer(815301076,1909f56bfc062723c751e8b465ee728b) (PreviewImporter) -> (artifact id: 'a76e6e5fa08e23213d156e198562e27a') in 0.0124678 seconds
Number of updated asset objects reloaded before import = 0Number of asset objects unloaded after import = 3

========================================================================
Received Import Request.
  Time since last request: 0.344731 seconds.
  path: Assets/Third-Party/Pastel Icons/resource/style02/shape011_style02_color01.png
  artifactKey: Guid(226641e5d3991b64d8db72a065fd5d08) Importer(815301076,1909f56bfc062723c751e8b465ee728b)
Start importing Assets/Third-Party/Pastel Icons/resource/style02/shape011_style02_color01.png using Guid(226641e5d3991b64d8db72a065fd5d08) Importer(815301076,1909f56bfc062723c751e8b465ee728b) (PreviewImporter) -> (artifact id: '3dfa68e7cd685d4a5c642601901075ca') in 0.0158998 seconds
Number of updated asset objects reloaded before import = 0Number of asset objects unloaded after import = 3

========================================================================
Received Import Request.
  Time since last request: 0.000015 seconds.
  path: Assets/Third-Party/Pastel Icons/resource/style02/shape011_style02_color05.png
  artifactKey: Guid(942f56f3178b16c4cb9b933f2e3d2c69) Importer(815301076,1909f56bfc062723c751e8b465ee728b)
Start importing Assets/Third-Party/Pastel Icons/resource/style02/shape011_style02_color05.png using Guid(942f56f3178b16c4cb9b933f2e3d2c69) Importer(815301076,1909f56bfc062723c751e8b465ee728b) (PreviewImporter) -> (artifact id: 'a0d4342e913a56ed9225855f1d7817b7') in 0.0141357 seconds
Number of updated asset objects reloaded before import = 0Number of asset objects unloaded after import = 3

========================================================================
Received Import Request.
  Time since last request: 0.016886 seconds.
  path: Assets/Third-Party/Pastel Icons/resource/style02/shape011_style02_color07.png
  artifactKey: Guid(4b309b67981ab184f852b7be32e28983) Importer(815301076,1909f56bfc062723c751e8b465ee728b)
Start importing Assets/Third-Party/Pastel Icons/resource/style02/shape011_style02_color07.png using Guid(4b309b67981ab184f852b7be32e28983) Importer(815301076,1909f56bfc062723c751e8b465ee728b) (PreviewImporter) -> (artifact id: 'ff38735870276216dee1b346a9088c04') in 0.0149021 seconds
Number of updated asset objects reloaded before import = 0Number of asset objects unloaded after import = 3

========================================================================
Received Import Request.
  Time since last request: 0.305559 seconds.
  path: Assets/Third-Party/Pastel Icons/resource/style03/shape011_style03_color01.png
  artifactKey: Guid(a049dd8a7f8158741beee3c60b03c961) Importer(815301076,1909f56bfc062723c751e8b465ee728b)
Start importing Assets/Third-Party/Pastel Icons/resource/style03/shape011_style03_color01.png using Guid(a049dd8a7f8158741beee3c60b03c961) Importer(815301076,1909f56bfc062723c751e8b465ee728b) (PreviewImporter) -> (artifact id: 'eec68f8c923c4f6428f300a1482d9d1b') in 0.0152085 seconds
Number of updated asset objects reloaded before import = 0Number of asset objects unloaded after import = 3

========================================================================
Received Import Request.
  Time since last request: 0.018458 seconds.
  path: Assets/Third-Party/Pastel Icons/resource/style03/shape011_style03_color05.png
  artifactKey: Guid(528c084ff11e745428e9f0568e4af298) Importer(815301076,1909f56bfc062723c751e8b465ee728b)
Start importing Assets/Third-Party/Pastel Icons/resource/style03/shape011_style03_color05.png using Guid(528c084ff11e745428e9f0568e4af298) Importer(815301076,1909f56bfc062723c751e8b465ee728b) (PreviewImporter) -> (artifact id: 'e8c683456023220bf4cf58934c3a608f') in 0.0130417 seconds
Number of updated asset objects reloaded before import = 0Number of asset objects unloaded after import = 3

========================================================================
Received Import Request.
  Time since last request: 0.342896 seconds.
  path: Assets/Third-Party/Pastel Icons/resource/style01/shape012_style01_color02.png
  artifactKey: Guid(6f43163f6298cf94bbcce9bb7481e3ff) Importer(815301076,1909f56bfc062723c751e8b465ee728b)
Start importing Assets/Third-Party/Pastel Icons/resource/style01/shape012_style01_color02.png using Guid(6f43163f6298cf94bbcce9bb7481e3ff) Importer(815301076,1909f56bfc062723c751e8b465ee728b) (PreviewImporter) -> (artifact id: '66f816ff8e7afe0889d828391655d2e0') in 0.0162831 seconds
Number of updated asset objects reloaded before import = 0Number of asset objects unloaded after import = 3

========================================================================
Received Import Request.
  Time since last request: 0.000015 seconds.
  path: Assets/Third-Party/Pastel Icons/resource/style01/shape012_style01_color10.png
  artifactKey: Guid(bd2e540dc02e42d49adccacae7971651) Importer(815301076,1909f56bfc062723c751e8b465ee728b)
Start importing Assets/Third-Party/Pastel Icons/resource/style01/shape012_style01_color10.png using Guid(bd2e540dc02e42d49adccacae7971651) Importer(815301076,1909f56bfc062723c751e8b465ee728b) (PreviewImporter) -> (artifact id: '1c02166b582658843c9898e242eb1311') in 0.014456 seconds
Number of updated asset objects reloaded before import = 0Number of asset objects unloaded after import = 3

========================================================================
Received Import Request.
  Time since last request: 0.000017 seconds.
  path: Assets/Third-Party/Pastel Icons/resource/style01/shape012_style01_color08.png
  artifactKey: Guid(d0f829b32fa796e4489a37783db82512) Importer(815301076,1909f56bfc062723c751e8b465ee728b)
Start importing Assets/Third-Party/Pastel Icons/resource/style01/shape012_style01_color08.png using Guid(d0f829b32fa796e4489a37783db82512) Importer(815301076,1909f56bfc062723c751e8b465ee728b) (PreviewImporter) -> (artifact id: 'f6014ddc3f7f114df51cc5124ae197df') in 0.0132188 seconds
Number of updated asset objects reloaded before import = 0Number of asset objects unloaded after import = 3

========================================================================
Received Import Request.
  Time since last request: 0.000021 seconds.
  path: Assets/Third-Party/Pastel Icons/resource/style01/shape012_style01_color05.png
  artifactKey: Guid(d3eb21957a32ae34d9b1148780f5555f) Importer(815301076,1909f56bfc062723c751e8b465ee728b)
Start importing Assets/Third-Party/Pastel Icons/resource/style01/shape012_style01_color05.png using Guid(d3eb21957a32ae34d9b1148780f5555f) Importer(815301076,1909f56bfc062723c751e8b465ee728b) (PreviewImporter) -> (artifact id: '4291e5a8aced08366049382402eb78aa') in 0.0126656 seconds
Number of updated asset objects reloaded before import = 0Number of asset objects unloaded after import = 3

========================================================================
Received Import Request.
  Time since last request: 0.007126 seconds.
  path: Assets/Third-Party/Pastel Icons/resource/style01/shape012_style01_color12.png
  artifactKey: Guid(27eca151904cead4ab97526cb122b0a0) Importer(815301076,1909f56bfc062723c751e8b465ee728b)
Start importing Assets/Third-Party/Pastel Icons/resource/style01/shape012_style01_color12.png using Guid(27eca151904cead4ab97526cb122b0a0) Importer(815301076,1909f56bfc062723c751e8b465ee728b) (PreviewImporter) -> (artifact id: '8bb7c47a3fa41ebb6d180c8ba6cf1f23') in 0.0142846 seconds
Number of updated asset objects reloaded before import = 0Number of asset objects unloaded after import = 3

========================================================================
Received Import Request.
  Time since last request: 0.000018 seconds.
  path: Assets/Third-Party/Pastel Icons/resource/style02/shape012_style02_color03.png
  artifactKey: Guid(7f4a01385e4e4d0479554bf800ff856b) Importer(815301076,1909f56bfc062723c751e8b465ee728b)
Start importing Assets/Third-Party/Pastel Icons/resource/style02/shape012_style02_color03.png using Guid(7f4a01385e4e4d0479554bf800ff856b) Importer(815301076,1909f56bfc062723c751e8b465ee728b) (PreviewImporter) -> (artifact id: 'a5842640005d3fc090070adc0893946f') in 0.0133025 seconds
Number of updated asset objects reloaded before import = 0Number of asset objects unloaded after import = 3

========================================================================
Received Import Request.
  Time since last request: 0.228552 seconds.
  path: Assets/Third-Party/Pastel Icons/resource/style02/shape012_style02_color05.png
  artifactKey: Guid(6e01eea4dbad5764caf5bf8b04c942bb) Importer(815301076,1909f56bfc062723c751e8b465ee728b)
Start importing Assets/Third-Party/Pastel Icons/resource/style02/shape012_style02_color05.png using Guid(6e01eea4dbad5764caf5bf8b04c942bb) Importer(815301076,1909f56bfc062723c751e8b465ee728b) (PreviewImporter) -> (artifact id: '18c125f9f1cd0a0c50eaab8b92e4298d') in 0.0152815 seconds
Number of updated asset objects reloaded before import = 0Number of asset objects unloaded after import = 3

========================================================================
Received Import Request.
  Time since last request: 0.045504 seconds.
  path: Assets/Third-Party/Pastel Icons/resource/style02/shape012_style02_color10.png
  artifactKey: Guid(9cb1262123edf6d459aa66c53b9eb68a) Importer(815301076,1909f56bfc062723c751e8b465ee728b)
Start importing Assets/Third-Party/Pastel Icons/resource/style02/shape012_style02_color10.png using Guid(9cb1262123edf6d459aa66c53b9eb68a) Importer(815301076,1909f56bfc062723c751e8b465ee728b) (PreviewImporter) -> (artifact id: 'b30dbda17e388d56184f7e994569e1d4') in 0.0188458 seconds
Number of updated asset objects reloaded before import = 0Number of asset objects unloaded after import = 3

========================================================================
Received Import Request.
  Time since last request: 0.000014 seconds.
  path: Assets/Third-Party/Pastel Icons/resource/style03/shape012_style03_color07.png
  artifactKey: Guid(2ed66e024fa09f740bc6f40b86f2215a) Importer(815301076,1909f56bfc062723c751e8b465ee728b)
Start importing Assets/Third-Party/Pastel Icons/resource/style03/shape012_style03_color07.png using Guid(2ed66e024fa09f740bc6f40b86f2215a) Importer(815301076,1909f56bfc062723c751e8b465ee728b) (PreviewImporter) -> (artifact id: '1945b61cd0c230f23b9fb7b738f94414') in 0.0129656 seconds
Number of updated asset objects reloaded before import = 0Number of asset objects unloaded after import = 3

========================================================================
Received Import Request.
  Time since last request: 0.000015 seconds.
  path: Assets/Third-Party/Pastel Icons/resource/style03/shape012_style03_color03.png
  artifactKey: Guid(ed9888d56309e484986598c4a43c50de) Importer(815301076,1909f56bfc062723c751e8b465ee728b)
Start importing Assets/Third-Party/Pastel Icons/resource/style03/shape012_style03_color03.png using Guid(ed9888d56309e484986598c4a43c50de) Importer(815301076,1909f56bfc062723c751e8b465ee728b) (PreviewImporter) -> (artifact id: 'dc2effda5fee62d36762607ae2fc84a3') in 0.0124194 seconds
Number of updated asset objects reloaded before import = 0Number of asset objects unloaded after import = 3

========================================================================
Received Import Request.
  Time since last request: 0.000016 seconds.
  path: Assets/Third-Party/Pastel Icons/resource/style03/shape012_style03_color06.png
  artifactKey: Guid(8321f216c3003f24ea774dd1554e0742) Importer(815301076,1909f56bfc062723c751e8b465ee728b)
Start importing Assets/Third-Party/Pastel Icons/resource/style03/shape012_style03_color06.png using Guid(8321f216c3003f24ea774dd1554e0742) Importer(815301076,1909f56bfc062723c751e8b465ee728b) (PreviewImporter) -> (artifact id: '97cf02901de87aab271998c73f771add') in 0.0131139 seconds
Number of updated asset objects reloaded before import = 0Number of asset objects unloaded after import = 3

========================================================================
Received Import Request.
  Time since last request: 0.021507 seconds.
  path: Assets/Third-Party/Pastel Icons/resource/style03/shape012_style03_color08.png
  artifactKey: Guid(11c976dc1ac36a043b1ee5516d86fc12) Importer(815301076,1909f56bfc062723c751e8b465ee728b)
Start importing Assets/Third-Party/Pastel Icons/resource/style03/shape012_style03_color08.png using Guid(11c976dc1ac36a043b1ee5516d86fc12) Importer(815301076,1909f56bfc062723c751e8b465ee728b) (PreviewImporter) -> (artifact id: 'ecf5aef6ad8b40bdef060653b1f3fb89') in 0.0145306 seconds
Number of updated asset objects reloaded before import = 0Number of asset objects unloaded after import = 3

========================================================================
Received Import Request.
  Time since last request: 0.328904 seconds.
  path: Assets/Third-Party/Pastel Icons/resource/style01/shape013_style01_color01.png
  artifactKey: Guid(2325fb5b416374d4a844e943fa8a30a6) Importer(815301076,1909f56bfc062723c751e8b465ee728b)
Start importing Assets/Third-Party/Pastel Icons/resource/style01/shape013_style01_color01.png using Guid(2325fb5b416374d4a844e943fa8a30a6) Importer(815301076,1909f56bfc062723c751e8b465ee728b) (PreviewImporter) -> (artifact id: 'f672209b2dff6a96c8a390f62917b879') in 0.0399803 seconds
Number of updated asset objects reloaded before import = 0Number of asset objects unloaded after import = 3

========================================================================
Received Import Request.
  Time since last request: 0.000016 seconds.
  path: Assets/Third-Party/Pastel Icons/resource/style01/shape013_style01_color08.png
  artifactKey: Guid(18c7c95654c3f6842a4dea301fc4564e) Importer(815301076,1909f56bfc062723c751e8b465ee728b)
Start importing Assets/Third-Party/Pastel Icons/resource/style01/shape013_style01_color08.png using Guid(18c7c95654c3f6842a4dea301fc4564e) Importer(815301076,1909f56bfc062723c751e8b465ee728b) (PreviewImporter) -> (artifact id: '6e91fcc155f77d519f9525b6c9960aba') in 0.0138289 seconds
Number of updated asset objects reloaded before import = 0Number of asset objects unloaded after import = 3

========================================================================
Received Import Request.
  Time since last request: 0.000019 seconds.
  path: Assets/Third-Party/Pastel Icons/resource/style01/shape013_style01_color09.png
  artifactKey: Guid(2b8c37e598a77b54196dc862818bb063) Importer(815301076,1909f56bfc062723c751e8b465ee728b)
Start importing Assets/Third-Party/Pastel Icons/resource/style01/shape013_style01_color09.png using Guid(2b8c37e598a77b54196dc862818bb063) Importer(815301076,1909f56bfc062723c751e8b465ee728b) (PreviewImporter) -> (artifact id: '3d23a2aae91840d9d226e491b4215877') in 0.014016 seconds
Number of updated asset objects reloaded before import = 0Number of asset objects unloaded after import = 3

========================================================================
Received Import Request.
  Time since last request: 0.000016 seconds.
  path: Assets/Third-Party/Pastel Icons/resource/style01/shape013_style01_color10.png
  artifactKey: Guid(d492ce136dd48f54ca8776851b1daba4) Importer(815301076,1909f56bfc062723c751e8b465ee728b)
Start importing Assets/Third-Party/Pastel Icons/resource/style01/shape013_style01_color10.png using Guid(d492ce136dd48f54ca8776851b1daba4) Importer(815301076,1909f56bfc062723c751e8b465ee728b) (PreviewImporter) -> (artifact id: '725167532c2c8045b968f2aa3a666e43') in 0.0135427 seconds
Number of updated asset objects reloaded before import = 0Number of asset objects unloaded after import = 3

========================================================================
Received Import Request.
  Time since last request: 0.000020 seconds.
  path: Assets/Third-Party/Pastel Icons/resource/style02/shape013_style02_color01.png
  artifactKey: Guid(ebe2cd9cacc9fa94e8f2d37f899b15c4) Importer(815301076,1909f56bfc062723c751e8b465ee728b)
Start importing Assets/Third-Party/Pastel Icons/resource/style02/shape013_style02_color01.png using Guid(ebe2cd9cacc9fa94e8f2d37f899b15c4) Importer(815301076,1909f56bfc062723c751e8b465ee728b) (PreviewImporter) -> (artifact id: 'fb9b853d293cfbb9092633f8de806792') in 0.0138461 seconds
Number of updated asset objects reloaded before import = 0Number of asset objects unloaded after import = 3

========================================================================
Received Import Request.
  Time since last request: 0.269409 seconds.
  path: Assets/Third-Party/Pastel Icons/resource/style02/shape013_style02_color04.png
  artifactKey: Guid(f2e181b8a87fb2f47bb1d563e9538907) Importer(815301076,1909f56bfc062723c751e8b465ee728b)
Start importing Assets/Third-Party/Pastel Icons/resource/style02/shape013_style02_color04.png using Guid(f2e181b8a87fb2f47bb1d563e9538907) Importer(815301076,1909f56bfc062723c751e8b465ee728b) (PreviewImporter) -> (artifact id: 'a1a4366d6f8ed03e91f640612bc6bc29') in 0.0156961 seconds
Number of updated asset objects reloaded before import = 0Number of asset objects unloaded after import = 3

========================================================================
Received Import Request.
  Time since last request: 0.000015 seconds.
  path: Assets/Third-Party/Pastel Icons/resource/style02/shape013_style02_color07.png
  artifactKey: Guid(60fafafd9ef46194695f589719ddd16b) Importer(815301076,1909f56bfc062723c751e8b465ee728b)
Start importing Assets/Third-Party/Pastel Icons/resource/style02/shape013_style02_color07.png using Guid(60fafafd9ef46194695f589719ddd16b) Importer(815301076,1909f56bfc062723c751e8b465ee728b) (PreviewImporter) -> (artifact id: 'afab21ebab209e99e8a3c01c3c32be3a') in 0.0130065 seconds
Number of updated asset objects reloaded before import = 0Number of asset objects unloaded after import = 3

========================================================================
Received Import Request.
  Time since last request: 0.019130 seconds.
  path: Assets/Third-Party/Pastel Icons/resource/style02/shape013_style02_color09.png
  artifactKey: Guid(892df5fb997bc2e49956dd0a59194004) Importer(815301076,1909f56bfc062723c751e8b465ee728b)
Start importing Assets/Third-Party/Pastel Icons/resource/style02/shape013_style02_color09.png using Guid(892df5fb997bc2e49956dd0a59194004) Importer(815301076,1909f56bfc062723c751e8b465ee728b) (PreviewImporter) -> (artifact id: '1cc1030153729b0b2d1d31ccb637b190') in 0.0143665 seconds
Number of updated asset objects reloaded before import = 0Number of asset objects unloaded after import = 3

========================================================================
Received Import Request.
  Time since last request: 0.000015 seconds.
  path: Assets/Third-Party/Pastel Icons/resource/style03/shape013_style03_color01.png
  artifactKey: Guid(8cd56eb38a7377b43893a6b7606f824c) Importer(815301076,1909f56bfc062723c751e8b465ee728b)
Start importing Assets/Third-Party/Pastel Icons/resource/style03/shape013_style03_color01.png using Guid(8cd56eb38a7377b43893a6b7606f824c) Importer(815301076,1909f56bfc062723c751e8b465ee728b) (PreviewImporter) -> (artifact id: '18ac6c7655ecac43861e2827e95e44c2') in 0.0137725 seconds
Number of updated asset objects reloaded before import = 0Number of asset objects unloaded after import = 3

========================================================================
Received Import Request.
  Time since last request: 0.025590 seconds.
  path: Assets/Third-Party/Pastel Icons/resource/style03/shape013_style03_color02.png
  artifactKey: Guid(53fb171ad39c766409e8ff77a1242692) Importer(815301076,1909f56bfc062723c751e8b465ee728b)
Start importing Assets/Third-Party/Pastel Icons/resource/style03/shape013_style03_color02.png using Guid(53fb171ad39c766409e8ff77a1242692) Importer(815301076,1909f56bfc062723c751e8b465ee728b) (PreviewImporter) -> (artifact id: 'cbc1f0b063a703d2ded32671066f0169') in 0.0143563 seconds
Number of updated asset objects reloaded before import = 0Number of asset objects unloaded after import = 3

========================================================================
Received Import Request.
  Time since last request: 0.000018 seconds.
  path: Assets/Third-Party/Pastel Icons/resource/style03/shape013_style03_color05.png
  artifactKey: Guid(e9c613712f473e34eb95cae960147a13) Importer(815301076,1909f56bfc062723c751e8b465ee728b)
Start importing Assets/Third-Party/Pastel Icons/resource/style03/shape013_style03_color05.png using Guid(e9c613712f473e34eb95cae960147a13) Importer(815301076,1909f56bfc062723c751e8b465ee728b) (PreviewImporter) -> (artifact id: '5f89753697825b151f9a83184d3b70e7') in 0.0134635 seconds
Number of updated asset objects reloaded before import = 0Number of asset objects unloaded after import = 3

========================================================================
Received Import Request.
  Time since last request: 0.308707 seconds.
  path: Assets/Third-Party/Pastel Icons/resource/style03/shape013_style03_color07.png
  artifactKey: Guid(7716c0cb413a34c45b525af215c9a32f) Importer(815301076,1909f56bfc062723c751e8b465ee728b)
Start importing Assets/Third-Party/Pastel Icons/resource/style03/shape013_style03_color07.png using Guid(7716c0cb413a34c45b525af215c9a32f) Importer(815301076,1909f56bfc062723c751e8b465ee728b) (PreviewImporter) -> (artifact id: '30885ba2eeb993dc752a95b3440573f1') in 0.0150937 seconds
Number of updated asset objects reloaded before import = 0Number of asset objects unloaded after import = 3

========================================================================
Received Import Request.
  Time since last request: 0.000014 seconds.
  path: Assets/Third-Party/Pastel Icons/resource/style03/shape013_style03_color11.png
  artifactKey: Guid(7daa452e9b6d7cf49a7bf7fad802eda3) Importer(815301076,1909f56bfc062723c751e8b465ee728b)
Start importing Assets/Third-Party/Pastel Icons/resource/style03/shape013_style03_color11.png using Guid(7daa452e9b6d7cf49a7bf7fad802eda3) Importer(815301076,1909f56bfc062723c751e8b465ee728b) (PreviewImporter) -> (artifact id: 'ba807cc49f542fdcfc38c205eab4ea1d') in 0.0150596 seconds
Number of updated asset objects reloaded before import = 0Number of asset objects unloaded after import = 3

========================================================================
Received Import Request.
  Time since last request: 0.000017 seconds.
  path: Assets/Third-Party/Pastel Icons/resource/style01/shape014_style01_color04.png
  artifactKey: Guid(80d51605926280041bf6e169171f333b) Importer(815301076,1909f56bfc062723c751e8b465ee728b)
Start importing Assets/Third-Party/Pastel Icons/resource/style01/shape014_style01_color04.png using Guid(80d51605926280041bf6e169171f333b) Importer(815301076,1909f56bfc062723c751e8b465ee728b) (PreviewImporter) -> (artifact id: '2264afef70e910ed6705266c264ce32b') in 0.0145998 seconds
Number of updated asset objects reloaded before import = 0Number of asset objects unloaded after import = 3

========================================================================
Received Import Request.
  Time since last request: 0.000017 seconds.
  path: Assets/Third-Party/Pastel Icons/resource/style01/shape014_style01_color01.png
  artifactKey: Guid(2e699de920140e649992d4e0cf8ea377) Importer(815301076,1909f56bfc062723c751e8b465ee728b)
Start importing Assets/Third-Party/Pastel Icons/resource/style01/shape014_style01_color01.png using Guid(2e699de920140e649992d4e0cf8ea377) Importer(815301076,1909f56bfc062723c751e8b465ee728b) (PreviewImporter) -> (artifact id: '13140f71df07f4918389ff3a11f632f4') in 0.0141348 seconds
Number of updated asset objects reloaded before import = 0Number of asset objects unloaded after import = 3

========================================================================
Received Import Request.
  Time since last request: 0.007136 seconds.
  path: Assets/Third-Party/Pastel Icons/resource/style01/shape014_style01_color05.png
  artifactKey: Guid(fd1f80f55c329f34bae643b966dba66c) Importer(815301076,1909f56bfc062723c751e8b465ee728b)
Start importing Assets/Third-Party/Pastel Icons/resource/style01/shape014_style01_color05.png using Guid(fd1f80f55c329f34bae643b966dba66c) Importer(815301076,1909f56bfc062723c751e8b465ee728b) (PreviewImporter) -> (artifact id: 'd0918fb2c5715dda2ceb8e34087df7c3') in 0.0142857 seconds
Number of updated asset objects reloaded before import = 0Number of asset objects unloaded after import = 3

========================================================================
Received Import Request.
  Time since last request: 0.000020 seconds.
  path: Assets/Third-Party/Pastel Icons/resource/style01/shape014_style01_color09.png
  artifactKey: Guid(fcc174caf88c7c141965b6506ea3e9be) Importer(815301076,1909f56bfc062723c751e8b465ee728b)
Start importing Assets/Third-Party/Pastel Icons/resource/style01/shape014_style01_color09.png using Guid(fcc174caf88c7c141965b6506ea3e9be) Importer(815301076,1909f56bfc062723c751e8b465ee728b) (PreviewImporter) -> (artifact id: '7beaa8815b0d08400c4275e7c2c3d1b2') in 0.0132268 seconds
Number of updated asset objects reloaded before import = 0Number of asset objects unloaded after import = 3

========================================================================
Received Import Request.
  Time since last request: 0.277867 seconds.
  path: Assets/Third-Party/Pastel Icons/resource/style01/shape014_style01_color10.png
  artifactKey: Guid(3f9d6ac103462494291f793abcea84fd) Importer(815301076,1909f56bfc062723c751e8b465ee728b)
Start importing Assets/Third-Party/Pastel Icons/resource/style01/shape014_style01_color10.png using Guid(3f9d6ac103462494291f793abcea84fd) Importer(815301076,1909f56bfc062723c751e8b465ee728b) (PreviewImporter) -> (artifact id: 'a1500c196dae36653e398af40d92ef9d') in 0.0156976 seconds
Number of updated asset objects reloaded before import = 0Number of asset objects unloaded after import = 3

========================================================================
Received Import Request.
  Time since last request: 0.000014 seconds.
  path: Assets/Third-Party/Pastel Icons/resource/style02/shape014_style02_color01.png
  artifactKey: Guid(3dc1a09350dc428479dc236a0d028617) Importer(815301076,1909f56bfc062723c751e8b465ee728b)
Start importing Assets/Third-Party/Pastel Icons/resource/style02/shape014_style02_color01.png using Guid(3dc1a09350dc428479dc236a0d028617) Importer(815301076,1909f56bfc062723c751e8b465ee728b) (PreviewImporter) -> (artifact id: '56234a4346dcae4988aa48263084b8b8') in 0.0135571 seconds
Number of updated asset objects reloaded before import = 0Number of asset objects unloaded after import = 3

========================================================================
Received Import Request.
  Time since last request: 0.017718 seconds.
  path: Assets/Third-Party/Pastel Icons/resource/style02/shape014_style02_color03.png
  artifactKey: Guid(6cfc50d62cefd5f49ad1a9790ad00d2f) Importer(815301076,1909f56bfc062723c751e8b465ee728b)
Start importing Assets/Third-Party/Pastel Icons/resource/style02/shape014_style02_color03.png using Guid(6cfc50d62cefd5f49ad1a9790ad00d2f) Importer(815301076,1909f56bfc062723c751e8b465ee728b) (PreviewImporter) -> (artifact id: 'ad5d386cca49035712a7dda8b724344b') in 0.0146251 seconds
Number of updated asset objects reloaded before import = 0Number of asset objects unloaded after import = 3

========================================================================
Received Import Request.
  Time since last request: 0.000014 seconds.
  path: Assets/Third-Party/Pastel Icons/resource/style02/shape014_style02_color09.png
  artifactKey: Guid(beca571f15059694f98f47f80a20977b) Importer(815301076,1909f56bfc062723c751e8b465ee728b)
Start importing Assets/Third-Party/Pastel Icons/resource/style02/shape014_style02_color09.png using Guid(beca571f15059694f98f47f80a20977b) Importer(815301076,1909f56bfc062723c751e8b465ee728b) (PreviewImporter) -> (artifact id: '0810e9b4f260917ea1cd0055ac03282d') in 0.0142268 seconds
Number of updated asset objects reloaded before import = 0Number of asset objects unloaded after import = 3

========================================================================
Received Import Request.
  Time since last request: 0.000015 seconds.
  path: Assets/Third-Party/Pastel Icons/resource/style02/shape014_style02_color07.png
  artifactKey: Guid(dfc4a4f1b6e38134e86e8ca61d124bae) Importer(815301076,1909f56bfc062723c751e8b465ee728b)
Start importing Assets/Third-Party/Pastel Icons/resource/style02/shape014_style02_color07.png using Guid(dfc4a4f1b6e38134e86e8ca61d124bae) Importer(815301076,1909f56bfc062723c751e8b465ee728b) (PreviewImporter) -> (artifact id: '4291d093922f169dc7e6eb2e804e1978') in 0.0141888 seconds
Number of updated asset objects reloaded before import = 0Number of asset objects unloaded after import = 3

========================================================================
Received Import Request.
  Time since last request: 0.270052 seconds.
  path: Assets/Third-Party/Pastel Icons/resource/style03/shape014_style03_color01.png
  artifactKey: Guid(b624b41d8f0d3b749b0a155605490dde) Importer(815301076,1909f56bfc062723c751e8b465ee728b)
Start importing Assets/Third-Party/Pastel Icons/resource/style03/shape014_style03_color01.png using Guid(b624b41d8f0d3b749b0a155605490dde) Importer(815301076,1909f56bfc062723c751e8b465ee728b) (PreviewImporter) -> (artifact id: 'b9d46f97b951accafc7287e591c392a0') in 0.0165264 seconds
Number of updated asset objects reloaded before import = 0Number of asset objects unloaded after import = 3

========================================================================
Received Import Request.
  Time since last request: 0.031520 seconds.
  path: Assets/Third-Party/Pastel Icons/resource/style03/shape014_style03_color06.png
  artifactKey: Guid(8819568a6a9751344bb35cc2cce45783) Importer(815301076,1909f56bfc062723c751e8b465ee728b)
Start importing Assets/Third-Party/Pastel Icons/resource/style03/shape014_style03_color06.png using Guid(8819568a6a9751344bb35cc2cce45783) Importer(815301076,1909f56bfc062723c751e8b465ee728b) (PreviewImporter) -> (artifact id: '780444c508915c04b52a98f45fa6c86b') in 0.0154611 seconds
Number of updated asset objects reloaded before import = 0Number of asset objects unloaded after import = 3

========================================================================
Received Import Request.
  Time since last request: 0.000014 seconds.
  path: Assets/Third-Party/Pastel Icons/resource/style03/shape014_style03_color12.png
  artifactKey: Guid(bf2a755e499516e4aaa101ba9121f9c2) Importer(815301076,1909f56bfc062723c751e8b465ee728b)
Start importing Assets/Third-Party/Pastel Icons/resource/style03/shape014_style03_color12.png using Guid(bf2a755e499516e4aaa101ba9121f9c2) Importer(815301076,1909f56bfc062723c751e8b465ee728b) (PreviewImporter) -> (artifact id: '062ad71cf78dd8c4e60cc89bf183aa62') in 0.0155728 seconds
Number of updated asset objects reloaded before import = 0Number of asset objects unloaded after import = 3

========================================================================
Received Import Request.
  Time since last request: 0.000018 seconds.
  path: Assets/Third-Party/Pastel Icons/resource/style03/shape014_style03_color11.png
  artifactKey: Guid(cb118700bb2448d4e828927bf680c830) Importer(815301076,1909f56bfc062723c751e8b465ee728b)
Start importing Assets/Third-Party/Pastel Icons/resource/style03/shape014_style03_color11.png using Guid(cb118700bb2448d4e828927bf680c830) Importer(815301076,1909f56bfc062723c751e8b465ee728b) (PreviewImporter) -> (artifact id: 'ed57a05c6e28798dbcb218144712905b') in 0.0151838 seconds
Number of updated asset objects reloaded before import = 0Number of asset objects unloaded after import = 3

========================================================================
Received Import Request.
  Time since last request: 0.000021 seconds.
  path: Assets/Third-Party/Pastel Icons/resource/style03/shape014_style03_color09.png
  artifactKey: Guid(41efc59927d81604e80eee3c8467c272) Importer(815301076,1909f56bfc062723c751e8b465ee728b)
Start importing Assets/Third-Party/Pastel Icons/resource/style03/shape014_style03_color09.png using Guid(41efc59927d81604e80eee3c8467c272) Importer(815301076,1909f56bfc062723c751e8b465ee728b) (PreviewImporter) -> (artifact id: 'd04eec9996abbdfbbc572b0f60deb6d7') in 0.0135352 seconds
Number of updated asset objects reloaded before import = 0Number of asset objects unloaded after import = 3

========================================================================
Received Import Request.
  Time since last request: 0.262808 seconds.
  path: Assets/Third-Party/Pastel Icons/resource/style01/shape015_style01_color04.png
  artifactKey: Guid(9bd30b4c53cfcf54994646ec8c3deea4) Importer(815301076,1909f56bfc062723c751e8b465ee728b)
Start importing Assets/Third-Party/Pastel Icons/resource/style01/shape015_style01_color04.png using Guid(9bd30b4c53cfcf54994646ec8c3deea4) Importer(815301076,1909f56bfc062723c751e8b465ee728b) (PreviewImporter) -> (artifact id: '58f0fd0f73930b521dc0aa8d294cabb2') in 0.0163487 seconds
Number of updated asset objects reloaded before import = 0Number of asset objects unloaded after import = 3

========================================================================
Received Import Request.
  Time since last request: 0.000013 seconds.
  path: Assets/Third-Party/Pastel Icons/resource/style01/shape015_style01_color07.png
  artifactKey: Guid(b0b8a4944f4757e4a9f847f665b21ebb) Importer(815301076,1909f56bfc062723c751e8b465ee728b)
Start importing Assets/Third-Party/Pastel Icons/resource/style01/shape015_style01_color07.png using Guid(b0b8a4944f4757e4a9f847f665b21ebb) Importer(815301076,1909f56bfc062723c751e8b465ee728b) (PreviewImporter) -> (artifact id: '380eef2c3c204af055a125011fae3859') in 0.0150018 seconds
Number of updated asset objects reloaded before import = 0Number of asset objects unloaded after import = 3

========================================================================
Received Import Request.
  Time since last request: 0.000016 seconds.
  path: Assets/Third-Party/Pastel Icons/resource/style01/shape015_style01_color12.png
  artifactKey: Guid(5982e6c0e809a0c4c99389fc92510f3e) Importer(815301076,1909f56bfc062723c751e8b465ee728b)
Start importing Assets/Third-Party/Pastel Icons/resource/style01/shape015_style01_color12.png using Guid(5982e6c0e809a0c4c99389fc92510f3e) Importer(815301076,1909f56bfc062723c751e8b465ee728b) (PreviewImporter) -> (artifact id: '818b3d754d47060bdc7e592d0d0be406') in 0.0145395 seconds
Number of updated asset objects reloaded before import = 0Number of asset objects unloaded after import = 3

========================================================================
Received Import Request.
  Time since last request: 0.000016 seconds.
  path: Assets/Third-Party/Pastel Icons/resource/style01/shape015_style01_color11.png
  artifactKey: Guid(2c856617d7ccb0d42a0afcb4cb08a6e2) Importer(815301076,1909f56bfc062723c751e8b465ee728b)
Start importing Assets/Third-Party/Pastel Icons/resource/style01/shape015_style01_color11.png using Guid(2c856617d7ccb0d42a0afcb4cb08a6e2) Importer(815301076,1909f56bfc062723c751e8b465ee728b) (PreviewImporter) -> (artifact id: '0acd2f6dc1f47f10f726d1b2e2bdb9db') in 0.0129003 seconds
Number of updated asset objects reloaded before import = 0Number of asset objects unloaded after import = 3

========================================================================
Received Import Request.
  Time since last request: 0.319542 seconds.
  path: Assets/Third-Party/Pastel Icons/resource/style02/shape015_style02_color02.png
  artifactKey: Guid(ed46c506ab32dc543b94f8dd5bfaa6c4) Importer(815301076,1909f56bfc062723c751e8b465ee728b)
Start importing Assets/Third-Party/Pastel Icons/resource/style02/shape015_style02_color02.png using Guid(ed46c506ab32dc543b94f8dd5bfaa6c4) Importer(815301076,1909f56bfc062723c751e8b465ee728b) (PreviewImporter) -> (artifact id: 'c643723cddef303ddc507a3d7b272230') in 0.0158725 seconds
Number of updated asset objects reloaded before import = 0Number of asset objects unloaded after import = 3

========================================================================
Received Import Request.
  Time since last request: 0.000017 seconds.
  path: Assets/Third-Party/Pastel Icons/resource/style02/shape015_style02_color05.png
  artifactKey: Guid(7ac2b279c8baaf549a239f9167b7036c) Importer(815301076,1909f56bfc062723c751e8b465ee728b)
Start importing Assets/Third-Party/Pastel Icons/resource/style02/shape015_style02_color05.png using Guid(7ac2b279c8baaf549a239f9167b7036c) Importer(815301076,1909f56bfc062723c751e8b465ee728b) (PreviewImporter) -> (artifact id: 'aeb3666b25d0032072ca05e153d9ae6a') in 0.0138141 seconds
Number of updated asset objects reloaded before import = 0Number of asset objects unloaded after import = 3

========================================================================
Received Import Request.
  Time since last request: 0.074116 seconds.
  path: Assets/Third-Party/Pastel Icons/resource/style02/shape015_style02_color07.png
  artifactKey: Guid(d97b2a59c4b704148bfd655aeaa79932) Importer(815301076,1909f56bfc062723c751e8b465ee728b)
Start importing Assets/Third-Party/Pastel Icons/resource/style02/shape015_style02_color07.png using Guid(d97b2a59c4b704148bfd655aeaa79932) Importer(815301076,1909f56bfc062723c751e8b465ee728b) (PreviewImporter) -> (artifact id: '7246ec55d50b67817e415dfc917192eb') in 0.0148715 seconds
Number of updated asset objects reloaded before import = 0Number of asset objects unloaded after import = 3

========================================================================
Received Import Request.
  Time since last request: 0.000017 seconds.
  path: Assets/Third-Party/Pastel Icons/resource/style02/shape015_style02_color10.png
  artifactKey: Guid(3f92c1a17d29ee547913f64424031edc) Importer(815301076,1909f56bfc062723c751e8b465ee728b)
Start importing Assets/Third-Party/Pastel Icons/resource/style02/shape015_style02_color10.png using Guid(3f92c1a17d29ee547913f64424031edc) Importer(815301076,1909f56bfc062723c751e8b465ee728b) (PreviewImporter) -> (artifact id: '02c80fdf7280e222816348ac0d202418') in 0.0132319 seconds
Number of updated asset objects reloaded before import = 0Number of asset objects unloaded after import = 3

========================================================================
Received Import Request.
  Time since last request: 0.017237 seconds.
  path: Assets/Third-Party/Pastel Icons/resource/style02/shape015_style02_color12.png
  artifactKey: Guid(ad8faf3ee8f1abc45ba126a7044ad412) Importer(815301076,1909f56bfc062723c751e8b465ee728b)
Start importing Assets/Third-Party/Pastel Icons/resource/style02/shape015_style02_color12.png using Guid(ad8faf3ee8f1abc45ba126a7044ad412) Importer(815301076,1909f56bfc062723c751e8b465ee728b) (PreviewImporter) -> (artifact id: 'c862f605b01d03a7ae1b99c7cd3d87c6') in 0.0144359 seconds
Number of updated asset objects reloaded before import = 0Number of asset objects unloaded after import = 3

========================================================================
Received Import Request.
  Time since last request: 0.000017 seconds.
  path: Assets/Third-Party/Pastel Icons/resource/style03/shape015_style03_color04.png
  artifactKey: Guid(63c442bbd63532c4c8f299242d2044d4) Importer(815301076,1909f56bfc062723c751e8b465ee728b)
Start importing Assets/Third-Party/Pastel Icons/resource/style03/shape015_style03_color04.png using Guid(63c442bbd63532c4c8f299242d2044d4) Importer(815301076,1909f56bfc062723c751e8b465ee728b) (PreviewImporter) -> (artifact id: '5daf9b1302ee95e5887cf5f0b8ae893a') in 0.0144044 seconds
Number of updated asset objects reloaded before import = 0Number of asset objects unloaded after import = 3

========================================================================
Received Import Request.
  Time since last request: 0.000017 seconds.
  path: Assets/Third-Party/Pastel Icons/resource/style03/shape015_style03_color07.png
  artifactKey: Guid(82772ebd3afb88f448c32b90629cd2bf) Importer(815301076,1909f56bfc062723c751e8b465ee728b)
Start importing Assets/Third-Party/Pastel Icons/resource/style03/shape015_style03_color07.png using Guid(82772ebd3afb88f448c32b90629cd2bf) Importer(815301076,1909f56bfc062723c751e8b465ee728b) (PreviewImporter) -> (artifact id: '5cfaebb9c24d1837ef219a654ddb05f6') in 0.0141673 seconds
Number of updated asset objects reloaded before import = 0Number of asset objects unloaded after import = 3

========================================================================
Received Import Request.
  Time since last request: 0.000016 seconds.
  path: Assets/Third-Party/Pastel Icons/resource/style03/shape015_style03_color09.png
  artifactKey: Guid(33576d2ab855fa143b87f0a652378c0b) Importer(815301076,1909f56bfc062723c751e8b465ee728b)
Start importing Assets/Third-Party/Pastel Icons/resource/style03/shape015_style03_color09.png using Guid(33576d2ab855fa143b87f0a652378c0b) Importer(815301076,1909f56bfc062723c751e8b465ee728b) (PreviewImporter) -> (artifact id: '36316ca0003f297878a93589f9ca31d0') in 0.0278814 seconds
Number of updated asset objects reloaded before import = 0Number of asset objects unloaded after import = 3

========================================================================
Received Import Request.
  Time since last request: 0.329132 seconds.
  path: Assets/Third-Party/Pastel Icons/resource/style03/shape015_style03_color10.png
  artifactKey: Guid(1c6ff78e21a7a14439c823bf5234f15b) Importer(815301076,1909f56bfc062723c751e8b465ee728b)
Start importing Assets/Third-Party/Pastel Icons/resource/style03/shape015_style03_color10.png using Guid(1c6ff78e21a7a14439c823bf5234f15b) Importer(815301076,1909f56bfc062723c751e8b465ee728b) (PreviewImporter) -> (artifact id: '448e4b29584079bfec4ee7f6d2de19cc') in 0.0151937 seconds
Number of updated asset objects reloaded before import = 0Number of asset objects unloaded after import = 3

========================================================================
Received Import Request.
  Time since last request: 0.000018 seconds.
  path: Assets/Third-Party/Pastel Icons/resource/style01/shape016_style01_color02.png
  artifactKey: Guid(a421072ca5f86534db6cd7fdcce9385e) Importer(815301076,1909f56bfc062723c751e8b465ee728b)
Start importing Assets/Third-Party/Pastel Icons/resource/style01/shape016_style01_color02.png using Guid(a421072ca5f86534db6cd7fdcce9385e) Importer(815301076,1909f56bfc062723c751e8b465ee728b) (PreviewImporter) -> (artifact id: '6703604b3684b18177e0d1ce1f26c686') in 0.0136736 seconds
Number of updated asset objects reloaded before import = 0Number of asset objects unloaded after import = 3

========================================================================
Received Import Request.
  Time since last request: 0.001707 seconds.
  path: Assets/Third-Party/Pastel Icons/resource/style01/shape016_style01_color03.png
  artifactKey: Guid(c76b30e7d3e17b8489de203f1ec04ad4) Importer(815301076,1909f56bfc062723c751e8b465ee728b)
Start importing Assets/Third-Party/Pastel Icons/resource/style01/shape016_style01_color03.png using Guid(c76b30e7d3e17b8489de203f1ec04ad4) Importer(815301076,1909f56bfc062723c751e8b465ee728b) (PreviewImporter) -> (artifact id: 'f977f773ee94f1c1785f445e0712e22b') in 0.014003 seconds
Number of updated asset objects reloaded before import = 0Number of asset objects unloaded after import = 3

========================================================================
Received Import Request.
  Time since last request: 0.000015 seconds.
  path: Assets/Third-Party/Pastel Icons/resource/style01/shape016_style01_color06.png
  artifactKey: Guid(ea1c04f3ed73568418d79e9aa2889b70) Importer(815301076,1909f56bfc062723c751e8b465ee728b)
Start importing Assets/Third-Party/Pastel Icons/resource/style01/shape016_style01_color06.png using Guid(ea1c04f3ed73568418d79e9aa2889b70) Importer(815301076,1909f56bfc062723c751e8b465ee728b) (PreviewImporter) -> (artifact id: '58e966b190d64d6ab575943e19628724') in 0.0141286 seconds
Number of updated asset objects reloaded before import = 0Number of asset objects unloaded after import = 3

========================================================================
Received Import Request.
  Time since last request: 0.283824 seconds.
  path: Assets/Third-Party/Pastel Icons/resource/style01/shape016_style01_color08.png
  artifactKey: Guid(a3a23d94a70aee240939d4bd2ac65b6f) Importer(815301076,1909f56bfc062723c751e8b465ee728b)
Start importing Assets/Third-Party/Pastel Icons/resource/style01/shape016_style01_color08.png using Guid(a3a23d94a70aee240939d4bd2ac65b6f) Importer(815301076,1909f56bfc062723c751e8b465ee728b) (PreviewImporter) -> (artifact id: '699835211eb7cf27722d0e5fad7fc3c0') in 0.0162136 seconds
Number of updated asset objects reloaded before import = 0Number of asset objects unloaded after import = 3

========================================================================
Received Import Request.
  Time since last request: 0.000018 seconds.
  path: Assets/Third-Party/Pastel Icons/resource/style01/shape016_style01_color11.png
  artifactKey: Guid(119809168ef6bc643a15c824ef615ebc) Importer(815301076,1909f56bfc062723c751e8b465ee728b)
Start importing Assets/Third-Party/Pastel Icons/resource/style01/shape016_style01_color11.png using Guid(119809168ef6bc643a15c824ef615ebc) Importer(815301076,1909f56bfc062723c751e8b465ee728b) (PreviewImporter) -> (artifact id: 'bbfe6b2feadc9e621f85d6fa6466ff0b') in 0.0133268 seconds
Number of updated asset objects reloaded before import = 0Number of asset objects unloaded after import = 3

========================================================================
Received Import Request.
  Time since last request: 0.017977 seconds.
  path: Assets/Third-Party/Pastel Icons/resource/style02/shape016_style02_color01.png
  artifactKey: Guid(241eb8f468a884140a0eefdae2d22b27) Importer(815301076,1909f56bfc062723c751e8b465ee728b)
Start importing Assets/Third-Party/Pastel Icons/resource/style02/shape016_style02_color01.png using Guid(241eb8f468a884140a0eefdae2d22b27) Importer(815301076,1909f56bfc062723c751e8b465ee728b) (PreviewImporter) -> (artifact id: 'ce7f446a36be27ab29830897f9557a98') in 0.0144911 seconds
Number of updated asset objects reloaded before import = 0Number of asset objects unloaded after import = 3

========================================================================
Received Import Request.
  Time since last request: 0.000017 seconds.
  path: Assets/Third-Party/Pastel Icons/resource/style02/shape016_style02_color09.png
  artifactKey: Guid(0e4333fed8079a74bb829b2a2ff0164d) Importer(815301076,1909f56bfc062723c751e8b465ee728b)
Start importing Assets/Third-Party/Pastel Icons/resource/style02/shape016_style02_color09.png using Guid(0e4333fed8079a74bb829b2a2ff0164d) Importer(815301076,1909f56bfc062723c751e8b465ee728b) (PreviewImporter) -> (artifact id: '4b9304d2e0c27b0040faccbf5504982f') in 0.0140136 seconds
Number of updated asset objects reloaded before import = 0Number of asset objects unloaded after import = 3

========================================================================
Received Import Request.
  Time since last request: 0.000017 seconds.
  path: Assets/Third-Party/Pastel Icons/resource/style02/shape016_style02_color04.png
  artifactKey: Guid(79c4f5e16f53fd9449b920939201be56) Importer(815301076,1909f56bfc062723c751e8b465ee728b)
Start importing Assets/Third-Party/Pastel Icons/resource/style02/shape016_style02_color04.png using Guid(79c4f5e16f53fd9449b920939201be56) Importer(815301076,1909f56bfc062723c751e8b465ee728b) (PreviewImporter) -> (artifact id: '8bb6538138e4a79a0a12750bf2d5fdf7') in 0.0143543 seconds
Number of updated asset objects reloaded before import = 0Number of asset objects unloaded after import = 3

========================================================================
Received Import Request.
  Time since last request: 0.000017 seconds.
  path: Assets/Third-Party/Pastel Icons/resource/style02/shape016_style02_color05.png
  artifactKey: Guid(40ea9c4d944d15848955447ba4df63a2) Importer(815301076,1909f56bfc062723c751e8b465ee728b)
Start importing Assets/Third-Party/Pastel Icons/resource/style02/shape016_style02_color05.png using Guid(40ea9c4d944d15848955447ba4df63a2) Importer(815301076,1909f56bfc062723c751e8b465ee728b) (PreviewImporter) -> (artifact id: '819694fbf5d1815755e429b80f2921a8') in 0.0131027 seconds
Number of updated asset objects reloaded before import = 0Number of asset objects unloaded after import = 3

========================================================================
Received Import Request.
  Time since last request: 0.285396 seconds.
  path: Assets/Third-Party/Pastel Icons/resource/style02/shape016_style02_color11.png
  artifactKey: Guid(a5cafca6f47219c4bade486af8f119e6) Importer(815301076,1909f56bfc062723c751e8b465ee728b)
Start importing Assets/Third-Party/Pastel Icons/resource/style02/shape016_style02_color11.png using Guid(a5cafca6f47219c4bade486af8f119e6) Importer(815301076,1909f56bfc062723c751e8b465ee728b) (PreviewImporter) -> (artifact id: '800f38abadb49f8e392e778af8d7fc5f') in 0.0151853 seconds
Number of updated asset objects reloaded before import = 0Number of asset objects unloaded after import = 3

========================================================================
Received Import Request.
  Time since last request: 0.000017 seconds.
  path: Assets/Third-Party/Pastel Icons/resource/style03/shape016_style03_color02.png
  artifactKey: Guid(bdaba2324912dbc449597cff61a1d3e3) Importer(815301076,1909f56bfc062723c751e8b465ee728b)
Start importing Assets/Third-Party/Pastel Icons/resource/style03/shape016_style03_color02.png using Guid(bdaba2324912dbc449597cff61a1d3e3) Importer(815301076,1909f56bfc062723c751e8b465ee728b) (PreviewImporter) -> (artifact id: 'f9e161c1bd6e7fd66718c50ce8a8b1c3') in 0.0132437 seconds
Number of updated asset objects reloaded before import = 0Number of asset objects unloaded after import = 3

========================================================================
Received Import Request.
  Time since last request: 0.016192 seconds.
  path: Assets/Third-Party/Pastel Icons/resource/style03/shape016_style03_color04.png
  artifactKey: Guid(f47253c979eb2a14a849ede3f4e79430) Importer(815301076,1909f56bfc062723c751e8b465ee728b)
Start importing Assets/Third-Party/Pastel Icons/resource/style03/shape016_style03_color04.png using Guid(f47253c979eb2a14a849ede3f4e79430) Importer(815301076,1909f56bfc062723c751e8b465ee728b) (PreviewImporter) -> (artifact id: '875487888535e659394c38e10aefc8c5') in 0.0150092 seconds
Number of updated asset objects reloaded before import = 0Number of asset objects unloaded after import = 3

========================================================================
Received Import Request.
  Time since last request: 0.000014 seconds.
  path: Assets/Third-Party/Pastel Icons/resource/style03/shape016_style03_color12.png
  artifactKey: Guid(9dc6be3161791e042b172d6ff3e69711) Importer(815301076,1909f56bfc062723c751e8b465ee728b)
Start importing Assets/Third-Party/Pastel Icons/resource/style03/shape016_style03_color12.png using Guid(9dc6be3161791e042b172d6ff3e69711) Importer(815301076,1909f56bfc062723c751e8b465ee728b) (PreviewImporter) -> (artifact id: 'dd81129c256f092e665a794cc67e2002') in 0.0147742 seconds
Number of updated asset objects reloaded before import = 0Number of asset objects unloaded after import = 3

========================================================================
Received Import Request.
  Time since last request: 0.000017 seconds.
  path: Assets/Third-Party/Pastel Icons/resource/style03/shape016_style03_color10.png
  artifactKey: Guid(e72de4ad8bb7cb440938c0ef5f509fa4) Importer(815301076,1909f56bfc062723c751e8b465ee728b)
Start importing Assets/Third-Party/Pastel Icons/resource/style03/shape016_style03_color10.png using Guid(e72de4ad8bb7cb440938c0ef5f509fa4) Importer(815301076,1909f56bfc062723c751e8b465ee728b) (PreviewImporter) -> (artifact id: '696cdcf2a9b5fdebfdb4538b53625fba') in 0.015007 seconds
Number of updated asset objects reloaded before import = 0Number of asset objects unloaded after import = 3

========================================================================
Received Import Request.
  Time since last request: 0.000016 seconds.
  path: Assets/Third-Party/Pastel Icons/resource/style01/shape017_style01_color01.png
  artifactKey: Guid(950b8feee15b1dc48a2df7f9410ee1b2) Importer(815301076,1909f56bfc062723c751e8b465ee728b)
Start importing Assets/Third-Party/Pastel Icons/resource/style01/shape017_style01_color01.png using Guid(950b8feee15b1dc48a2df7f9410ee1b2) Importer(815301076,1909f56bfc062723c751e8b465ee728b) (PreviewImporter) -> (artifact id: 'e44a938666c6fd50b0ffdbdeed49eaa6') in 0.0140988 seconds
Number of updated asset objects reloaded before import = 0Number of asset objects unloaded after import = 3

========================================================================
Received Import Request.
  Time since last request: 0.004078 seconds.
  path: Assets/Third-Party/Pastel Icons/resource/style01/shape017_style01_color02.png
  artifactKey: Guid(6fe8768e403c92d45a9f0aeb4110faf3) Importer(815301076,1909f56bfc062723c751e8b465ee728b)
Start importing Assets/Third-Party/Pastel Icons/resource/style01/shape017_style01_color02.png using Guid(6fe8768e403c92d45a9f0aeb4110faf3) Importer(815301076,1909f56bfc062723c751e8b465ee728b) (PreviewImporter) -> (artifact id: 'e292fd306609e32875d572bb5353c6d1') in 0.0141485 seconds
Number of updated asset objects reloaded before import = 0Number of asset objects unloaded after import = 3

========================================================================
Received Import Request.
  Time since last request: 0.000017 seconds.
  path: Assets/Third-Party/Pastel Icons/resource/style01/shape017_style01_color05.png
  artifactKey: Guid(ea4038f45f4dbe745974c3dc28eb73fe) Importer(815301076,1909f56bfc062723c751e8b465ee728b)
Start importing Assets/Third-Party/Pastel Icons/resource/style01/shape017_style01_color05.png using Guid(ea4038f45f4dbe745974c3dc28eb73fe) Importer(815301076,1909f56bfc062723c751e8b465ee728b) (PreviewImporter) -> (artifact id: '34cf4068109d013d0ba7facbd3a903ab') in 0.013334 seconds
Number of updated asset objects reloaded before import = 0Number of asset objects unloaded after import = 3

========================================================================
Received Import Request.
  Time since last request: 0.638894 seconds.
  path: Assets/Third-Party/Pastel Icons/resource/style01/shape017_style01_color07.png
  artifactKey: Guid(ca4a58301b862164a95e2fab440c173d) Importer(815301076,1909f56bfc062723c751e8b465ee728b)
Start importing Assets/Third-Party/Pastel Icons/resource/style01/shape017_style01_color07.png using Guid(ca4a58301b862164a95e2fab440c173d) Importer(815301076,1909f56bfc062723c751e8b465ee728b) (PreviewImporter) -> (artifact id: '9a35cd5410d964b52faa5297d951156d') in 0.0156431 seconds
Number of updated asset objects reloaded before import = 0Number of asset objects unloaded after import = 3

========================================================================
Received Import Request.
  Time since last request: 0.000015 seconds.
  path: Assets/Third-Party/Pastel Icons/resource/style01/shape017_style01_color10.png
  artifactKey: Guid(64a77d5cff4dd574188f3a0884165f5f) Importer(815301076,1909f56bfc062723c751e8b465ee728b)
Start importing Assets/Third-Party/Pastel Icons/resource/style01/shape017_style01_color10.png using Guid(64a77d5cff4dd574188f3a0884165f5f) Importer(815301076,1909f56bfc062723c751e8b465ee728b) (PreviewImporter) -> (artifact id: 'c8ef643f193b1e27f793b159caf4c96e') in 0.0140261 seconds
Number of updated asset objects reloaded before import = 0Number of asset objects unloaded after import = 3

========================================================================
Received Import Request.
  Time since last request: 0.002537 seconds.
  path: Assets/Third-Party/Pastel Icons/resource/style01/shape017_style01_color12.png
  artifactKey: Guid(0fc509c7025a5d546bae6dba30a2ae3d) Importer(815301076,1909f56bfc062723c751e8b465ee728b)
Start importing Assets/Third-Party/Pastel Icons/resource/style01/shape017_style01_color12.png using Guid(0fc509c7025a5d546bae6dba30a2ae3d) Importer(815301076,1909f56bfc062723c751e8b465ee728b) (PreviewImporter) -> (artifact id: 'c9949e9e5b4699267a642ab8cbc362f6') in 0.0137019 seconds
Number of updated asset objects reloaded before import = 0Number of asset objects unloaded after import = 3

========================================================================
Received Import Request.
  Time since last request: 0.000022 seconds.
  path: Assets/Third-Party/Pastel Icons/resource/style02/shape017_style02_color04.png
  artifactKey: Guid(1650feb8fa8e80242aa8e0dc279d964f) Importer(815301076,1909f56bfc062723c751e8b465ee728b)
Start importing Assets/Third-Party/Pastel Icons/resource/style02/shape017_style02_color04.png using Guid(1650feb8fa8e80242aa8e0dc279d964f) Importer(815301076,1909f56bfc062723c751e8b465ee728b) (PreviewImporter) -> (artifact id: '6d402a2e5950394a0028f42c02faad31') in 0.0130619 seconds
Number of updated asset objects reloaded before import = 0Number of asset objects unloaded after import = 3

========================================================================
Received Import Request.
  Time since last request: 0.236808 seconds.
  path: Assets/Third-Party/Pastel Icons/resource/style02/shape017_style02_color05.png
  artifactKey: Guid(96f41aac5317e8f41a05dcddbb6a128b) Importer(815301076,1909f56bfc062723c751e8b465ee728b)
Start importing Assets/Third-Party/Pastel Icons/resource/style02/shape017_style02_color05.png using Guid(96f41aac5317e8f41a05dcddbb6a128b) Importer(815301076,1909f56bfc062723c751e8b465ee728b) (PreviewImporter) -> (artifact id: 'e33f33b624ad27951869e57f9003e8ed') in 0.0152304 seconds
Number of updated asset objects reloaded before import = 0Number of asset objects unloaded after import = 3

========================================================================
Received Import Request.
  Time since last request: 0.000014 seconds.
  path: Assets/Third-Party/Pastel Icons/resource/style02/shape017_style02_color09.png
  artifactKey: Guid(26ee9f17afa93ee4ba95870bced3dd9d) Importer(815301076,1909f56bfc062723c751e8b465ee728b)
Start importing Assets/Third-Party/Pastel Icons/resource/style02/shape017_style02_color09.png using Guid(26ee9f17afa93ee4ba95870bced3dd9d) Importer(815301076,1909f56bfc062723c751e8b465ee728b) (PreviewImporter) -> (artifact id: '97a37e61e97f9c490ad7fe7d6db54d38') in 0.0131978 seconds
Number of updated asset objects reloaded before import = 0Number of asset objects unloaded after import = 3

========================================================================
Received Import Request.
  Time since last request: 1.568638 seconds.
  path: Assets/Third-Party/Pastel Icons/resource/style02/shape017_style02_color10.png
  artifactKey: Guid(ad0d8ede4e30d744382f1a99e343bdcd) Importer(815301076,1909f56bfc062723c751e8b465ee728b)
Start importing Assets/Third-Party/Pastel Icons/resource/style02/shape017_style02_color10.png using Guid(ad0d8ede4e30d744382f1a99e343bdcd) Importer(815301076,1909f56bfc062723c751e8b465ee728b) (PreviewImporter) -> (artifact id: 'd288aaba1b0e80e18437b06f6985c25d') in 0.073854 seconds
Number of updated asset objects reloaded before import = 0Number of asset objects unloaded after import = 3

========================================================================
Received Import Request.
  Time since last request: 0.000017 seconds.
  path: Assets/Third-Party/Pastel Icons/resource/style03/shape017_style03_color02.png
  artifactKey: Guid(c5b337a1cd3873f419ba9b5badb3ddf2) Importer(815301076,1909f56bfc062723c751e8b465ee728b)
Start importing Assets/Third-Party/Pastel Icons/resource/style03/shape017_style03_color02.png using Guid(c5b337a1cd3873f419ba9b5badb3ddf2) Importer(815301076,1909f56bfc062723c751e8b465ee728b) (PreviewImporter) -> (artifact id: '897ed648a7c97206b7bdad7a7c234a03') in 0.0154336 seconds
Number of updated asset objects reloaded before import = 0Number of asset objects unloaded after import = 3

========================================================================
Received Import Request.
  Time since last request: 0.000021 seconds.
  path: Assets/Third-Party/Pastel Icons/resource/style03/shape017_style03_color06.png
  artifactKey: Guid(6f4ad91f4d4607e4d89793eb8cbb31ed) Importer(815301076,1909f56bfc062723c751e8b465ee728b)
Start importing Assets/Third-Party/Pastel Icons/resource/style03/shape017_style03_color06.png using Guid(6f4ad91f4d4607e4d89793eb8cbb31ed) Importer(815301076,1909f56bfc062723c751e8b465ee728b) (PreviewImporter) -> (artifact id: '3a50ad26fefcd29a7fbba1174b1b5d33') in 0.0152817 seconds
Number of updated asset objects reloaded before import = 0Number of asset objects unloaded after import = 3

========================================================================
Received Import Request.
  Time since last request: 0.000013 seconds.
  path: Assets/Third-Party/Pastel Icons/resource/style03/shape017_style03_color08.png
  artifactKey: Guid(4918a0c0d682f634a8010bb6d9b36a91) Importer(815301076,1909f56bfc062723c751e8b465ee728b)
Start importing Assets/Third-Party/Pastel Icons/resource/style03/shape017_style03_color08.png using Guid(4918a0c0d682f634a8010bb6d9b36a91) Importer(815301076,1909f56bfc062723c751e8b465ee728b) (PreviewImporter) -> (artifact id: 'd6b4c29dd5be6b372c2abbe8c164772e') in 0.0240582 seconds
Number of updated asset objects reloaded before import = 0Number of asset objects unloaded after import = 3

========================================================================
Received Import Request.
  Time since last request: 0.000021 seconds.
  path: Assets/Third-Party/Pastel Icons/resource/style03/shape017_style03_color09.png
  artifactKey: Guid(a73c31d7e54867f458aedc1d2f743144) Importer(815301076,1909f56bfc062723c751e8b465ee728b)
Start importing Assets/Third-Party/Pastel Icons/resource/style03/shape017_style03_color09.png using Guid(a73c31d7e54867f458aedc1d2f743144) Importer(815301076,1909f56bfc062723c751e8b465ee728b) (PreviewImporter) -> (artifact id: '8645c75b6423f969aa426dcd16fdf483') in 0.0145052 seconds
Number of updated asset objects reloaded before import = 0Number of asset objects unloaded after import = 3

========================================================================
Received Import Request.
  Time since last request: 0.428434 seconds.
  path: Assets/Third-Party/Pastel Icons/resource/style01/shape018_style01_color01.png
  artifactKey: Guid(af25383f6b5bcf84e9ca6d96f27849bf) Importer(815301076,1909f56bfc062723c751e8b465ee728b)
Start importing Assets/Third-Party/Pastel Icons/resource/style01/shape018_style01_color01.png using Guid(af25383f6b5bcf84e9ca6d96f27849bf) Importer(815301076,1909f56bfc062723c751e8b465ee728b) (PreviewImporter) -> (artifact id: '94a5ae5a3189b72f0648b3969969a7e3') in 0.0160643 seconds
Number of updated asset objects reloaded before import = 0Number of asset objects unloaded after import = 3

========================================================================
Received Import Request.
  Time since last request: 0.000041 seconds.
  path: Assets/Third-Party/Pastel Icons/resource/style01/shape018_style01_color04.png
  artifactKey: Guid(650ea11591c9bb24e8d84b0d35be5637) Importer(815301076,1909f56bfc062723c751e8b465ee728b)
Start importing Assets/Third-Party/Pastel Icons/resource/style01/shape018_style01_color04.png using Guid(650ea11591c9bb24e8d84b0d35be5637) Importer(815301076,1909f56bfc062723c751e8b465ee728b) (PreviewImporter) -> (artifact id: 'e6a1b1b6707a15f4436175caf0d3b249') in 0.0130606 seconds
Number of updated asset objects reloaded before import = 0Number of asset objects unloaded after import = 3

========================================================================
Received Import Request.
  Time since last request: 0.020789 seconds.
  path: Assets/Third-Party/Pastel Icons/resource/style01/shape018_style01_color06.png
  artifactKey: Guid(f51b49f12f74da24ea3fb95f3bd193ab) Importer(815301076,1909f56bfc062723c751e8b465ee728b)
Start importing Assets/Third-Party/Pastel Icons/resource/style01/shape018_style01_color06.png using Guid(f51b49f12f74da24ea3fb95f3bd193ab) Importer(815301076,1909f56bfc062723c751e8b465ee728b) (PreviewImporter) -> (artifact id: '57e590f8d6ea7cf43998733bbe2f2af4') in 0.0145205 seconds
Number of updated asset objects reloaded before import = 0Number of asset objects unloaded after import = 3

========================================================================
Received Import Request.
  Time since last request: 0.000017 seconds.
  path: Assets/Third-Party/Pastel Icons/resource/style02/shape018_style02_color01.png
  artifactKey: Guid(08476db31bc4323438c01704f52a9be3) Importer(815301076,1909f56bfc062723c751e8b465ee728b)
Start importing Assets/Third-Party/Pastel Icons/resource/style02/shape018_style02_color01.png using Guid(08476db31bc4323438c01704f52a9be3) Importer(815301076,1909f56bfc062723c751e8b465ee728b) (PreviewImporter) -> (artifact id: 'e2a52d874ab368382c06b74332409664') in 0.0154847 seconds
Number of updated asset objects reloaded before import = 0Number of asset objects unloaded after import = 3

========================================================================
Received Import Request.
  Time since last request: 0.000016 seconds.
  path: Assets/Third-Party/Pastel Icons/resource/style01/shape018_style01_color10.png
  artifactKey: Guid(bacfc906144f62840aef818d171cfa8c) Importer(815301076,1909f56bfc062723c751e8b465ee728b)
Start importing Assets/Third-Party/Pastel Icons/resource/style01/shape018_style01_color10.png using Guid(bacfc906144f62840aef818d171cfa8c) Importer(815301076,1909f56bfc062723c751e8b465ee728b) (PreviewImporter) -> (artifact id: 'a96240f82c2f767250869c1c07714b79') in 0.0145929 seconds
Number of updated asset objects reloaded before import = 0Number of asset objects unloaded after import = 3

========================================================================
Received Import Request.
  Time since last request: 0.019874 seconds.
  path: Assets/Third-Party/Pastel Icons/resource/style02/shape018_style02_color06.png
  artifactKey: Guid(da1db774d3579624992eee77ad3424cd) Importer(815301076,1909f56bfc062723c751e8b465ee728b)
Start importing Assets/Third-Party/Pastel Icons/resource/style02/shape018_style02_color06.png using Guid(da1db774d3579624992eee77ad3424cd) Importer(815301076,1909f56bfc062723c751e8b465ee728b) (PreviewImporter) -> (artifact id: 'eeace0ab7f0faf2b2ac888b649c94c8a') in 0.0133421 seconds
Number of updated asset objects reloaded before import = 0Number of asset objects unloaded after import = 3

========================================================================
Received Import Request.
  Time since last request: 0.367769 seconds.
  path: Assets/Third-Party/Pastel Icons/resource/style02/shape018_style02_color10.png
  artifactKey: Guid(3aaa65588fb83484895bbcecce17c3f7) Importer(815301076,1909f56bfc062723c751e8b465ee728b)
Start importing Assets/Third-Party/Pastel Icons/resource/style02/shape018_style02_color10.png using Guid(3aaa65588fb83484895bbcecce17c3f7) Importer(815301076,1909f56bfc062723c751e8b465ee728b) (PreviewImporter) -> (artifact id: '3de998932a6ed8b3118106028b163a29') in 0.0143393 seconds
Number of updated asset objects reloaded before import = 0Number of asset objects unloaded after import = 3

========================================================================
Received Import Request.
  Time since last request: 0.018499 seconds.
  path: Assets/Third-Party/Pastel Icons/resource/style03/shape018_style03_color02.png
  artifactKey: Guid(968f506cbd5297c4c82d7e01155728eb) Importer(815301076,1909f56bfc062723c751e8b465ee728b)
Start importing Assets/Third-Party/Pastel Icons/resource/style03/shape018_style03_color02.png using Guid(968f506cbd5297c4c82d7e01155728eb) Importer(815301076,1909f56bfc062723c751e8b465ee728b) (PreviewImporter) -> (artifact id: '636f69c4d119b26f60eeb1b753ad156d') in 0.0156691 seconds
Number of updated asset objects reloaded before import = 0Number of asset objects unloaded after import = 3

========================================================================
Received Import Request.
  Time since last request: 0.144080 seconds.
  path: Assets/Third-Party/Pastel Icons/resource/style03/shape018_style03_color11.png
  artifactKey: Guid(ed5ca81154d137a4486770d975efc054) Importer(815301076,1909f56bfc062723c751e8b465ee728b)
Start importing Assets/Third-Party/Pastel Icons/resource/style03/shape018_style03_color11.png using Guid(ed5ca81154d137a4486770d975efc054) Importer(815301076,1909f56bfc062723c751e8b465ee728b) (PreviewImporter) -> (artifact id: 'f31f59cac996276421f5bc07dd68a75a') in 0.01501 seconds
Number of updated asset objects reloaded before import = 0Number of asset objects unloaded after import = 3

========================================================================
Received Import Request.
  Time since last request: 0.234672 seconds.
  path: Assets/Third-Party/Pastel Icons/resource/style03/shape018_style03_color12.png
  artifactKey: Guid(ada83906500e29342bf33711ae2d3fcb) Importer(815301076,1909f56bfc062723c751e8b465ee728b)
Start importing Assets/Third-Party/Pastel Icons/resource/style03/shape018_style03_color12.png using Guid(ada83906500e29342bf33711ae2d3fcb) Importer(815301076,1909f56bfc062723c751e8b465ee728b) (PreviewImporter) -> (artifact id: '3c8c77b77f0b517744bf7bf5096d7d1e') in 0.0158891 seconds
Number of updated asset objects reloaded before import = 0Number of asset objects unloaded after import = 3

========================================================================
Received Import Request.
  Time since last request: 0.000014 seconds.
  path: Assets/Third-Party/Pastel Icons/resource/style01/shape019_style01_color04.png
  artifactKey: Guid(b5188597a47646c4094961ec2adf0f81) Importer(815301076,1909f56bfc062723c751e8b465ee728b)
Start importing Assets/Third-Party/Pastel Icons/resource/style01/shape019_style01_color04.png using Guid(b5188597a47646c4094961ec2adf0f81) Importer(815301076,1909f56bfc062723c751e8b465ee728b) (PreviewImporter) -> (artifact id: '9c9fdd21e874569bb4854f1eecb7bc8f') in 0.0136996 seconds
Number of updated asset objects reloaded before import = 0Number of asset objects unloaded after import = 3

========================================================================
Received Import Request.
  Time since last request: 0.018062 seconds.
  path: Assets/Third-Party/Pastel Icons/resource/style01/shape019_style01_color05.png
  artifactKey: Guid(4f570eb62ddc29c45bd695c50a0146d9) Importer(815301076,1909f56bfc062723c751e8b465ee728b)
Start importing Assets/Third-Party/Pastel Icons/resource/style01/shape019_style01_color05.png using Guid(4f570eb62ddc29c45bd695c50a0146d9) Importer(815301076,1909f56bfc062723c751e8b465ee728b) (PreviewImporter) -> (artifact id: 'c7bab7c90addb70d91ca737046cd7d30') in 0.0146588 seconds
Number of updated asset objects reloaded before import = 0Number of asset objects unloaded after import = 3

========================================================================
Received Import Request.
  Time since last request: 0.000016 seconds.
  path: Assets/Third-Party/Pastel Icons/resource/style01/shape019_style01_color08.png
  artifactKey: Guid(c54c879d347119343ab38839632f0131) Importer(815301076,1909f56bfc062723c751e8b465ee728b)
Start importing Assets/Third-Party/Pastel Icons/resource/style01/shape019_style01_color08.png using Guid(c54c879d347119343ab38839632f0131) Importer(815301076,1909f56bfc062723c751e8b465ee728b) (PreviewImporter) -> (artifact id: '510cc2944126eb60ea3507e8a79b4796') in 0.0145143 seconds
Number of updated asset objects reloaded before import = 0Number of asset objects unloaded after import = 3

========================================================================
Received Import Request.
  Time since last request: 0.000018 seconds.
  path: Assets/Third-Party/Pastel Icons/resource/style01/shape019_style01_color10.png
  artifactKey: Guid(27a5e16926926eb45995b35ffef6d770) Importer(815301076,1909f56bfc062723c751e8b465ee728b)
Start importing Assets/Third-Party/Pastel Icons/resource/style01/shape019_style01_color10.png using Guid(27a5e16926926eb45995b35ffef6d770) Importer(815301076,1909f56bfc062723c751e8b465ee728b) (PreviewImporter) -> (artifact id: '5f583de9198e4f50b386569773045bb0') in 0.0141166 seconds
Number of updated asset objects reloaded before import = 0Number of asset objects unloaded after import = 3

========================================================================
Received Import Request.
  Time since last request: 0.280619 seconds.
  path: Assets/Third-Party/Pastel Icons/resource/style02/shape019_style02_color03.png
  artifactKey: Guid(20421934a95fd62408874602e906d352) Importer(815301076,1909f56bfc062723c751e8b465ee728b)
Start importing Assets/Third-Party/Pastel Icons/resource/style02/shape019_style02_color03.png using Guid(20421934a95fd62408874602e906d352) Importer(815301076,1909f56bfc062723c751e8b465ee728b) (PreviewImporter) -> (artifact id: '92a5811b4e38abcf0470f1921394fe3b') in 0.0148088 seconds
Number of updated asset objects reloaded before import = 0Number of asset objects unloaded after import = 3

========================================================================
Received Import Request.
  Time since last request: 0.000018 seconds.
  path: Assets/Third-Party/Pastel Icons/resource/style02/shape019_style02_color07.png
  artifactKey: Guid(bbb86137c61eb574886e498106412518) Importer(815301076,1909f56bfc062723c751e8b465ee728b)
Start importing Assets/Third-Party/Pastel Icons/resource/style02/shape019_style02_color07.png using Guid(bbb86137c61eb574886e498106412518) Importer(815301076,1909f56bfc062723c751e8b465ee728b) (PreviewImporter) -> (artifact id: '46f7578fcd67786f9eaa3a15cc33e5d6') in 0.0133761 seconds
Number of updated asset objects reloaded before import = 0Number of asset objects unloaded after import = 3

========================================================================
Received Import Request.
  Time since last request: 0.003143 seconds.
  path: Assets/Third-Party/Pastel Icons/resource/style02/shape019_style02_color08.png
  artifactKey: Guid(fd0ca058e4a8ffa4089cfb834f7434b6) Importer(815301076,1909f56bfc062723c751e8b465ee728b)
Start importing Assets/Third-Party/Pastel Icons/resource/style02/shape019_style02_color08.png using Guid(fd0ca058e4a8ffa4089cfb834f7434b6) Importer(815301076,1909f56bfc062723c751e8b465ee728b) (PreviewImporter) -> (artifact id: 'a928a03d41f209b65455ff211fac1cbc') in 0.0145599 seconds
Number of updated asset objects reloaded before import = 0Number of asset objects unloaded after import = 3

========================================================================
Received Import Request.
  Time since last request: 0.000017 seconds.
  path: Assets/Third-Party/Pastel Icons/resource/style02/shape019_style02_color11.png
  artifactKey: Guid(6804b3c2ba26b684ca89548e0deecbb2) Importer(815301076,1909f56bfc062723c751e8b465ee728b)
Start importing Assets/Third-Party/Pastel Icons/resource/style02/shape019_style02_color11.png using Guid(6804b3c2ba26b684ca89548e0deecbb2) Importer(815301076,1909f56bfc062723c751e8b465ee728b) (PreviewImporter) -> (artifact id: 'b773371ab376fa9f480b218d773a9bb7') in 0.0133683 seconds
Number of updated asset objects reloaded before import = 0Number of asset objects unloaded after import = 3

========================================================================
Received Import Request.
  Time since last request: 0.019146 seconds.
  path: Assets/Third-Party/Pastel Icons/resource/style03/shape019_style03_color01.png
  artifactKey: Guid(ef0f7f64fa97bbb4991ebab73e8cf74c) Importer(815301076,1909f56bfc062723c751e8b465ee728b)
Start importing Assets/Third-Party/Pastel Icons/resource/style03/shape019_style03_color01.png using Guid(ef0f7f64fa97bbb4991ebab73e8cf74c) Importer(815301076,1909f56bfc062723c751e8b465ee728b) (PreviewImporter) -> (artifact id: '694e62b3762cf11084a3927d53421180') in 0.0142107 seconds
Number of updated asset objects reloaded before import = 0Number of asset objects unloaded after import = 3

========================================================================
Received Import Request.
  Time since last request: 0.000015 seconds.
  path: Assets/Third-Party/Pastel Icons/resource/style03/shape019_style03_color05.png
  artifactKey: Guid(127d70c472714f8438e1c22d7f653cd6) Importer(815301076,1909f56bfc062723c751e8b465ee728b)
Start importing Assets/Third-Party/Pastel Icons/resource/style03/shape019_style03_color05.png using Guid(127d70c472714f8438e1c22d7f653cd6) Importer(815301076,1909f56bfc062723c751e8b465ee728b) (PreviewImporter) -> (artifact id: 'ace4a5ad8a74b7370c9ac89cec1969e5') in 0.0134686 seconds
Number of updated asset objects reloaded before import = 0Number of asset objects unloaded after import = 3

========================================================================
Received Import Request.
  Time since last request: 0.455278 seconds.
  path: Assets/Third-Party/Pastel Icons/resource/style03/shape019_style03_color06.png
  artifactKey: Guid(e60b6517031d8e7458380e51018f40cc) Importer(815301076,1909f56bfc062723c751e8b465ee728b)
Start importing Assets/Third-Party/Pastel Icons/resource/style03/shape019_style03_color06.png using Guid(e60b6517031d8e7458380e51018f40cc) Importer(815301076,1909f56bfc062723c751e8b465ee728b) (PreviewImporter) -> (artifact id: 'eaf281a905c7380fb8253ebd78961764') in 0.0164045 seconds
Number of updated asset objects reloaded before import = 0Number of asset objects unloaded after import = 3

========================================================================
Received Import Request.
  Time since last request: 0.000013 seconds.
  path: Assets/Third-Party/Pastel Icons/resource/style03/shape019_style03_color10.png
  artifactKey: Guid(bde180470dbc81045bf899db16cd96e9) Importer(815301076,1909f56bfc062723c751e8b465ee728b)
Start importing Assets/Third-Party/Pastel Icons/resource/style03/shape019_style03_color10.png using Guid(bde180470dbc81045bf899db16cd96e9) Importer(815301076,1909f56bfc062723c751e8b465ee728b) (PreviewImporter) -> (artifact id: 'ea2528f609fb214f60586301777bd4ad') in 0.013761 seconds
Number of updated asset objects reloaded before import = 0Number of asset objects unloaded after import = 3

========================================================================
Received Import Request.
  Time since last request: 0.971642 seconds.
  path: Assets/Third-Party/Pastel Icons/resource/style03/shape019_style03_color11.png
  artifactKey: Guid(62114777ca03cce46b044e093255fc11) Importer(815301076,1909f56bfc062723c751e8b465ee728b)
Start importing Assets/Third-Party/Pastel Icons/resource/style03/shape019_style03_color11.png using Guid(62114777ca03cce46b044e093255fc11) Importer(815301076,1909f56bfc062723c751e8b465ee728b) (PreviewImporter) -> (artifact id: '0a4d30083ce01136d0d06bce3e0f77c2') in 0.0153765 seconds
Number of updated asset objects reloaded before import = 0Number of asset objects unloaded after import = 3

========================================================================
Received Import Request.
  Time since last request: 0.000018 seconds.
  path: Assets/Third-Party/Pastel Icons/resource/style01/shape020_style01_color02.png
  artifactKey: Guid(2d84f74ceb6f4f8429a796fc9bebcf9a) Importer(815301076,1909f56bfc062723c751e8b465ee728b)
Start importing Assets/Third-Party/Pastel Icons/resource/style01/shape020_style01_color02.png using Guid(2d84f74ceb6f4f8429a796fc9bebcf9a) Importer(815301076,1909f56bfc062723c751e8b465ee728b) (PreviewImporter) -> (artifact id: '464832a9159c8d078b3f78b4c8c5d4e1') in 0.0150736 seconds
Number of updated asset objects reloaded before import = 0Number of asset objects unloaded after import = 3

========================================================================
Received Import Request.
  Time since last request: 0.000017 seconds.
  path: Assets/Third-Party/Pastel Icons/resource/style01/shape020_style01_color06.png
  artifactKey: Guid(9eaa6761da447a24fab4fadc4fa5818d) Importer(815301076,1909f56bfc062723c751e8b465ee728b)
Start importing Assets/Third-Party/Pastel Icons/resource/style01/shape020_style01_color06.png using Guid(9eaa6761da447a24fab4fadc4fa5818d) Importer(815301076,1909f56bfc062723c751e8b465ee728b) (PreviewImporter) -> (artifact id: 'ec5b27a8a723ddef1f26d7926cf6a54d') in 0.014043 seconds
Number of updated asset objects reloaded before import = 0Number of asset objects unloaded after import = 3

========================================================================
Received Import Request.
  Time since last request: 0.000019 seconds.
  path: Assets/Third-Party/Pastel Icons/resource/style01/shape020_style01_color05.png
  artifactKey: Guid(260d1bb4889285445a0a71dc52478f3a) Importer(815301076,1909f56bfc062723c751e8b465ee728b)
Start importing Assets/Third-Party/Pastel Icons/resource/style01/shape020_style01_color05.png using Guid(260d1bb4889285445a0a71dc52478f3a) Importer(815301076,1909f56bfc062723c751e8b465ee728b) (PreviewImporter) -> (artifact id: 'c4b2994559ad0389d036333bbdd5ffee') in 0.0122627 seconds
Number of updated asset objects reloaded before import = 0Number of asset objects unloaded after import = 3

========================================================================
Received Import Request.
  Time since last request: 0.328455 seconds.
  path: Assets/Third-Party/Pastel Icons/resource/style01/shape020_style01_color09.png
  artifactKey: Guid(9eec71dc46b4eea4fb2a7bef9c05223d) Importer(815301076,1909f56bfc062723c751e8b465ee728b)
Start importing Assets/Third-Party/Pastel Icons/resource/style01/shape020_style01_color09.png using Guid(9eec71dc46b4eea4fb2a7bef9c05223d) Importer(815301076,1909f56bfc062723c751e8b465ee728b) (PreviewImporter) -> (artifact id: '382ff65a3c5c57b4aaed81d7a104eb17') in 0.0161872 seconds
Number of updated asset objects reloaded before import = 0Number of asset objects unloaded after import = 3

========================================================================
Received Import Request.
  Time since last request: 0.000017 seconds.
  path: Assets/Third-Party/Pastel Icons/resource/style01/shape020_style01_color12.png
  artifactKey: Guid(6422617d690e19c468aeac435e223f39) Importer(815301076,1909f56bfc062723c751e8b465ee728b)
Start importing Assets/Third-Party/Pastel Icons/resource/style01/shape020_style01_color12.png using Guid(6422617d690e19c468aeac435e223f39) Importer(815301076,1909f56bfc062723c751e8b465ee728b) (PreviewImporter) -> (artifact id: '9426029e719c5f9b5ba12716056c8fc9') in 0.014199 seconds
Number of updated asset objects reloaded before import = 0Number of asset objects unloaded after import = 3

========================================================================
Received Import Request.
  Time since last request: 0.023919 seconds.
  path: Assets/Third-Party/Pastel Icons/resource/style02/shape020_style02_color02.png
  artifactKey: Guid(e96a81747476f1c4f872a477d0ddc8d8) Importer(815301076,1909f56bfc062723c751e8b465ee728b)
Start importing Assets/Third-Party/Pastel Icons/resource/style02/shape020_style02_color02.png using Guid(e96a81747476f1c4f872a477d0ddc8d8) Importer(815301076,1909f56bfc062723c751e8b465ee728b) (PreviewImporter) -> (artifact id: 'ad212501811dd241dd2df8af0e8c136f') in 0.0145293 seconds
Number of updated asset objects reloaded before import = 0Number of asset objects unloaded after import = 3

========================================================================
Received Import Request.
  Time since last request: 0.000018 seconds.
  path: Assets/Third-Party/Pastel Icons/resource/style02/shape020_style02_color06.png
  artifactKey: Guid(aa0e0f6b8a42ddb40b8ea0b0fdb579c9) Importer(815301076,1909f56bfc062723c751e8b465ee728b)
Start importing Assets/Third-Party/Pastel Icons/resource/style02/shape020_style02_color06.png using Guid(aa0e0f6b8a42ddb40b8ea0b0fdb579c9) Importer(815301076,1909f56bfc062723c751e8b465ee728b) (PreviewImporter) -> (artifact id: 'f772d70847ef3718814c797c3f3278bc') in 0.0137126 seconds
Number of updated asset objects reloaded before import = 0Number of asset objects unloaded after import = 3

========================================================================
Received Import Request.
  Time since last request: 0.015587 seconds.
  path: Assets/Third-Party/Pastel Icons/resource/style02/shape020_style02_color07.png
  artifactKey: Guid(5e8fae4eb0d8bc749bcd836d1b7429ca) Importer(815301076,1909f56bfc062723c751e8b465ee728b)
Start importing Assets/Third-Party/Pastel Icons/resource/style02/shape020_style02_color07.png using Guid(5e8fae4eb0d8bc749bcd836d1b7429ca) Importer(815301076,1909f56bfc062723c751e8b465ee728b) (PreviewImporter) -> (artifact id: 'b38f5ef033be919a8e4268a81c5688f9') in 0.0173337 seconds
Number of updated asset objects reloaded before import = 0Number of asset objects unloaded after import = 3

========================================================================
Received Import Request.
  Time since last request: 0.502296 seconds.
  path: Assets/Third-Party/Pastel Icons/resource/style02/shape020_style02_color12.png
  artifactKey: Guid(842e2e3f726cf314e974241c7a662af2) Importer(815301076,1909f56bfc062723c751e8b465ee728b)
Start importing Assets/Third-Party/Pastel Icons/resource/style02/shape020_style02_color12.png using Guid(842e2e3f726cf314e974241c7a662af2) Importer(815301076,1909f56bfc062723c751e8b465ee728b) (PreviewImporter) -> (artifact id: '5b3f7720f3f6dc7652c4640d44969755') in 0.0157458 seconds
Number of updated asset objects reloaded before import = 0Number of asset objects unloaded after import = 3

========================================================================
Received Import Request.
  Time since last request: 0.000017 seconds.
  path: Assets/Third-Party/Pastel Icons/resource/style03/shape020_style03_color04.png
  artifactKey: Guid(d55315e1780cea04dba5d24f1e8f92ea) Importer(815301076,1909f56bfc062723c751e8b465ee728b)
Start importing Assets/Third-Party/Pastel Icons/resource/style03/shape020_style03_color04.png using Guid(d55315e1780cea04dba5d24f1e8f92ea) Importer(815301076,1909f56bfc062723c751e8b465ee728b) (PreviewImporter) -> (artifact id: '754697a7feadfd87a29f4602f8298e87') in 0.0141478 seconds
Number of updated asset objects reloaded before import = 0Number of asset objects unloaded after import = 3

========================================================================
Received Import Request.
  Time since last request: 0.000018 seconds.
  path: Assets/Third-Party/Pastel Icons/resource/style03/shape020_style03_color07.png
  artifactKey: Guid(423c363c42b55844db501e9a333c6948) Importer(815301076,1909f56bfc062723c751e8b465ee728b)
Start importing Assets/Third-Party/Pastel Icons/resource/style03/shape020_style03_color07.png using Guid(423c363c42b55844db501e9a333c6948) Importer(815301076,1909f56bfc062723c751e8b465ee728b) (PreviewImporter) -> (artifact id: '3050de05a6acd63bd264288428d8267c') in 0.0142012 seconds
Number of updated asset objects reloaded before import = 0Number of asset objects unloaded after import = 3

========================================================================
Received Import Request.
  Time since last request: 0.000016 seconds.
  path: Assets/Third-Party/Pastel Icons/resource/style03/shape020_style03_color06.png
  artifactKey: Guid(65d63a82259865142a41a69893798766) Importer(815301076,1909f56bfc062723c751e8b465ee728b)
Start importing Assets/Third-Party/Pastel Icons/resource/style03/shape020_style03_color06.png using Guid(65d63a82259865142a41a69893798766) Importer(815301076,1909f56bfc062723c751e8b465ee728b) (PreviewImporter) -> (artifact id: 'd897563729d4b75ee9e5a088f671eeda') in 0.012487 seconds
Number of updated asset objects reloaded before import = 0Number of asset objects unloaded after import = 3

========================================================================
Received Import Request.
  Time since last request: 0.010376 seconds.
  path: Assets/Third-Party/Pastel Icons/resource/style03/shape020_style03_color10.png
  artifactKey: Guid(99ad94257f2a0714c9637dd666b2b7a9) Importer(815301076,1909f56bfc062723c751e8b465ee728b)
Start importing Assets/Third-Party/Pastel Icons/resource/style03/shape020_style03_color10.png using Guid(99ad94257f2a0714c9637dd666b2b7a9) Importer(815301076,1909f56bfc062723c751e8b465ee728b) (PreviewImporter) -> (artifact id: 'ad56842e48fcaece85f22475c726964f') in 0.0144475 seconds
Number of updated asset objects reloaded before import = 0Number of asset objects unloaded after import = 3

========================================================================
Received Import Request.
  Time since last request: 0.000017 seconds.
  path: Assets/Third-Party/Pastel Icons/resource/style01/shape021_style01_color02.png
  artifactKey: Guid(5d881d91831d40e4ea41493c343be370) Importer(815301076,1909f56bfc062723c751e8b465ee728b)
Start importing Assets/Third-Party/Pastel Icons/resource/style01/shape021_style01_color02.png using Guid(5d881d91831d40e4ea41493c343be370) Importer(815301076,1909f56bfc062723c751e8b465ee728b) (PreviewImporter) -> (artifact id: 'f36396169358eb4703059dad0b124ce6') in 0.0132634 seconds
Number of updated asset objects reloaded before import = 0Number of asset objects unloaded after import = 3

========================================================================
Received Import Request.
  Time since last request: 0.570885 seconds.
  path: Assets/Third-Party/Pastel Icons/resource/style01/shape021_style01_color03.png
  artifactKey: Guid(f1b9d0f37316aca43a464a543f35a2d1) Importer(815301076,1909f56bfc062723c751e8b465ee728b)
Start importing Assets/Third-Party/Pastel Icons/resource/style01/shape021_style01_color03.png using Guid(f1b9d0f37316aca43a464a543f35a2d1) Importer(815301076,1909f56bfc062723c751e8b465ee728b) (PreviewImporter) -> (artifact id: 'a1d53a53dcc4f71eaf6ab6c7557c17f0') in 0.0150432 seconds
Number of updated asset objects reloaded before import = 0Number of asset objects unloaded after import = 3

========================================================================
Received Import Request.
  Time since last request: 0.000017 seconds.
  path: Assets/Third-Party/Pastel Icons/resource/style01/shape021_style01_color06.png
  artifactKey: Guid(06e860b27f5e63846b9b9c800ecc3c61) Importer(815301076,1909f56bfc062723c751e8b465ee728b)
Start importing Assets/Third-Party/Pastel Icons/resource/style01/shape021_style01_color06.png using Guid(06e860b27f5e63846b9b9c800ecc3c61) Importer(815301076,1909f56bfc062723c751e8b465ee728b) (PreviewImporter) -> (artifact id: '9fdb10075d01e57ad71b0dde25c3aca5') in 0.0133334 seconds
Number of updated asset objects reloaded before import = 0Number of asset objects unloaded after import = 3

========================================================================
Received Import Request.
  Time since last request: 0.036691 seconds.
  path: Assets/Third-Party/Pastel Icons/resource/style01/shape021_style01_color08.png
  artifactKey: Guid(ea61005a2198f714382706acfc38be8f) Importer(815301076,1909f56bfc062723c751e8b465ee728b)
Start importing Assets/Third-Party/Pastel Icons/resource/style01/shape021_style01_color08.png using Guid(ea61005a2198f714382706acfc38be8f) Importer(815301076,1909f56bfc062723c751e8b465ee728b) (PreviewImporter) -> (artifact id: 'b4f1cf2586f8b64a02bde89a4d6069f7') in 0.01457 seconds
Number of updated asset objects reloaded before import = 0Number of asset objects unloaded after import = 3

========================================================================
Received Import Request.
  Time since last request: 0.000017 seconds.
  path: Assets/Third-Party/Pastel Icons/resource/style01/shape021_style01_color11.png
  artifactKey: Guid(ab450de0cf6efb8439026b673dde0714) Importer(815301076,1909f56bfc062723c751e8b465ee728b)
Start importing Assets/Third-Party/Pastel Icons/resource/style01/shape021_style01_color11.png using Guid(ab450de0cf6efb8439026b673dde0714) Importer(815301076,1909f56bfc062723c751e8b465ee728b) (PreviewImporter) -> (artifact id: 'f2c2264cff8f399446e9b90fe892fab7') in 0.0156965 seconds
Number of updated asset objects reloaded before import = 0Number of asset objects unloaded after import = 3

========================================================================
Received Import Request.
  Time since last request: 0.000014 seconds.
  path: Assets/Third-Party/Pastel Icons/resource/style02/shape021_style02_color05.png
  artifactKey: Guid(bde12fbbf509e1142a6a57985a7de53b) Importer(815301076,1909f56bfc062723c751e8b465ee728b)
Start importing Assets/Third-Party/Pastel Icons/resource/style02/shape021_style02_color05.png using Guid(bde12fbbf509e1142a6a57985a7de53b) Importer(815301076,1909f56bfc062723c751e8b465ee728b) (PreviewImporter) -> (artifact id: '37ccddd4518d1c5bea8302496b649f6b') in 0.0138201 seconds
Number of updated asset objects reloaded before import = 0Number of asset objects unloaded after import = 3

========================================================================
Received Import Request.
  Time since last request: 0.000018 seconds.
  path: Assets/Third-Party/Pastel Icons/resource/style02/shape021_style02_color03.png
  artifactKey: Guid(cb40452690bd5b342b27551b48f1d45a) Importer(815301076,1909f56bfc062723c751e8b465ee728b)
Start importing Assets/Third-Party/Pastel Icons/resource/style02/shape021_style02_color03.png using Guid(cb40452690bd5b342b27551b48f1d45a) Importer(815301076,1909f56bfc062723c751e8b465ee728b) (PreviewImporter) -> (artifact id: '437021299735638fdfdf4bdf7ef0ae22') in 0.012445 seconds
Number of updated asset objects reloaded before import = 0Number of asset objects unloaded after import = 3

========================================================================
Received Import Request.
  Time since last request: 1.549630 seconds.
  path: Assets/Third-Party/Pastel Icons/resource/style02/shape021_style02_color06.png
  artifactKey: Guid(3c8d439ed3f286444a7bb3b73c290290) Importer(815301076,1909f56bfc062723c751e8b465ee728b)
Start importing Assets/Third-Party/Pastel Icons/resource/style02/shape021_style02_color06.png using Guid(3c8d439ed3f286444a7bb3b73c290290) Importer(815301076,1909f56bfc062723c751e8b465ee728b) (PreviewImporter) -> (artifact id: 'ee044bff6551300a73116a95487f3fb6') in 0.0147995 seconds
Number of updated asset objects reloaded before import = 0Number of asset objects unloaded after import = 3

========================================================================
Received Import Request.
  Time since last request: 0.000014 seconds.
  path: Assets/Third-Party/Pastel Icons/resource/style02/shape021_style02_color10.png
  artifactKey: Guid(6148ad9f7c97c7d4ea01608af598a6a8) Importer(815301076,1909f56bfc062723c751e8b465ee728b)
Start importing Assets/Third-Party/Pastel Icons/resource/style02/shape021_style02_color10.png using Guid(6148ad9f7c97c7d4ea01608af598a6a8) Importer(815301076,1909f56bfc062723c751e8b465ee728b) (PreviewImporter) -> (artifact id: '06201641f2e270b341a77b3a70bb7d79') in 0.0130292 seconds
Number of updated asset objects reloaded before import = 0Number of asset objects unloaded after import = 3

========================================================================
Received Import Request.
  Time since last request: 0.019010 seconds.
  path: Assets/Third-Party/Pastel Icons/resource/style02/shape021_style02_color11.png
  artifactKey: Guid(ec567b4add1c33d47bdb28542668a0b4) Importer(815301076,1909f56bfc062723c751e8b465ee728b)
Start importing Assets/Third-Party/Pastel Icons/resource/style02/shape021_style02_color11.png using Guid(ec567b4add1c33d47bdb28542668a0b4) Importer(815301076,1909f56bfc062723c751e8b465ee728b) (PreviewImporter) -> (artifact id: '4b0cb50354bb136efcd764817472f2ce') in 0.015389 seconds
Number of updated asset objects reloaded before import = 0Number of asset objects unloaded after import = 3

========================================================================
Received Import Request.
  Time since last request: 0.000016 seconds.
  path: Assets/Third-Party/Pastel Icons/resource/style03/shape021_style03_color02.png
  artifactKey: Guid(7739e266e77005f4c8c965b8693b09a3) Importer(815301076,1909f56bfc062723c751e8b465ee728b)
Start importing Assets/Third-Party/Pastel Icons/resource/style03/shape021_style03_color02.png using Guid(7739e266e77005f4c8c965b8693b09a3) Importer(815301076,1909f56bfc062723c751e8b465ee728b) (PreviewImporter) -> (artifact id: 'b3bd5fe80240e60076578ecc7b9b7182') in 0.0131201 seconds
Number of updated asset objects reloaded before import = 0Number of asset objects unloaded after import = 3

========================================================================
Received Import Request.
  Time since last request: 0.017609 seconds.
  path: Assets/Third-Party/Pastel Icons/resource/style03/shape021_style03_color04.png
  artifactKey: Guid(3a5b91fffe34baf4bbb35a220cbb0349) Importer(815301076,1909f56bfc062723c751e8b465ee728b)
Start importing Assets/Third-Party/Pastel Icons/resource/style03/shape021_style03_color04.png using Guid(3a5b91fffe34baf4bbb35a220cbb0349) Importer(815301076,1909f56bfc062723c751e8b465ee728b) (PreviewImporter) -> (artifact id: '1465f9731ae16f8560a0f44adc1d9ab0') in 0.0156658 seconds
Number of updated asset objects reloaded before import = 0Number of asset objects unloaded after import = 3

========================================================================
Received Import Request.
  Time since last request: 0.575375 seconds.
  path: Assets/Third-Party/Pastel Icons/resource/style03/shape021_style03_color09.png
  artifactKey: Guid(137d035aa6999fd4f9a40a42ffed4286) Importer(815301076,1909f56bfc062723c751e8b465ee728b)
Start importing Assets/Third-Party/Pastel Icons/resource/style03/shape021_style03_color09.png using Guid(137d035aa6999fd4f9a40a42ffed4286) Importer(815301076,1909f56bfc062723c751e8b465ee728b) (PreviewImporter) -> (artifact id: '981ebba50ed55ed071fa570035f963dc') in 0.0155551 seconds
Number of updated asset objects reloaded before import = 0Number of asset objects unloaded after import = 3

========================================================================
Received Import Request.
  Time since last request: 0.000014 seconds.
  path: Assets/Third-Party/Pastel Icons/resource/style01/shape022_style01_color01.png
  artifactKey: Guid(d46696504a7589a4dbf361e4bb253650) Importer(815301076,1909f56bfc062723c751e8b465ee728b)
Start importing Assets/Third-Party/Pastel Icons/resource/style01/shape022_style01_color01.png using Guid(d46696504a7589a4dbf361e4bb253650) Importer(815301076,1909f56bfc062723c751e8b465ee728b) (PreviewImporter) -> (artifact id: 'a4838c739ee4e20cb08db7251753965a') in 0.0136966 seconds
Number of updated asset objects reloaded before import = 0Number of asset objects unloaded after import = 3

========================================================================
Received Import Request.
  Time since last request: 0.015395 seconds.
  path: Assets/Third-Party/Pastel Icons/resource/style01/shape022_style01_color02.png
  artifactKey: Guid(2c18cbc101278704d90029950a3db414) Importer(815301076,1909f56bfc062723c751e8b465ee728b)
Start importing Assets/Third-Party/Pastel Icons/resource/style01/shape022_style01_color02.png using Guid(2c18cbc101278704d90029950a3db414) Importer(815301076,1909f56bfc062723c751e8b465ee728b) (PreviewImporter) -> (artifact id: 'fc279792f84467a898ba190b5040f4d6') in 0.0135804 seconds
Number of updated asset objects reloaded before import = 0Number of asset objects unloaded after import = 3

========================================================================
Received Import Request.
  Time since last request: 0.000017 seconds.
  path: Assets/Third-Party/Pastel Icons/resource/style01/shape022_style01_color05.png
  artifactKey: Guid(aecb2efdbd85fc64f8efb9f574a77b69) Importer(815301076,1909f56bfc062723c751e8b465ee728b)
Start importing Assets/Third-Party/Pastel Icons/resource/style01/shape022_style01_color05.png using Guid(aecb2efdbd85fc64f8efb9f574a77b69) Importer(815301076,1909f56bfc062723c751e8b465ee728b) (PreviewImporter) -> (artifact id: '92ae9b5e41490ac9eadf7a00af478561') in 0.01451 seconds
Number of updated asset objects reloaded before import = 0Number of asset objects unloaded after import = 3

========================================================================
Received Import Request.
  Time since last request: 0.000016 seconds.
  path: Assets/Third-Party/Pastel Icons/resource/style01/shape022_style01_color07.png
  artifactKey: Guid(25679a2aa01fcad4f9557dea0305219e) Importer(815301076,1909f56bfc062723c751e8b465ee728b)
Start importing Assets/Third-Party/Pastel Icons/resource/style01/shape022_style01_color07.png using Guid(25679a2aa01fcad4f9557dea0305219e) Importer(815301076,1909f56bfc062723c751e8b465ee728b) (PreviewImporter) -> (artifact id: '1b85fe32ab70556a40fb851d22a05a66') in 0.0142195 seconds
Number of updated asset objects reloaded before import = 0Number of asset objects unloaded after import = 3

========================================================================
Received Import Request.
  Time since last request: 0.000017 seconds.
  path: Assets/Third-Party/Pastel Icons/resource/style01/shape022_style01_color11.png
  artifactKey: Guid(0957719adb73b4146883f914e2df05fd) Importer(815301076,1909f56bfc062723c751e8b465ee728b)
Start importing Assets/Third-Party/Pastel Icons/resource/style01/shape022_style01_color11.png using Guid(0957719adb73b4146883f914e2df05fd) Importer(815301076,1909f56bfc062723c751e8b465ee728b) (PreviewImporter) -> (artifact id: '45f94052e6b44b4fb4fc49e15f806733') in 0.0131213 seconds
Number of updated asset objects reloaded before import = 0Number of asset objects unloaded after import = 3

========================================================================
Received Import Request.
  Time since last request: 1.421846 seconds.
  path: Assets/Third-Party/Pastel Icons/resource/style01/shape022_style01_color12.png
  artifactKey: Guid(d439aae3a8a89824d9559b0c6b1c5b5c) Importer(815301076,1909f56bfc062723c751e8b465ee728b)
Start importing Assets/Third-Party/Pastel Icons/resource/style01/shape022_style01_color12.png using Guid(d439aae3a8a89824d9559b0c6b1c5b5c) Importer(815301076,1909f56bfc062723c751e8b465ee728b) (PreviewImporter) -> (artifact id: '69e2a6aaadc851aa6c75bc2bdf943471') in 0.0157114 seconds
Number of updated asset objects reloaded before import = 0Number of asset objects unloaded after import = 3

========================================================================
Received Import Request.
  Time since last request: 0.000017 seconds.
  path: Assets/Third-Party/Pastel Icons/resource/style02/shape022_style02_color04.png
  artifactKey: Guid(eb5217327ed1b0b468a740f251cf96e7) Importer(815301076,1909f56bfc062723c751e8b465ee728b)
Start importing Assets/Third-Party/Pastel Icons/resource/style02/shape022_style02_color04.png using Guid(eb5217327ed1b0b468a740f251cf96e7) Importer(815301076,1909f56bfc062723c751e8b465ee728b) (PreviewImporter) -> (artifact id: '3b0c0ce50fd9394ffc23e9cb2aa3f5c9') in 0.0133252 seconds
Number of updated asset objects reloaded before import = 0Number of asset objects unloaded after import = 3

========================================================================
Received Import Request.
  Time since last request: 0.019169 seconds.
  path: Assets/Third-Party/Pastel Icons/resource/style02/shape022_style02_color05.png
  artifactKey: Guid(1b71aaf8bde4bb64cb7577a0b1005652) Importer(815301076,1909f56bfc062723c751e8b465ee728b)
Start importing Assets/Third-Party/Pastel Icons/resource/style02/shape022_style02_color05.png using Guid(1b71aaf8bde4bb64cb7577a0b1005652) Importer(815301076,1909f56bfc062723c751e8b465ee728b) (PreviewImporter) -> (artifact id: '4b67ad3d0b854ccbf59dda53c8fdf711') in 0.0146669 seconds
Number of updated asset objects reloaded before import = 0Number of asset objects unloaded after import = 3

========================================================================
Received Import Request.
  Time since last request: 0.000017 seconds.
  path: Assets/Third-Party/Pastel Icons/resource/style02/shape022_style02_color11.png
  artifactKey: Guid(e326ed9a555d2dd44835d4978c857406) Importer(815301076,1909f56bfc062723c751e8b465ee728b)
Start importing Assets/Third-Party/Pastel Icons/resource/style02/shape022_style02_color11.png using Guid(e326ed9a555d2dd44835d4978c857406) Importer(815301076,1909f56bfc062723c751e8b465ee728b) (PreviewImporter) -> (artifact id: 'd3d515aae2961cb2378b7c3de938fb15') in 0.0143689 seconds
Number of updated asset objects reloaded before import = 0Number of asset objects unloaded after import = 3

========================================================================
Received Import Request.
  Time since last request: 0.000016 seconds.
  path: Assets/Third-Party/Pastel Icons/resource/style03/shape022_style03_color02.png
  artifactKey: Guid(019fae6df7c02fe4c8602c8a24bf6bb1) Importer(815301076,1909f56bfc062723c751e8b465ee728b)
Start importing Assets/Third-Party/Pastel Icons/resource/style03/shape022_style03_color02.png using Guid(019fae6df7c02fe4c8602c8a24bf6bb1) Importer(815301076,1909f56bfc062723c751e8b465ee728b) (PreviewImporter) -> (artifact id: '03f7bfd3b766b88c0ce2829b75105fa6') in 0.0142213 seconds
Number of updated asset objects reloaded before import = 0Number of asset objects unloaded after import = 3

========================================================================
Received Import Request.
  Time since last request: 0.040117 seconds.
  path: Assets/Third-Party/Pastel Icons/resource/style03/shape022_style03_color03.png
  artifactKey: Guid(73133ad7635bb364ca7f0c58b3374bb7) Importer(815301076,1909f56bfc062723c751e8b465ee728b)
Start importing Assets/Third-Party/Pastel Icons/resource/style03/shape022_style03_color03.png using Guid(73133ad7635bb364ca7f0c58b3374bb7) Importer(815301076,1909f56bfc062723c751e8b465ee728b) (PreviewImporter) -> (artifact id: '379d4e5a2fbf602616e3194483d11dab') in 0.0150201 seconds
Number of updated asset objects reloaded before import = 0Number of asset objects unloaded after import = 3

========================================================================
Received Import Request.
  Time since last request: 0.000014 seconds.
  path: Assets/Third-Party/Pastel Icons/resource/style03/shape022_style03_color06.png
  artifactKey: Guid(436673ca95ac9524ba93a365b5537c09) Importer(815301076,1909f56bfc062723c751e8b465ee728b)
Start importing Assets/Third-Party/Pastel Icons/resource/style03/shape022_style03_color06.png using Guid(436673ca95ac9524ba93a365b5537c09) Importer(815301076,1909f56bfc062723c751e8b465ee728b) (PreviewImporter) -> (artifact id: '9ec78de30dcf71468c591e00f49a1426') in 0.0141781 seconds
Number of updated asset objects reloaded before import = 0Number of asset objects unloaded after import = 3

========================================================================
Received Import Request.
  Time since last request: 0.495354 seconds.
  path: Assets/Third-Party/Pastel Icons/resource/style03/shape022_style03_color08.png
  artifactKey: Guid(cc729e638e56f5f4ea30745f38df2e6a) Importer(815301076,1909f56bfc062723c751e8b465ee728b)
Start importing Assets/Third-Party/Pastel Icons/resource/style03/shape022_style03_color08.png using Guid(cc729e638e56f5f4ea30745f38df2e6a) Importer(815301076,1909f56bfc062723c751e8b465ee728b) (PreviewImporter) -> (artifact id: '8411aef2d757cfc81d820a1b9c90869e') in 0.015563 seconds
Number of updated asset objects reloaded before import = 0Number of asset objects unloaded after import = 3

========================================================================
Received Import Request.
  Time since last request: 0.000014 seconds.
  path: Assets/Third-Party/Pastel Icons/resource/style03/shape022_style03_color12.png
  artifactKey: Guid(50e65c21790f2bc43a7cc50f7691a292) Importer(815301076,1909f56bfc062723c751e8b465ee728b)
Start importing Assets/Third-Party/Pastel Icons/resource/style03/shape022_style03_color12.png using Guid(50e65c21790f2bc43a7cc50f7691a292) Importer(815301076,1909f56bfc062723c751e8b465ee728b) (PreviewImporter) -> (artifact id: '01de73e1b2eea771fc783862be59df25') in 0.0141092 seconds
Number of updated asset objects reloaded before import = 0Number of asset objects unloaded after import = 3

========================================================================
Received Import Request.
  Time since last request: 0.017821 seconds.
  path: Assets/Third-Party/Pastel Icons/resource/style01/shape023_style01_color01.png
  artifactKey: Guid(f927b4e686820884ba1fc42f05716af3) Importer(815301076,1909f56bfc062723c751e8b465ee728b)
Start importing Assets/Third-Party/Pastel Icons/resource/style01/shape023_style01_color01.png using Guid(f927b4e686820884ba1fc42f05716af3) Importer(815301076,1909f56bfc062723c751e8b465ee728b) (PreviewImporter) -> (artifact id: 'a6bdadfd0f8b99c7ab0c4172ad69833e') in 0.0154186 seconds
Number of updated asset objects reloaded before import = 0Number of asset objects unloaded after import = 3

========================================================================
Received Import Request.
  Time since last request: 0.000014 seconds.
  path: Assets/Third-Party/Pastel Icons/resource/style01/shape023_style01_color05.png
  artifactKey: Guid(97c96ac2200639f40b0ad8ca4491dad4) Importer(815301076,1909f56bfc062723c751e8b465ee728b)
Start importing Assets/Third-Party/Pastel Icons/resource/style01/shape023_style01_color05.png using Guid(97c96ac2200639f40b0ad8ca4491dad4) Importer(815301076,1909f56bfc062723c751e8b465ee728b) (PreviewImporter) -> (artifact id: '6afe692f7e65017f344e46c23990db98') in 0.0276874 seconds
Number of updated asset objects reloaded before import = 0Number of asset objects unloaded after import = 3

========================================================================
Received Import Request.
  Time since last request: 0.000016 seconds.
  path: Assets/Third-Party/Pastel Icons/resource/style01/shape023_style01_color09.png
  artifactKey: Guid(48bb7b6ba6c935f48a3a4abf6b2accc1) Importer(815301076,1909f56bfc062723c751e8b465ee728b)
Start importing Assets/Third-Party/Pastel Icons/resource/style01/shape023_style01_color09.png using Guid(48bb7b6ba6c935f48a3a4abf6b2accc1) Importer(815301076,1909f56bfc062723c751e8b465ee728b) (PreviewImporter) -> (artifact id: 'cc937dcbe65bb28cc07cd9b90b80a5f3') in 0.0181456 seconds
Number of updated asset objects reloaded before import = 0Number of asset objects unloaded after import = 3

========================================================================
Received Import Request.
  Time since last request: 0.000017 seconds.
  path: Assets/Third-Party/Pastel Icons/resource/style01/shape023_style01_color08.png
  artifactKey: Guid(b54524306c7ab234d8aea49f9389c38d) Importer(815301076,1909f56bfc062723c751e8b465ee728b)
Start importing Assets/Third-Party/Pastel Icons/resource/style01/shape023_style01_color08.png using Guid(b54524306c7ab234d8aea49f9389c38d) Importer(815301076,1909f56bfc062723c751e8b465ee728b) (PreviewImporter) -> (artifact id: '4b9535809ac219701296cb666888485c') in 0.0128871 seconds
Number of updated asset objects reloaded before import = 0Number of asset objects unloaded after import = 3

========================================================================
Received Import Request.
  Time since last request: 0.386069 seconds.
  path: Assets/Third-Party/Pastel Icons/resource/style01/shape023_style01_color11.png
  artifactKey: Guid(cd3e4749069f7fb4380d28c7678e9e9d) Importer(815301076,1909f56bfc062723c751e8b465ee728b)
Start importing Assets/Third-Party/Pastel Icons/resource/style01/shape023_style01_color11.png using Guid(cd3e4749069f7fb4380d28c7678e9e9d) Importer(815301076,1909f56bfc062723c751e8b465ee728b) (PreviewImporter) -> (artifact id: 'eeef54953210b681c2d5da7cfe7c243d') in 0.014763 seconds
Number of updated asset objects reloaded before import = 0Number of asset objects unloaded after import = 3

========================================================================
Received Import Request.
  Time since last request: 0.000014 seconds.
  path: Assets/Third-Party/Pastel Icons/resource/style02/shape023_style02_color02.png
  artifactKey: Guid(76cfcc69b6de1ad4b9f4e6f427af1339) Importer(815301076,1909f56bfc062723c751e8b465ee728b)
Start importing Assets/Third-Party/Pastel Icons/resource/style02/shape023_style02_color02.png using Guid(76cfcc69b6de1ad4b9f4e6f427af1339) Importer(815301076,1909f56bfc062723c751e8b465ee728b) (PreviewImporter) -> (artifact id: '40c7d10be6fbd7ced840801222c5e93e') in 0.0132474 seconds
Number of updated asset objects reloaded before import = 0Number of asset objects unloaded after import = 3

========================================================================
Received Import Request.
  Time since last request: 0.018618 seconds.
  path: Assets/Third-Party/Pastel Icons/resource/style02/shape023_style02_color04.png
  artifactKey: Guid(8c050047788f1f64797b781ee348abee) Importer(815301076,1909f56bfc062723c751e8b465ee728b)
Start importing Assets/Third-Party/Pastel Icons/resource/style02/shape023_style02_color04.png using Guid(8c050047788f1f64797b781ee348abee) Importer(815301076,1909f56bfc062723c751e8b465ee728b) (PreviewImporter) -> (artifact id: 'b0f4c365c0b0828f6f24bae95fcb146c') in 0.0145429 seconds
Number of updated asset objects reloaded before import = 0Number of asset objects unloaded after import = 3

========================================================================
Received Import Request.
  Time since last request: 0.000016 seconds.
  path: Assets/Third-Party/Pastel Icons/resource/style02/shape023_style02_color07.png
  artifactKey: Guid(61fa498ecb0d2ff4ba883b601381e892) Importer(815301076,1909f56bfc062723c751e8b465ee728b)
Start importing Assets/Third-Party/Pastel Icons/resource/style02/shape023_style02_color07.png using Guid(61fa498ecb0d2ff4ba883b601381e892) Importer(815301076,1909f56bfc062723c751e8b465ee728b) (PreviewImporter) -> (artifact id: '85a233eee8ec9abf3bdb1fa12e1581f6') in 0.0133693 seconds
Number of updated asset objects reloaded before import = 0Number of asset objects unloaded after import = 3

========================================================================
Received Import Request.
  Time since last request: 0.002393 seconds.
  path: Assets/Third-Party/Pastel Icons/resource/style02/shape023_style02_color09.png
  artifactKey: Guid(2695c7716b5f57642bef68f0217c0763) Importer(815301076,1909f56bfc062723c751e8b465ee728b)
Start importing Assets/Third-Party/Pastel Icons/resource/style02/shape023_style02_color09.png using Guid(2695c7716b5f57642bef68f0217c0763) Importer(815301076,1909f56bfc062723c751e8b465ee728b) (PreviewImporter) -> (artifact id: 'ca07f1d7376bafda7fca95a0d451a21a') in 0.0137919 seconds
Number of updated asset objects reloaded before import = 0Number of asset objects unloaded after import = 3

========================================================================
Received Import Request.
  Time since last request: 0.000014 seconds.
  path: Assets/Third-Party/Pastel Icons/resource/style03/shape023_style03_color01.png
  artifactKey: Guid(4383f36fa0747374dbc12154fadb8acd) Importer(815301076,1909f56bfc062723c751e8b465ee728b)
Start importing Assets/Third-Party/Pastel Icons/resource/style03/shape023_style03_color01.png using Guid(4383f36fa0747374dbc12154fadb8acd) Importer(815301076,1909f56bfc062723c751e8b465ee728b) (PreviewImporter) -> (artifact id: '6ba693dd23fef06d0dac537adb98f8d1') in 0.0133477 seconds
Number of updated asset objects reloaded before import = 0Number of asset objects unloaded after import = 3

========================================================================
Received Import Request.
  Time since last request: 0.380776 seconds.
  path: Assets/Third-Party/Pastel Icons/resource/style03/shape023_style03_color02.png
  artifactKey: Guid(aebc280be07a3b2499c4270d54d32944) Importer(815301076,1909f56bfc062723c751e8b465ee728b)
Start importing Assets/Third-Party/Pastel Icons/resource/style03/shape023_style03_color02.png using Guid(aebc280be07a3b2499c4270d54d32944) Importer(815301076,1909f56bfc062723c751e8b465ee728b) (PreviewImporter) -> (artifact id: '19d058f6efd8c6f98f3b4a00ea2dc3b7') in 0.0159714 seconds
Number of updated asset objects reloaded before import = 0Number of asset objects unloaded after import = 3

========================================================================
Received Import Request.
  Time since last request: 0.000018 seconds.
  path: Assets/Third-Party/Pastel Icons/resource/style03/shape023_style03_color09.png
  artifactKey: Guid(0650b0a45f6ed8c4bb642340e4187808) Importer(815301076,1909f56bfc062723c751e8b465ee728b)
Start importing Assets/Third-Party/Pastel Icons/resource/style03/shape023_style03_color09.png using Guid(0650b0a45f6ed8c4bb642340e4187808) Importer(815301076,1909f56bfc062723c751e8b465ee728b) (PreviewImporter) -> (artifact id: '06c7db97de9ef522fa6e7a5cbb2c5597') in 0.01428 seconds
Number of updated asset objects reloaded before import = 0Number of asset objects unloaded after import = 3

========================================================================
Received Import Request.
  Time since last request: 0.000026 seconds.
  path: Assets/Third-Party/Pastel Icons/resource/style03/shape023_style03_color11.png
  artifactKey: Guid(2a38a61cbaad4e847aec9ab8142206ec) Importer(815301076,1909f56bfc062723c751e8b465ee728b)
Start importing Assets/Third-Party/Pastel Icons/resource/style03/shape023_style03_color11.png using Guid(2a38a61cbaad4e847aec9ab8142206ec) Importer(815301076,1909f56bfc062723c751e8b465ee728b) (PreviewImporter) -> (artifact id: '307ac8eee3589d4e9b638930fb58d5f0') in 0.0144014 seconds
Number of updated asset objects reloaded before import = 0Number of asset objects unloaded after import = 3

========================================================================
Received Import Request.
  Time since last request: 0.020430 seconds.
  path: Assets/Third-Party/Pastel Icons/resource/style03/shape023_style03_color12.png
  artifactKey: Guid(db06dea10bbacbe43ab5a5603888743e) Importer(815301076,1909f56bfc062723c751e8b465ee728b)
Start importing Assets/Third-Party/Pastel Icons/resource/style03/shape023_style03_color12.png using Guid(db06dea10bbacbe43ab5a5603888743e) Importer(815301076,1909f56bfc062723c751e8b465ee728b) (PreviewImporter) -> (artifact id: '458b5d543bd1eb99532d395b8ffa320c') in 0.0140228 seconds
Number of updated asset objects reloaded before import = 0Number of asset objects unloaded after import = 3

========================================================================
Received Import Request.
  Time since last request: 0.000019 seconds.
  path: Assets/Third-Party/Pastel Icons/resource/style01/shape024_style01_color04.png
  artifactKey: Guid(9291a967bcb05ac4eb97c75aa9864222) Importer(815301076,1909f56bfc062723c751e8b465ee728b)
Start importing Assets/Third-Party/Pastel Icons/resource/style01/shape024_style01_color04.png using Guid(9291a967bcb05ac4eb97c75aa9864222) Importer(815301076,1909f56bfc062723c751e8b465ee728b) (PreviewImporter) -> (artifact id: '51803da021e653400d65a93c3e7a3e69') in 0.0132274 seconds
Number of updated asset objects reloaded before import = 0Number of asset objects unloaded after import = 3

========================================================================
Received Import Request.
  Time since last request: 0.006584 seconds.
  path: Assets/Third-Party/Pastel Icons/resource/style01/shape024_style01_color05.png
  artifactKey: Guid(95d344fd79ce83c47a33c0a5d573f0e5) Importer(815301076,1909f56bfc062723c751e8b465ee728b)
Start importing Assets/Third-Party/Pastel Icons/resource/style01/shape024_style01_color05.png using Guid(95d344fd79ce83c47a33c0a5d573f0e5) Importer(815301076,1909f56bfc062723c751e8b465ee728b) (PreviewImporter) -> (artifact id: 'db6ace0128ca13e32ac64409c14cab1e') in 0.0141005 seconds
Number of updated asset objects reloaded before import = 0Number of asset objects unloaded after import = 3

========================================================================
Received Import Request.
  Time since last request: 0.000018 seconds.
  path: Assets/Third-Party/Pastel Icons/resource/style01/shape024_style01_color09.png
  artifactKey: Guid(08adc26f4816b1d44a1edf6b0ae9bcc7) Importer(815301076,1909f56bfc062723c751e8b465ee728b)
Start importing Assets/Third-Party/Pastel Icons/resource/style01/shape024_style01_color09.png using Guid(08adc26f4816b1d44a1edf6b0ae9bcc7) Importer(815301076,1909f56bfc062723c751e8b465ee728b) (PreviewImporter) -> (artifact id: 'ad20a0f04d0a0a97464a672b72f102a6') in 0.0129998 seconds
Number of updated asset objects reloaded before import = 0Number of asset objects unloaded after import = 3

========================================================================
Received Import Request.
  Time since last request: 0.336554 seconds.
  path: Assets/Third-Party/Pastel Icons/resource/style01/shape024_style01_color10.png
  artifactKey: Guid(225e58c081e32864689615c956f69904) Importer(815301076,1909f56bfc062723c751e8b465ee728b)
Start importing Assets/Third-Party/Pastel Icons/resource/style01/shape024_style01_color10.png using Guid(225e58c081e32864689615c956f69904) Importer(815301076,1909f56bfc062723c751e8b465ee728b) (PreviewImporter) -> (artifact id: '955a23b71fd8b169180f419966de7ba1') in 0.0155535 seconds
Number of updated asset objects reloaded before import = 0Number of asset objects unloaded after import = 3

========================================================================
Received Import Request.
  Time since last request: 0.000014 seconds.
  path: Assets/Third-Party/Pastel Icons/resource/style02/shape024_style02_color01.png
  artifactKey: Guid(8c8dd2ff90bf9404d808be9a9761b781) Importer(815301076,1909f56bfc062723c751e8b465ee728b)
Start importing Assets/Third-Party/Pastel Icons/resource/style02/shape024_style02_color01.png using Guid(8c8dd2ff90bf9404d808be9a9761b781) Importer(815301076,1909f56bfc062723c751e8b465ee728b) (PreviewImporter) -> (artifact id: '4e990da684e6bef4c33879cf9de896f3') in 0.0131363 seconds
Number of updated asset objects reloaded before import = 0Number of asset objects unloaded after import = 3

========================================================================
Received Import Request.
  Time since last request: 0.017447 seconds.
  path: Assets/Third-Party/Pastel Icons/resource/style02/shape024_style02_color03.png
  artifactKey: Guid(f5f81a987e6676044a7378ffbdf3d505) Importer(815301076,1909f56bfc062723c751e8b465ee728b)
Start importing Assets/Third-Party/Pastel Icons/resource/style02/shape024_style02_color03.png using Guid(f5f81a987e6676044a7378ffbdf3d505) Importer(815301076,1909f56bfc062723c751e8b465ee728b) (PreviewImporter) -> (artifact id: '40b2d0ded1668eea8feb0a25da18035d') in 0.0141095 seconds
Number of updated asset objects reloaded before import = 0Number of asset objects unloaded after import = 3

========================================================================
Received Import Request.
  Time since last request: 0.000015 seconds.
  path: Assets/Third-Party/Pastel Icons/resource/style02/shape024_style02_color11.png
  artifactKey: Guid(39258a36053d1664da0707507883222f) Importer(815301076,1909f56bfc062723c751e8b465ee728b)
Start importing Assets/Third-Party/Pastel Icons/resource/style02/shape024_style02_color11.png using Guid(39258a36053d1664da0707507883222f) Importer(815301076,1909f56bfc062723c751e8b465ee728b) (PreviewImporter) -> (artifact id: 'a8a4cb8bfcf4443bd862cf96368b8d9b') in 0.0138917 seconds
Number of updated asset objects reloaded before import = 0Number of asset objects unloaded after import = 3

========================================================================
Received Import Request.
  Time since last request: 0.000016 seconds.
  path: Assets/Third-Party/Pastel Icons/resource/style02/shape024_style02_color12.png
  artifactKey: Guid(b13bc6ebc7548ca47bed02013eb10844) Importer(815301076,1909f56bfc062723c751e8b465ee728b)
Start importing Assets/Third-Party/Pastel Icons/resource/style02/shape024_style02_color12.png using Guid(b13bc6ebc7548ca47bed02013eb10844) Importer(815301076,1909f56bfc062723c751e8b465ee728b) (PreviewImporter) -> (artifact id: 'c677e4af6639d78ec2b8f5859e31bef0') in 0.0144433 seconds
Number of updated asset objects reloaded before import = 0Number of asset objects unloaded after import = 3

========================================================================
Received Import Request.
  Time since last request: 0.359795 seconds.
  path: Assets/Third-Party/Pastel Icons/resource/style03/shape024_style03_color01.png
  artifactKey: Guid(e75766baf147b9847bb240c8dea6329e) Importer(815301076,1909f56bfc062723c751e8b465ee728b)
Start importing Assets/Third-Party/Pastel Icons/resource/style03/shape024_style03_color01.png using Guid(e75766baf147b9847bb240c8dea6329e) Importer(815301076,1909f56bfc062723c751e8b465ee728b) (PreviewImporter) -> (artifact id: '21a51b2c048fec0ca42e1ba39980861b') in 0.0158893 seconds
Number of updated asset objects reloaded before import = 0Number of asset objects unloaded after import = 3

========================================================================
Received Import Request.
  Time since last request: 0.030862 seconds.
  path: Assets/Third-Party/Pastel Icons/resource/style03/shape024_style03_color06.png
  artifactKey: Guid(24648587d0cf10d478dbfa525fc15daf) Importer(815301076,1909f56bfc062723c751e8b465ee728b)
Start importing Assets/Third-Party/Pastel Icons/resource/style03/shape024_style03_color06.png using Guid(24648587d0cf10d478dbfa525fc15daf) Importer(815301076,1909f56bfc062723c751e8b465ee728b) (PreviewImporter) -> (artifact id: '1c618fcfaf350a5fb905d04627368680') in 0.0144237 seconds
Number of updated asset objects reloaded before import = 0Number of asset objects unloaded after import = 3

========================================================================
Received Import Request.
  Time since last request: 0.000014 seconds.
  path: Assets/Third-Party/Pastel Icons/resource/style03/shape024_style03_color10.png
  artifactKey: Guid(c06a4fd6565c93d4f8347981d7436d77) Importer(815301076,1909f56bfc062723c751e8b465ee728b)
Start importing Assets/Third-Party/Pastel Icons/resource/style03/shape024_style03_color10.png using Guid(c06a4fd6565c93d4f8347981d7436d77) Importer(815301076,1909f56bfc062723c751e8b465ee728b) (PreviewImporter) -> (artifact id: '3c31ca5bb17aeb633575400fbcda2cce') in 0.0135445 seconds
Number of updated asset objects reloaded before import = 0Number of asset objects unloaded after import = 3

========================================================================
Received Import Request.
  Time since last request: 0.295646 seconds.
  path: Assets/Third-Party/Pastel Icons/resource/style03/shape024_style03_color11.png
  artifactKey: Guid(dd8926eb2205cf740a9238e4570c51e1) Importer(815301076,1909f56bfc062723c751e8b465ee728b)
Start importing Assets/Third-Party/Pastel Icons/resource/style03/shape024_style03_color11.png using Guid(dd8926eb2205cf740a9238e4570c51e1) Importer(815301076,1909f56bfc062723c751e8b465ee728b) (PreviewImporter) -> (artifact id: '107d6b12a269e58b25955e2098e5eda3') in 0.0158002 seconds
Number of updated asset objects reloaded before import = 0Number of asset objects unloaded after import = 3

========================================================================
Received Import Request.
  Time since last request: 0.000015 seconds.
  path: Assets/Third-Party/Pastel Icons/resource/style01/shape025_style01_color02.png
  artifactKey: Guid(ebcd15227b920e64c8a27f10c5fc49c1) Importer(815301076,1909f56bfc062723c751e8b465ee728b)
Start importing Assets/Third-Party/Pastel Icons/resource/style01/shape025_style01_color02.png using Guid(ebcd15227b920e64c8a27f10c5fc49c1) Importer(815301076,1909f56bfc062723c751e8b465ee728b) (PreviewImporter) -> (artifact id: 'fe255c47ea76d7072af9b564f9d7794b') in 0.0134992 seconds
Number of updated asset objects reloaded before import = 0Number of asset objects unloaded after import = 3

========================================================================
Received Import Request.
  Time since last request: 0.001775 seconds.
  path: Assets/Third-Party/Pastel Icons/resource/style01/shape025_style01_color04.png
  artifactKey: Guid(081a2e679be448b4a8150d9618a5b89a) Importer(815301076,1909f56bfc062723c751e8b465ee728b)
Start importing Assets/Third-Party/Pastel Icons/resource/style01/shape025_style01_color04.png using Guid(081a2e679be448b4a8150d9618a5b89a) Importer(815301076,1909f56bfc062723c751e8b465ee728b) (PreviewImporter) -> (artifact id: '5bdc71c802ee99d280427531c44765f5') in 0.0149546 seconds
Number of updated asset objects reloaded before import = 0Number of asset objects unloaded after import = 3

========================================================================
Received Import Request.
  Time since last request: 0.021782 seconds.
  path: Assets/Third-Party/Pastel Icons/resource/style01/shape025_style01_color09.png
  artifactKey: Guid(ec5d00ab083a4c847a60d2409af33991) Importer(815301076,1909f56bfc062723c751e8b465ee728b)
Start importing Assets/Third-Party/Pastel Icons/resource/style01/shape025_style01_color09.png using Guid(ec5d00ab083a4c847a60d2409af33991) Importer(815301076,1909f56bfc062723c751e8b465ee728b) (PreviewImporter) -> (artifact id: '3b00cecb44b2099951a659d6db1a0f26') in 0.0142594 seconds
Number of updated asset objects reloaded before import = 0Number of asset objects unloaded after import = 3

========================================================================
Received Import Request.
  Time since last request: 0.000020 seconds.
  path: Assets/Third-Party/Pastel Icons/resource/style01/shape025_style01_color12.png
  artifactKey: Guid(0ca1f6f93050eb0449e74e7e631bd5f8) Importer(815301076,1909f56bfc062723c751e8b465ee728b)
Start importing Assets/Third-Party/Pastel Icons/resource/style01/shape025_style01_color12.png using Guid(0ca1f6f93050eb0449e74e7e631bd5f8) Importer(815301076,1909f56bfc062723c751e8b465ee728b) (PreviewImporter) -> (artifact id: 'ed7195ca8aeef1168d31098fef5e875e') in 0.0151513 seconds
Number of updated asset objects reloaded before import = 0Number of asset objects unloaded after import = 3

========================================================================
Received Import Request.
  Time since last request: 0.000014 seconds.
  path: Assets/Third-Party/Pastel Icons/resource/style02/shape025_style02_color04.png
  artifactKey: Guid(5b539630f3118464394f398bb943c2d5) Importer(815301076,1909f56bfc062723c751e8b465ee728b)
Start importing Assets/Third-Party/Pastel Icons/resource/style02/shape025_style02_color04.png using Guid(5b539630f3118464394f398bb943c2d5) Importer(815301076,1909f56bfc062723c751e8b465ee728b) (PreviewImporter) -> (artifact id: '1d08ca50c16c7beb3a1456cdcdd22be9') in 0.0148145 seconds
Number of updated asset objects reloaded before import = 0Number of asset objects unloaded after import = 3

========================================================================
Received Import Request.
  Time since last request: 0.000020 seconds.
  path: Assets/Third-Party/Pastel Icons/resource/style02/shape025_style02_color05.png
  artifactKey: Guid(47c69b4d3c8608e448299664d23950c6) Importer(815301076,1909f56bfc062723c751e8b465ee728b)
Start importing Assets/Third-Party/Pastel Icons/resource/style02/shape025_style02_color05.png using Guid(47c69b4d3c8608e448299664d23950c6) Importer(815301076,1909f56bfc062723c751e8b465ee728b) (PreviewImporter) -> (artifact id: '83e8b3226b1c10046dbe186a55b8a868') in 0.0126909 seconds
Number of updated asset objects reloaded before import = 0Number of asset objects unloaded after import = 3

========================================================================
Received Import Request.
  Time since last request: 0.336638 seconds.
  path: Assets/Third-Party/Pastel Icons/resource/style02/shape025_style02_color07.png
  artifactKey: Guid(26812ee24e689de44a2184ed8ce0cc2d) Importer(815301076,1909f56bfc062723c751e8b465ee728b)
Start importing Assets/Third-Party/Pastel Icons/resource/style02/shape025_style02_color07.png using Guid(26812ee24e689de44a2184ed8ce0cc2d) Importer(815301076,1909f56bfc062723c751e8b465ee728b) (PreviewImporter) -> (artifact id: '6f5ebec800bd234d6a5433f7af22cdb4') in 0.0151906 seconds
Number of updated asset objects reloaded before import = 0Number of asset objects unloaded after import = 3

========================================================================
Received Import Request.
  Time since last request: 0.000017 seconds.
  path: Assets/Third-Party/Pastel Icons/resource/style03/shape025_style03_color04.png
  artifactKey: Guid(189069c918ea3244c88c03a6668d6030) Importer(815301076,1909f56bfc062723c751e8b465ee728b)
Start importing Assets/Third-Party/Pastel Icons/resource/style03/shape025_style03_color04.png using Guid(189069c918ea3244c88c03a6668d6030) Importer(815301076,1909f56bfc062723c751e8b465ee728b) (PreviewImporter) -> (artifact id: '3187de291559f1c2688525e590d32806') in 0.0141921 seconds
Number of updated asset objects reloaded before import = 0Number of asset objects unloaded after import = 3

========================================================================
Received Import Request.
  Time since last request: 0.000017 seconds.
  path: Assets/Third-Party/Pastel Icons/resource/style03/shape025_style03_color02.png
  artifactKey: Guid(e796bd1c6fa6fc8448ebd13f3e50e691) Importer(815301076,1909f56bfc062723c751e8b465ee728b)
Start importing Assets/Third-Party/Pastel Icons/resource/style03/shape025_style03_color02.png using Guid(e796bd1c6fa6fc8448ebd13f3e50e691) Importer(815301076,1909f56bfc062723c751e8b465ee728b) (PreviewImporter) -> (artifact id: '5a941343a3982c6c0e214535549a737a') in 0.0138063 seconds
Number of updated asset objects reloaded before import = 0Number of asset objects unloaded after import = 3

========================================================================
Received Import Request.
  Time since last request: 0.000020 seconds.
  path: Assets/Third-Party/Pastel Icons/resource/style02/shape025_style02_color11.png
  artifactKey: Guid(ea89a53ac80a10a46b159a860d275d55) Importer(815301076,1909f56bfc062723c751e8b465ee728b)
Start importing Assets/Third-Party/Pastel Icons/resource/style02/shape025_style02_color11.png using Guid(ea89a53ac80a10a46b159a860d275d55) Importer(815301076,1909f56bfc062723c751e8b465ee728b) (PreviewImporter) -> (artifact id: '89a07739f468116d28446af8ac090452') in 0.0140143 seconds
Number of updated asset objects reloaded before import = 0Number of asset objects unloaded after import = 3

========================================================================
Received Import Request.
  Time since last request: 0.398375 seconds.
  path: Assets/Third-Party/Pastel Icons/resource/style03/shape025_style03_color05.png
  artifactKey: Guid(4a9648c7d5051f14fa00b387ba1152a1) Importer(815301076,1909f56bfc062723c751e8b465ee728b)
Start importing Assets/Third-Party/Pastel Icons/resource/style03/shape025_style03_color05.png using Guid(4a9648c7d5051f14fa00b387ba1152a1) Importer(815301076,1909f56bfc062723c751e8b465ee728b) (PreviewImporter) -> (artifact id: 'e1bfc23c51dbf202ca246f85360b38db') in 0.0164661 seconds
Number of updated asset objects reloaded before import = 0Number of asset objects unloaded after import = 3

========================================================================
Received Import Request.
  Time since last request: 0.031571 seconds.
  path: Assets/Third-Party/Pastel Icons/resource/style03/shape025_style03_color10.png
  artifactKey: Guid(9c879baeb9b9762429d639da7bda71dd) Importer(815301076,1909f56bfc062723c751e8b465ee728b)
Start importing Assets/Third-Party/Pastel Icons/resource/style03/shape025_style03_color10.png using Guid(9c879baeb9b9762429d639da7bda71dd) Importer(815301076,1909f56bfc062723c751e8b465ee728b) (PreviewImporter) -> (artifact id: '258d588d14c3928d736368a114d42d63') in 0.0149206 seconds
Number of updated asset objects reloaded before import = 0Number of asset objects unloaded after import = 3

========================================================================
Received Import Request.
  Time since last request: 0.000018 seconds.
  path: Assets/Third-Party/Pastel Icons/resource/style01/shape026_style01_color06.png
  artifactKey: Guid(d87e36cc6007f204e8bde40d53b53eaa) Importer(815301076,1909f56bfc062723c751e8b465ee728b)
Start importing Assets/Third-Party/Pastel Icons/resource/style01/shape026_style01_color06.png using Guid(d87e36cc6007f204e8bde40d53b53eaa) Importer(815301076,1909f56bfc062723c751e8b465ee728b) (PreviewImporter) -> (artifact id: '71a27c27dded40c14ad242486810b1a6') in 0.0143869 seconds
Number of updated asset objects reloaded before import = 0Number of asset objects unloaded after import = 3

========================================================================
Received Import Request.
  Time since last request: 0.000025 seconds.
  path: Assets/Third-Party/Pastel Icons/resource/style01/shape026_style01_color07.png
  artifactKey: Guid(1bdabe8748eaccd43b36c2607ebdf92b) Importer(815301076,1909f56bfc062723c751e8b465ee728b)
Start importing Assets/Third-Party/Pastel Icons/resource/style01/shape026_style01_color07.png using Guid(1bdabe8748eaccd43b36c2607ebdf92b) Importer(815301076,1909f56bfc062723c751e8b465ee728b) (PreviewImporter) -> (artifact id: 'afa9576a2158da996fb9afcca58aeca3') in 0.0142983 seconds
Number of updated asset objects reloaded before import = 0Number of asset objects unloaded after import = 3

========================================================================
Received Import Request.
  Time since last request: 0.000018 seconds.
  path: Assets/Third-Party/Pastel Icons/resource/style01/shape026_style01_color03.png
  artifactKey: Guid(c836092d09cf83f438e7e79b37016848) Importer(815301076,1909f56bfc062723c751e8b465ee728b)
Start importing Assets/Third-Party/Pastel Icons/resource/style01/shape026_style01_color03.png using Guid(c836092d09cf83f438e7e79b37016848) Importer(815301076,1909f56bfc062723c751e8b465ee728b) (PreviewImporter) -> (artifact id: 'a550c6a9369da1c384a6df7fdc27544d') in 0.0128162 seconds
Number of updated asset objects reloaded before import = 0Number of asset objects unloaded after import = 3

========================================================================
Received Import Request.
  Time since last request: 0.358817 seconds.
  path: Assets/Third-Party/Pastel Icons/resource/style01/shape026_style01_color08.png
  artifactKey: Guid(8276308fc63848f46a75540702e5c4a8) Importer(815301076,1909f56bfc062723c751e8b465ee728b)
Start importing Assets/Third-Party/Pastel Icons/resource/style01/shape026_style01_color08.png using Guid(8276308fc63848f46a75540702e5c4a8) Importer(815301076,1909f56bfc062723c751e8b465ee728b) (PreviewImporter) -> (artifact id: '434655439c558adc92b8de3146482267') in 0.0158262 seconds
Number of updated asset objects reloaded before import = 0Number of asset objects unloaded after import = 3

========================================================================
Received Import Request.
  Time since last request: 0.000019 seconds.
  path: Assets/Third-Party/Pastel Icons/resource/style01/shape026_style01_color11.png
  artifactKey: Guid(303294fde0821b24b92850714a0fdb77) Importer(815301076,1909f56bfc062723c751e8b465ee728b)
Start importing Assets/Third-Party/Pastel Icons/resource/style01/shape026_style01_color11.png using Guid(303294fde0821b24b92850714a0fdb77) Importer(815301076,1909f56bfc062723c751e8b465ee728b) (PreviewImporter) -> (artifact id: '41ded9e48a38c92b7af7a544d4c04d04') in 0.0157835 seconds
Number of updated asset objects reloaded before import = 0Number of asset objects unloaded after import = 3

========================================================================
Received Import Request.
  Time since last request: 0.000020 seconds.
  path: Assets/Third-Party/Pastel Icons/resource/style02/shape026_style02_color03.png
  artifactKey: Guid(7b894c6de0c9fde4b9361dd65ab528ec) Importer(815301076,1909f56bfc062723c751e8b465ee728b)
Start importing Assets/Third-Party/Pastel Icons/resource/style02/shape026_style02_color03.png using Guid(7b894c6de0c9fde4b9361dd65ab528ec) Importer(815301076,1909f56bfc062723c751e8b465ee728b) (PreviewImporter) -> (artifact id: '20a8250ac51e01d83e848cac304e9762') in 0.0144888 seconds
Number of updated asset objects reloaded before import = 0Number of asset objects unloaded after import = 3

========================================================================
Received Import Request.
  Time since last request: 0.000028 seconds.
  path: Assets/Third-Party/Pastel Icons/resource/style02/shape026_style02_color04.png
  artifactKey: Guid(4cdade5a0de84d848bb3fec267cf349e) Importer(815301076,1909f56bfc062723c751e8b465ee728b)
Start importing Assets/Third-Party/Pastel Icons/resource/style02/shape026_style02_color04.png using Guid(4cdade5a0de84d848bb3fec267cf349e) Importer(815301076,1909f56bfc062723c751e8b465ee728b) (PreviewImporter) -> (artifact id: '8ff1c130d2ac1f63727c66e51a093511') in 0.0130137 seconds
Number of updated asset objects reloaded before import = 0Number of asset objects unloaded after import = 3

========================================================================
Received Import Request.
  Time since last request: 0.006278 seconds.
  path: Assets/Third-Party/Pastel Icons/resource/style02/shape026_style02_color06.png
  artifactKey: Guid(ba7e9fcb7cd9fd040994116f13e6dea0) Importer(815301076,1909f56bfc062723c751e8b465ee728b)
Start importing Assets/Third-Party/Pastel Icons/resource/style02/shape026_style02_color06.png using Guid(ba7e9fcb7cd9fd040994116f13e6dea0) Importer(815301076,1909f56bfc062723c751e8b465ee728b) (PreviewImporter) -> (artifact id: 'c86f11017cb3fc00a9ba4d87718bedd3') in 0.0142017 seconds
Number of updated asset objects reloaded before import = 0Number of asset objects unloaded after import = 3

========================================================================
Received Import Request.
  Time since last request: 0.000017 seconds.
  path: Assets/Third-Party/Pastel Icons/resource/style02/shape026_style02_color10.png
  artifactKey: Guid(d09f4034ce851314e9bf2d70506a339a) Importer(815301076,1909f56bfc062723c751e8b465ee728b)
Start importing Assets/Third-Party/Pastel Icons/resource/style02/shape026_style02_color10.png using Guid(d09f4034ce851314e9bf2d70506a339a) Importer(815301076,1909f56bfc062723c751e8b465ee728b) (PreviewImporter) -> (artifact id: 'cf0a2ef0675b93be0f78fdb3ad764050') in 0.0131929 seconds
Number of updated asset objects reloaded before import = 0Number of asset objects unloaded after import = 3

========================================================================
Received Import Request.
  Time since last request: 0.305643 seconds.
  path: Assets/Third-Party/Pastel Icons/resource/style02/shape026_style02_color11.png
  artifactKey: Guid(80cc4dafd5fe45a43916b97347be92ff) Importer(815301076,1909f56bfc062723c751e8b465ee728b)
Start importing Assets/Third-Party/Pastel Icons/resource/style02/shape026_style02_color11.png using Guid(80cc4dafd5fe45a43916b97347be92ff) Importer(815301076,1909f56bfc062723c751e8b465ee728b) (PreviewImporter) -> (artifact id: 'c6aaea2d63918196830304ceafe990f0') in 0.0731979 seconds
Number of updated asset objects reloaded before import = 0Number of asset objects unloaded after import = 3

========================================================================
Received Import Request.
  Time since last request: 0.000019 seconds.
  path: Assets/Third-Party/Pastel Icons/resource/style03/shape026_style03_color02.png
  artifactKey: Guid(f4244bf67c8af7b49aa2189e92da18b8) Importer(815301076,1909f56bfc062723c751e8b465ee728b)
Start importing Assets/Third-Party/Pastel Icons/resource/style03/shape026_style03_color02.png using Guid(f4244bf67c8af7b49aa2189e92da18b8) Importer(815301076,1909f56bfc062723c751e8b465ee728b) (PreviewImporter) -> (artifact id: '77687a219af023d775b10c13d74d06cc') in 0.0141811 seconds
Number of updated asset objects reloaded before import = 0Number of asset objects unloaded after import = 3

========================================================================
Received Import Request.
  Time since last request: 0.000028 seconds.
  path: Assets/Third-Party/Pastel Icons/resource/style03/shape026_style03_color09.png
  artifactKey: Guid(e248dc2d64e9f5240b6a44421bd33860) Importer(815301076,1909f56bfc062723c751e8b465ee728b)
Start importing Assets/Third-Party/Pastel Icons/resource/style03/shape026_style03_color09.png using Guid(e248dc2d64e9f5240b6a44421bd33860) Importer(815301076,1909f56bfc062723c751e8b465ee728b) (PreviewImporter) -> (artifact id: '9ba7796316e43a4a4d542ffa02453a35') in 0.0147171 seconds
Number of updated asset objects reloaded before import = 0Number of asset objects unloaded after import = 3

========================================================================
Received Import Request.
  Time since last request: 0.000017 seconds.
  path: Assets/Third-Party/Pastel Icons/resource/style03/shape026_style03_color08.png
  artifactKey: Guid(e1974468bae3c8b408be7eb617f50f8d) Importer(815301076,1909f56bfc062723c751e8b465ee728b)
Start importing Assets/Third-Party/Pastel Icons/resource/style03/shape026_style03_color08.png using Guid(e1974468bae3c8b408be7eb617f50f8d) Importer(815301076,1909f56bfc062723c751e8b465ee728b) (PreviewImporter) -> (artifact id: '0c189f7f05647baf886db4b83d409995') in 0.0143683 seconds
Number of updated asset objects reloaded before import = 0Number of asset objects unloaded after import = 3

========================================================================
Received Import Request.
  Time since last request: 0.000016 seconds.
  path: Assets/Third-Party/Pastel Icons/resource/style03/shape026_style03_color04.png
  artifactKey: Guid(290ed008c8e942c4fba5aa26b2b9645c) Importer(815301076,1909f56bfc062723c751e8b465ee728b)
Start importing Assets/Third-Party/Pastel Icons/resource/style03/shape026_style03_color04.png using Guid(290ed008c8e942c4fba5aa26b2b9645c) Importer(815301076,1909f56bfc062723c751e8b465ee728b) (PreviewImporter) -> (artifact id: '397dae608703324aa0202073d9b3994d') in 0.0147777 seconds
Number of updated asset objects reloaded before import = 0Number of asset objects unloaded after import = 3

========================================================================
Received Import Request.
  Time since last request: 0.283949 seconds.
  path: Assets/Third-Party/Pastel Icons/resource/style01/shape027_style01_color02.png
  artifactKey: Guid(7e7f9ae28f4ba914cbc27bc0d9e144fb) Importer(815301076,1909f56bfc062723c751e8b465ee728b)
Start importing Assets/Third-Party/Pastel Icons/resource/style01/shape027_style01_color02.png using Guid(7e7f9ae28f4ba914cbc27bc0d9e144fb) Importer(815301076,1909f56bfc062723c751e8b465ee728b) (PreviewImporter) -> (artifact id: 'eb09ae1b06ca5e7476ad0ef270652f6c') in 0.0277257 seconds
Number of updated asset objects reloaded before import = 0Number of asset objects unloaded after import = 3

========================================================================
Received Import Request.
  Time since last request: 0.000015 seconds.
  path: Assets/Third-Party/Pastel Icons/resource/style01/shape027_style01_color06.png
  artifactKey: Guid(ae500471a450feb479ee36f5278fa323) Importer(815301076,1909f56bfc062723c751e8b465ee728b)
Start importing Assets/Third-Party/Pastel Icons/resource/style01/shape027_style01_color06.png using Guid(ae500471a450feb479ee36f5278fa323) Importer(815301076,1909f56bfc062723c751e8b465ee728b) (PreviewImporter) -> (artifact id: '24a5de9036927661d9f72149d7d9ec0b') in 0.0134158 seconds
Number of updated asset objects reloaded before import = 0Number of asset objects unloaded after import = 3

========================================================================
Received Import Request.
  Time since last request: 0.017116 seconds.
  path: Assets/Third-Party/Pastel Icons/resource/style01/shape027_style01_color07.png
  artifactKey: Guid(fe20ccbe10856ec4f821fb0e2c60e6e9) Importer(815301076,1909f56bfc062723c751e8b465ee728b)
Start importing Assets/Third-Party/Pastel Icons/resource/style01/shape027_style01_color07.png using Guid(fe20ccbe10856ec4f821fb0e2c60e6e9) Importer(815301076,1909f56bfc062723c751e8b465ee728b) (PreviewImporter) -> (artifact id: '3b076efd0920ed67848b0567e071985c') in 0.014473 seconds
Number of updated asset objects reloaded before import = 0Number of asset objects unloaded after import = 3

========================================================================
Received Import Request.
  Time since last request: 0.000017 seconds.
  path: Assets/Third-Party/Pastel Icons/resource/style02/shape027_style02_color03.png
  artifactKey: Guid(591d5c1c0cc516b4ca30e031b5ccf55b) Importer(815301076,1909f56bfc062723c751e8b465ee728b)
Start importing Assets/Third-Party/Pastel Icons/resource/style02/shape027_style02_color03.png using Guid(591d5c1c0cc516b4ca30e031b5ccf55b) Importer(815301076,1909f56bfc062723c751e8b465ee728b) (PreviewImporter) -> (artifact id: 'f3be0f05061c20c7d06dfa417215e9bd') in 0.0257094 seconds
Number of updated asset objects reloaded before import = 0Number of asset objects unloaded after import = 3

========================================================================
Received Import Request.
  Time since last request: 0.000015 seconds.
  path: Assets/Third-Party/Pastel Icons/resource/style01/shape027_style01_color10.png
  artifactKey: Guid(9a1c86bf981ac0d47a99d8914e3e3e6f) Importer(815301076,1909f56bfc062723c751e8b465ee728b)
Start importing Assets/Third-Party/Pastel Icons/resource/style01/shape027_style01_color10.png using Guid(9a1c86bf981ac0d47a99d8914e3e3e6f) Importer(815301076,1909f56bfc062723c751e8b465ee728b) (PreviewImporter) -> (artifact id: '1c684a216b8209c8d9179867b8b73f6b') in 0.0147061 seconds
Number of updated asset objects reloaded before import = 0Number of asset objects unloaded after import = 3

========================================================================
Received Import Request.
  Time since last request: 0.292984 seconds.
  path: Assets/Third-Party/Pastel Icons/resource/style02/shape027_style02_color05.png
  artifactKey: Guid(176f3f1a4eb426947ac59af486adf0f4) Importer(815301076,1909f56bfc062723c751e8b465ee728b)
Start importing Assets/Third-Party/Pastel Icons/resource/style02/shape027_style02_color05.png using Guid(176f3f1a4eb426947ac59af486adf0f4) Importer(815301076,1909f56bfc062723c751e8b465ee728b) (PreviewImporter) -> (artifact id: '70e477a7e2190d9d3e843841ad6a70d4') in 0.0146176 seconds
Number of updated asset objects reloaded before import = 0Number of asset objects unloaded after import = 3

========================================================================
Received Import Request.
  Time since last request: 0.000018 seconds.
  path: Assets/Third-Party/Pastel Icons/resource/style02/shape027_style02_color08.png
  artifactKey: Guid(e64bb4c2d92784844ba27cbf10b1ab22) Importer(815301076,1909f56bfc062723c751e8b465ee728b)
Start importing Assets/Third-Party/Pastel Icons/resource/style02/shape027_style02_color08.png using Guid(e64bb4c2d92784844ba27cbf10b1ab22) Importer(815301076,1909f56bfc062723c751e8b465ee728b) (PreviewImporter) -> (artifact id: '79608be2b9ecced2b85b2c4640199872') in 0.0153155 seconds
Number of updated asset objects reloaded before import = 0Number of asset objects unloaded after import = 3

========================================================================
Received Import Request.
  Time since last request: 0.000017 seconds.
  path: Assets/Third-Party/Pastel Icons/resource/style02/shape027_style02_color12.png
  artifactKey: Guid(aa69128af57843b4bbbbc0d6cc3f13c9) Importer(815301076,1909f56bfc062723c751e8b465ee728b)
Start importing Assets/Third-Party/Pastel Icons/resource/style02/shape027_style02_color12.png using Guid(aa69128af57843b4bbbbc0d6cc3f13c9) Importer(815301076,1909f56bfc062723c751e8b465ee728b) (PreviewImporter) -> (artifact id: '894128c3b0cab8ac90ac5a6415cfca7b') in 0.0144798 seconds
Number of updated asset objects reloaded before import = 0Number of asset objects unloaded after import = 3

========================================================================
Received Import Request.
  Time since last request: 0.000018 seconds.
  path: Assets/Third-Party/Pastel Icons/resource/style02/shape027_style02_color11.png
  artifactKey: Guid(c5aa7686a698f234da64a551c4e1bf29) Importer(815301076,1909f56bfc062723c751e8b465ee728b)
Start importing Assets/Third-Party/Pastel Icons/resource/style02/shape027_style02_color11.png using Guid(c5aa7686a698f234da64a551c4e1bf29) Importer(815301076,1909f56bfc062723c751e8b465ee728b) (PreviewImporter) -> (artifact id: '34b837c6bd986f9dec1082ea04d44354') in 0.0128798 seconds
Number of updated asset objects reloaded before import = 0Number of asset objects unloaded after import = 3

========================================================================
Received Import Request.
  Time since last request: 0.008115 seconds.
  path: Assets/Third-Party/Pastel Icons/resource/style03/shape027_style03_color03.png
  artifactKey: Guid(535848856bb7eeb4299a6636fa465476) Importer(815301076,1909f56bfc062723c751e8b465ee728b)
Start importing Assets/Third-Party/Pastel Icons/resource/style03/shape027_style03_color03.png using Guid(535848856bb7eeb4299a6636fa465476) Importer(815301076,1909f56bfc062723c751e8b465ee728b) (PreviewImporter) -> (artifact id: '5b992d6a8fd1ba29b50e0167486af7a4') in 0.0160288 seconds
Number of updated asset objects reloaded before import = 0Number of asset objects unloaded after import = 3

========================================================================
Received Import Request.
  Time since last request: 0.355039 seconds.
  path: Assets/Third-Party/Pastel Icons/resource/style03/shape027_style03_color08.png
  artifactKey: Guid(bff88d76f17748841b5638c98d6d101b) Importer(815301076,1909f56bfc062723c751e8b465ee728b)
Start importing Assets/Third-Party/Pastel Icons/resource/style03/shape027_style03_color08.png using Guid(bff88d76f17748841b5638c98d6d101b) Importer(815301076,1909f56bfc062723c751e8b465ee728b) (PreviewImporter) -> (artifact id: '71a1f7452574ad60543b7eafd2784ba2') in 0.0157203 seconds
Number of updated asset objects reloaded before import = 0Number of asset objects unloaded after import = 3

========================================================================
Received Import Request.
  Time since last request: 0.000015 seconds.
  path: Assets/Third-Party/Pastel Icons/resource/style03/shape027_style03_color12.png
  artifactKey: Guid(6499f1d5d344873498820d0860ff8e65) Importer(815301076,1909f56bfc062723c751e8b465ee728b)
Start importing Assets/Third-Party/Pastel Icons/resource/style03/shape027_style03_color12.png using Guid(6499f1d5d344873498820d0860ff8e65) Importer(815301076,1909f56bfc062723c751e8b465ee728b) (PreviewImporter) -> (artifact id: 'cd9999735ffb8c24a9ffd282b61c7004') in 0.0136456 seconds
Number of updated asset objects reloaded before import = 0Number of asset objects unloaded after import = 3

========================================================================
Received Import Request.
  Time since last request: 0.018411 seconds.
  path: Assets/Third-Party/Pastel Icons/resource/style01/shape028_style01_color01.png
  artifactKey: Guid(18ec755b333eee640bce3f3a44fad216) Importer(815301076,1909f56bfc062723c751e8b465ee728b)
Start importing Assets/Third-Party/Pastel Icons/resource/style01/shape028_style01_color01.png using Guid(18ec755b333eee640bce3f3a44fad216) Importer(815301076,1909f56bfc062723c751e8b465ee728b) (PreviewImporter) -> (artifact id: '9484aecdcebe4eebf2c112b525c44a88') in 0.0144022 seconds
Number of updated asset objects reloaded before import = 0Number of asset objects unloaded after import = 3

========================================================================
Received Import Request.
  Time since last request: 0.000016 seconds.
  path: Assets/Third-Party/Pastel Icons/resource/style01/shape028_style01_color09.png
  artifactKey: Guid(900ef04c42a27f041b28474a61c538f4) Importer(815301076,1909f56bfc062723c751e8b465ee728b)
Start importing Assets/Third-Party/Pastel Icons/resource/style01/shape028_style01_color09.png using Guid(900ef04c42a27f041b28474a61c538f4) Importer(815301076,1909f56bfc062723c751e8b465ee728b) (PreviewImporter) -> (artifact id: 'a52c6734feaa0b3cf3adf9a7faa15387') in 0.0142682 seconds
Number of updated asset objects reloaded before import = 0Number of asset objects unloaded after import = 3

========================================================================
Received Import Request.
  Time since last request: 0.000017 seconds.
  path: Assets/Third-Party/Pastel Icons/resource/style01/shape028_style01_color08.png
  artifactKey: Guid(1d1e4114aa0106746b1b2e2a7d392690) Importer(815301076,1909f56bfc062723c751e8b465ee728b)
Start importing Assets/Third-Party/Pastel Icons/resource/style01/shape028_style01_color08.png using Guid(1d1e4114aa0106746b1b2e2a7d392690) Importer(815301076,1909f56bfc062723c751e8b465ee728b) (PreviewImporter) -> (artifact id: '7a93786f900c0355c6ca3b0636169f54') in 0.0142499 seconds
Number of updated asset objects reloaded before import = 0Number of asset objects unloaded after import = 3

========================================================================
Received Import Request.
  Time since last request: 0.000027 seconds.
  path: Assets/Third-Party/Pastel Icons/resource/style01/shape028_style01_color06.png
  artifactKey: Guid(63cb26da9de84274c85c5bbd07dad91b) Importer(815301076,1909f56bfc062723c751e8b465ee728b)
Start importing Assets/Third-Party/Pastel Icons/resource/style01/shape028_style01_color06.png using Guid(63cb26da9de84274c85c5bbd07dad91b) Importer(815301076,1909f56bfc062723c751e8b465ee728b) (PreviewImporter) -> (artifact id: '8c3f94446bee7a5478d572c0bd8c6b13') in 0.0128467 seconds
Number of updated asset objects reloaded before import = 0Number of asset objects unloaded after import = 3

========================================================================
Received Import Request.
  Time since last request: 0.317929 seconds.
  path: Assets/Third-Party/Pastel Icons/resource/style01/shape028_style01_color11.png
  artifactKey: Guid(41d713a88ebaeee4e820214a6704aa9d) Importer(815301076,1909f56bfc062723c751e8b465ee728b)
Start importing Assets/Third-Party/Pastel Icons/resource/style01/shape028_style01_color11.png using Guid(41d713a88ebaeee4e820214a6704aa9d) Importer(815301076,1909f56bfc062723c751e8b465ee728b) (PreviewImporter) -> (artifact id: 'f5325c5cff7091837ba17de677031c4d') in 0.0158436 seconds
Number of updated asset objects reloaded before import = 0Number of asset objects unloaded after import = 3

========================================================================
Received Import Request.
  Time since last request: 0.000015 seconds.
  path: Assets/Third-Party/Pastel Icons/resource/style02/shape028_style02_color03.png
  artifactKey: Guid(d83a7743635284e4283bd42213586309) Importer(815301076,1909f56bfc062723c751e8b465ee728b)
Start importing Assets/Third-Party/Pastel Icons/resource/style02/shape028_style02_color03.png using Guid(d83a7743635284e4283bd42213586309) Importer(815301076,1909f56bfc062723c751e8b465ee728b) (PreviewImporter) -> (artifact id: '1b31a4bb5a2b64ae29f7bf31d07269ff') in 0.0131057 seconds
Number of updated asset objects reloaded before import = 0Number of asset objects unloaded after import = 3

========================================================================
Received Import Request.
  Time since last request: 0.016957 seconds.
  path: Assets/Third-Party/Pastel Icons/resource/style02/shape028_style02_color04.png
  artifactKey: Guid(b8b6e473558fe4a45aa7fefa6f446d2a) Importer(815301076,1909f56bfc062723c751e8b465ee728b)
Start importing Assets/Third-Party/Pastel Icons/resource/style02/shape028_style02_color04.png using Guid(b8b6e473558fe4a45aa7fefa6f446d2a) Importer(815301076,1909f56bfc062723c751e8b465ee728b) (PreviewImporter) -> (artifact id: '6b5b7404b9ff882f30ff6580c28c1b3f') in 0.0143329 seconds
Number of updated asset objects reloaded before import = 0Number of asset objects unloaded after import = 3

========================================================================
Received Import Request.
  Time since last request: 0.000021 seconds.
  path: Assets/Third-Party/Pastel Icons/resource/style02/shape028_style02_color08.png
  artifactKey: Guid(58d97bc2aef16804785c59dcb41cfd41) Importer(815301076,1909f56bfc062723c751e8b465ee728b)
Start importing Assets/Third-Party/Pastel Icons/resource/style02/shape028_style02_color08.png using Guid(58d97bc2aef16804785c59dcb41cfd41) Importer(815301076,1909f56bfc062723c751e8b465ee728b) (PreviewImporter) -> (artifact id: '0fe1e80bc270bad51371bf7942517143') in 0.0187633 seconds
Number of updated asset objects reloaded before import = 0Number of asset objects unloaded after import = 3

========================================================================
Received Import Request.
  Time since last request: 0.000028 seconds.
  path: Assets/Third-Party/Pastel Icons/resource/style02/shape028_style02_color12.png
  artifactKey: Guid(3224401414acfd04999ffb12ae0a2b54) Importer(815301076,1909f56bfc062723c751e8b465ee728b)
Start importing Assets/Third-Party/Pastel Icons/resource/style02/shape028_style02_color12.png using Guid(3224401414acfd04999ffb12ae0a2b54) Importer(815301076,1909f56bfc062723c751e8b465ee728b) (PreviewImporter) -> (artifact id: '4299e2a963fa297d382000ec3e67ac1d') in 0.0142758 seconds
Number of updated asset objects reloaded before import = 0Number of asset objects unloaded after import = 3

========================================================================
Received Import Request.
  Time since last request: 0.386018 seconds.
  path: Assets/Third-Party/Pastel Icons/resource/style03/shape028_style03_color02.png
  artifactKey: Guid(604e2ccd99ea2ca4894e2500a341e8b9) Importer(815301076,1909f56bfc062723c751e8b465ee728b)
Start importing Assets/Third-Party/Pastel Icons/resource/style03/shape028_style03_color02.png using Guid(604e2ccd99ea2ca4894e2500a341e8b9) Importer(815301076,1909f56bfc062723c751e8b465ee728b) (PreviewImporter) -> (artifact id: '49b4341826382594fdccf23e1f6d86d5') in 0.01611 seconds
Number of updated asset objects reloaded before import = 0Number of asset objects unloaded after import = 3

========================================================================
Received Import Request.
  Time since last request: 0.000017 seconds.
  path: Assets/Third-Party/Pastel Icons/resource/style03/shape028_style03_color05.png
  artifactKey: Guid(ed0af3c004264634cbfdc2e89b5abc6d) Importer(815301076,1909f56bfc062723c751e8b465ee728b)
Start importing Assets/Third-Party/Pastel Icons/resource/style03/shape028_style03_color05.png using Guid(ed0af3c004264634cbfdc2e89b5abc6d) Importer(815301076,1909f56bfc062723c751e8b465ee728b) (PreviewImporter) -> (artifact id: 'c9dce36c8a8452bdbe96eb41125cda3e') in 0.0144418 seconds
Number of updated asset objects reloaded before import = 0Number of asset objects unloaded after import = 3

========================================================================
Received Import Request.
  Time since last request: 0.000019 seconds.
  path: Assets/Third-Party/Pastel Icons/resource/style03/shape028_style03_color07.png
  artifactKey: Guid(4f49696e697b5214ab6003485bb6440e) Importer(815301076,1909f56bfc062723c751e8b465ee728b)
Start importing Assets/Third-Party/Pastel Icons/resource/style03/shape028_style03_color07.png using Guid(4f49696e697b5214ab6003485bb6440e) Importer(815301076,1909f56bfc062723c751e8b465ee728b) (PreviewImporter) -> (artifact id: '0c507c10059b6ad9131ebe52d40b0d6d') in 0.0237006 seconds
Number of updated asset objects reloaded before import = 0Number of asset objects unloaded after import = 3

========================================================================
Received Import Request.
  Time since last request: 0.000029 seconds.
  path: Assets/Third-Party/Pastel Icons/resource/style03/shape028_style03_color10.png
  artifactKey: Guid(14b6705de0dc9a545af8d16698a7575b) Importer(815301076,1909f56bfc062723c751e8b465ee728b)
Start importing Assets/Third-Party/Pastel Icons/resource/style03/shape028_style03_color10.png using Guid(14b6705de0dc9a545af8d16698a7575b) Importer(815301076,1909f56bfc062723c751e8b465ee728b) (PreviewImporter) -> (artifact id: '42d32a6fd05bd55efb8073449cfa2b38') in 0.0127213 seconds
Number of updated asset objects reloaded before import = 0Number of asset objects unloaded after import = 3

========================================================================
Received Import Request.
  Time since last request: 0.276068 seconds.
  path: Assets/Third-Party/Pastel Icons/resource/style03/shape028_style03_color12.png
  artifactKey: Guid(b73edd490073c4743a064639cc04bc0e) Importer(815301076,1909f56bfc062723c751e8b465ee728b)
Start importing Assets/Third-Party/Pastel Icons/resource/style03/shape028_style03_color12.png using Guid(b73edd490073c4743a064639cc04bc0e) Importer(815301076,1909f56bfc062723c751e8b465ee728b) (PreviewImporter) -> (artifact id: '5c54d9fb7fbb431ab221e8a28ee24ee3') in 0.0156794 seconds
Number of updated asset objects reloaded before import = 0Number of asset objects unloaded after import = 3

========================================================================
Received Import Request.
  Time since last request: 0.000015 seconds.
  path: Assets/Third-Party/Pastel Icons/resource/style01/shape029_style01_color04.png
  artifactKey: Guid(f5b56e2c9811ad04fa38e730a982bb71) Importer(815301076,1909f56bfc062723c751e8b465ee728b)
Start importing Assets/Third-Party/Pastel Icons/resource/style01/shape029_style01_color04.png using Guid(f5b56e2c9811ad04fa38e730a982bb71) Importer(815301076,1909f56bfc062723c751e8b465ee728b) (PreviewImporter) -> (artifact id: '79d551e0bfb59961e706ca4cec56aec1') in 0.0134575 seconds
Number of updated asset objects reloaded before import = 0Number of asset objects unloaded after import = 3

========================================================================
Received Import Request.
  Time since last request: 0.017978 seconds.
  path: Assets/Third-Party/Pastel Icons/resource/style01/shape029_style01_color05.png
  artifactKey: Guid(5642640787b87a14d93c8027aced56f5) Importer(815301076,1909f56bfc062723c751e8b465ee728b)
Start importing Assets/Third-Party/Pastel Icons/resource/style01/shape029_style01_color05.png using Guid(5642640787b87a14d93c8027aced56f5) Importer(815301076,1909f56bfc062723c751e8b465ee728b) (PreviewImporter) -> (artifact id: '9cd47455aba65b41e30605e0b8dfe8be') in 0.0149096 seconds
Number of updated asset objects reloaded before import = 0Number of asset objects unloaded after import = 3

========================================================================
Received Import Request.
  Time since last request: 0.000017 seconds.
  path: Assets/Third-Party/Pastel Icons/resource/style01/shape029_style01_color08.png
  artifactKey: Guid(39a55905b184ce1489adf28e82df28d6) Importer(815301076,1909f56bfc062723c751e8b465ee728b)
Start importing Assets/Third-Party/Pastel Icons/resource/style01/shape029_style01_color08.png using Guid(39a55905b184ce1489adf28e82df28d6) Importer(815301076,1909f56bfc062723c751e8b465ee728b) (PreviewImporter) -> (artifact id: '279185942cd21377c76dd17516d93469') in 0.0132909 seconds
Number of updated asset objects reloaded before import = 0Number of asset objects unloaded after import = 3

========================================================================
Received Import Request.
  Time since last request: 0.016498 seconds.
  path: Assets/Third-Party/Pastel Icons/resource/style01/shape029_style01_color10.png
  artifactKey: Guid(35424f08ed8d3bb48be42effca1ccb9a) Importer(815301076,1909f56bfc062723c751e8b465ee728b)
Start importing Assets/Third-Party/Pastel Icons/resource/style01/shape029_style01_color10.png using Guid(35424f08ed8d3bb48be42effca1ccb9a) Importer(815301076,1909f56bfc062723c751e8b465ee728b) (PreviewImporter) -> (artifact id: '89896d2f7e564d39682c4445788fb9ba') in 0.0142762 seconds
Number of updated asset objects reloaded before import = 0Number of asset objects unloaded after import = 3

========================================================================
Received Import Request.
  Time since last request: 0.000014 seconds.
  path: Assets/Third-Party/Pastel Icons/resource/style02/shape029_style02_color07.png
  artifactKey: Guid(c7cda8e8e99bfd34a81e026eba3d1d82) Importer(815301076,1909f56bfc062723c751e8b465ee728b)
Start importing Assets/Third-Party/Pastel Icons/resource/style02/shape029_style02_color07.png using Guid(c7cda8e8e99bfd34a81e026eba3d1d82) Importer(815301076,1909f56bfc062723c751e8b465ee728b) (PreviewImporter) -> (artifact id: '999eb25418a3ca37b4949288c2de851f') in 0.0148553 seconds
Number of updated asset objects reloaded before import = 0Number of asset objects unloaded after import = 3

========================================================================
Received Import Request.
  Time since last request: 0.000016 seconds.
  path: Assets/Third-Party/Pastel Icons/resource/style02/shape029_style02_color02.png
  artifactKey: Guid(7b7a349a907b7064c8bf6e129f4557e6) Importer(815301076,1909f56bfc062723c751e8b465ee728b)
Start importing Assets/Third-Party/Pastel Icons/resource/style02/shape029_style02_color02.png using Guid(7b7a349a907b7064c8bf6e129f4557e6) Importer(815301076,1909f56bfc062723c751e8b465ee728b) (PreviewImporter) -> (artifact id: '8e33c05808eb75b2179c01b9b687b4a4') in 0.013457 seconds
Number of updated asset objects reloaded before import = 0Number of asset objects unloaded after import = 3

========================================================================
Received Import Request.
  Time since last request: 0.000024 seconds.
  path: Assets/Third-Party/Pastel Icons/resource/style02/shape029_style02_color01.png
  artifactKey: Guid(75fa1a4326cdaff489026c1ac3bee01f) Importer(815301076,1909f56bfc062723c751e8b465ee728b)
Start importing Assets/Third-Party/Pastel Icons/resource/style02/shape029_style02_color01.png using Guid(75fa1a4326cdaff489026c1ac3bee01f) Importer(815301076,1909f56bfc062723c751e8b465ee728b) (PreviewImporter) -> (artifact id: 'b54b9b05c0f3b8e6a0f502b14d44738c') in 0.0147461 seconds
Number of updated asset objects reloaded before import = 0Number of asset objects unloaded after import = 3

========================================================================
Received Import Request.
  Time since last request: 0.392335 seconds.
  path: Assets/Third-Party/Pastel Icons/resource/style02/shape029_style02_color08.png
  artifactKey: Guid(5e380561d6793284eb11469cd4c2eaf5) Importer(815301076,1909f56bfc062723c751e8b465ee728b)
Start importing Assets/Third-Party/Pastel Icons/resource/style02/shape029_style02_color08.png using Guid(5e380561d6793284eb11469cd4c2eaf5) Importer(815301076,1909f56bfc062723c751e8b465ee728b) (PreviewImporter) -> (artifact id: '6297e1aef18c4d430bfa7778cb3c15ca') in 0.0230573 seconds
Number of updated asset objects reloaded before import = 0Number of asset objects unloaded after import = 3

========================================================================
Received Import Request.
  Time since last request: 0.024691 seconds.
  path: Assets/Third-Party/Pastel Icons/resource/style03/shape029_style03_color01.png
  artifactKey: Guid(99eecc541d25b854ea9fdf151456784a) Importer(815301076,1909f56bfc062723c751e8b465ee728b)
Start importing Assets/Third-Party/Pastel Icons/resource/style03/shape029_style03_color01.png using Guid(99eecc541d25b854ea9fdf151456784a) Importer(815301076,1909f56bfc062723c751e8b465ee728b) (PreviewImporter) -> (artifact id: '1ccbd9105e529b62a9b0b3374a7355cd') in 0.0150878 seconds
Number of updated asset objects reloaded before import = 0Number of asset objects unloaded after import = 3

========================================================================
Received Import Request.
  Time since last request: 0.000036 seconds.
  path: Assets/Third-Party/Pastel Icons/resource/style03/shape029_style03_color05.png
  artifactKey: Guid(046576270c763334388057461a66822f) Importer(815301076,1909f56bfc062723c751e8b465ee728b)
Start importing Assets/Third-Party/Pastel Icons/resource/style03/shape029_style03_color05.png using Guid(046576270c763334388057461a66822f) Importer(815301076,1909f56bfc062723c751e8b465ee728b) (PreviewImporter) -> (artifact id: '202c570a943edd69482fe265d0d99de9') in 0.013137 seconds
Number of updated asset objects reloaded before import = 0Number of asset objects unloaded after import = 3

========================================================================
Received Import Request.
  Time since last request: 0.470122 seconds.
  path: Assets/Third-Party/Pastel Icons/resource/style03/shape029_style03_color06.png
  artifactKey: Guid(041ec87ce478c2e48924b16e603f613c) Importer(815301076,1909f56bfc062723c751e8b465ee728b)
Start importing Assets/Third-Party/Pastel Icons/resource/style03/shape029_style03_color06.png using Guid(041ec87ce478c2e48924b16e603f613c) Importer(815301076,1909f56bfc062723c751e8b465ee728b) (PreviewImporter) -> (artifact id: '448dfac4c8feea6350b07032e4e017ba') in 0.0157729 seconds
Number of updated asset objects reloaded before import = 0Number of asset objects unloaded after import = 3

========================================================================
Received Import Request.
  Time since last request: 0.000015 seconds.
  path: Assets/Third-Party/Pastel Icons/resource/style03/shape029_style03_color10.png
  artifactKey: Guid(5caeb58835ac06f428150b7685ff5b8e) Importer(815301076,1909f56bfc062723c751e8b465ee728b)
Start importing Assets/Third-Party/Pastel Icons/resource/style03/shape029_style03_color10.png using Guid(5caeb58835ac06f428150b7685ff5b8e) Importer(815301076,1909f56bfc062723c751e8b465ee728b) (PreviewImporter) -> (artifact id: '018b60d1880935e95b81c912d6bfc74e') in 0.0150937 seconds
Number of updated asset objects reloaded before import = 0Number of asset objects unloaded after import = 3

========================================================================
Received Import Request.
  Time since last request: 0.026953 seconds.
  path: Assets/Third-Party/Pastel Icons/resource/style03/shape029_style03_color11.png
  artifactKey: Guid(da94cc8dfae25204d93b4eddad32ee48) Importer(815301076,1909f56bfc062723c751e8b465ee728b)
Start importing Assets/Third-Party/Pastel Icons/resource/style03/shape029_style03_color11.png using Guid(da94cc8dfae25204d93b4eddad32ee48) Importer(815301076,1909f56bfc062723c751e8b465ee728b) (PreviewImporter) -> (artifact id: 'c06322825ce24282c33d61eb465218d4') in 0.0144906 seconds
Number of updated asset objects reloaded before import = 0Number of asset objects unloaded after import = 3

========================================================================
Received Import Request.
  Time since last request: 0.000014 seconds.
  path: Assets/Third-Party/Pastel Icons/resource/style01/shape030_style01_color07.png
  artifactKey: Guid(4a7a745a53dee0047a99a6629ab9fc75) Importer(815301076,1909f56bfc062723c751e8b465ee728b)
Start importing Assets/Third-Party/Pastel Icons/resource/style01/shape030_style01_color07.png using Guid(4a7a745a53dee0047a99a6629ab9fc75) Importer(815301076,1909f56bfc062723c751e8b465ee728b) (PreviewImporter) -> (artifact id: '6a99bd3ed9ddc1e26dd43927ebf30453') in 0.0146989 seconds
Number of updated asset objects reloaded before import = 0Number of asset objects unloaded after import = 3

========================================================================
Received Import Request.
  Time since last request: 0.000015 seconds.
  path: Assets/Third-Party/Pastel Icons/resource/style01/shape030_style01_color08.png
  artifactKey: Guid(2e5ac2020cff4774fa7b636f8f39589e) Importer(815301076,1909f56bfc062723c751e8b465ee728b)
Start importing Assets/Third-Party/Pastel Icons/resource/style01/shape030_style01_color08.png using Guid(2e5ac2020cff4774fa7b636f8f39589e) Importer(815301076,1909f56bfc062723c751e8b465ee728b) (PreviewImporter) -> (artifact id: 'e3f4bd2c73b9e553308b682ee5cbeb4e') in 0.0144913 seconds
Number of updated asset objects reloaded before import = 0Number of asset objects unloaded after import = 3

========================================================================
Received Import Request.
  Time since last request: 0.000020 seconds.
  path: Assets/Third-Party/Pastel Icons/resource/style01/shape030_style01_color04.png
  artifactKey: Guid(1d5b8805c5072c44aba460647824d834) Importer(815301076,1909f56bfc062723c751e8b465ee728b)
Start importing Assets/Third-Party/Pastel Icons/resource/style01/shape030_style01_color04.png using Guid(1d5b8805c5072c44aba460647824d834) Importer(815301076,1909f56bfc062723c751e8b465ee728b) (PreviewImporter) -> (artifact id: '87ceae157e3e8e8dc1277a23dd378552') in 0.0133988 seconds
Number of updated asset objects reloaded before import = 0Number of asset objects unloaded after import = 3

========================================================================
Received Import Request.
  Time since last request: 0.272547 seconds.
  path: Assets/Third-Party/Pastel Icons/resource/style02/shape030_style02_color01.png
  artifactKey: Guid(23640d6bd2060ed41adad79dcb62b013) Importer(815301076,1909f56bfc062723c751e8b465ee728b)
Start importing Assets/Third-Party/Pastel Icons/resource/style02/shape030_style02_color01.png using Guid(23640d6bd2060ed41adad79dcb62b013) Importer(815301076,1909f56bfc062723c751e8b465ee728b) (PreviewImporter) -> (artifact id: 'cd5a765f724f6d9f155af7e366475287') in 0.0142318 seconds
Number of updated asset objects reloaded before import = 0Number of asset objects unloaded after import = 3

========================================================================
Received Import Request.
  Time since last request: 0.021222 seconds.
  path: Assets/Third-Party/Pastel Icons/resource/style02/shape030_style02_color02.png
  artifactKey: Guid(f6d1e622fa277bb4493304fc93ac06c3) Importer(815301076,1909f56bfc062723c751e8b465ee728b)
Start importing Assets/Third-Party/Pastel Icons/resource/style02/shape030_style02_color02.png using Guid(f6d1e622fa277bb4493304fc93ac06c3) Importer(815301076,1909f56bfc062723c751e8b465ee728b) (PreviewImporter) -> (artifact id: '566f9022ff13981668137f5796fa4dc6') in 0.0149854 seconds
Number of updated asset objects reloaded before import = 0Number of asset objects unloaded after import = 3

========================================================================
Received Import Request.
  Time since last request: 0.904876 seconds.
  path: Assets/Third-Party/Pastel Icons/resource/style01/shape031_style01_color03.png
  artifactKey: Guid(d7e78be374f147647b57157abced3138) Importer(815301076,1909f56bfc062723c751e8b465ee728b)
Start importing Assets/Third-Party/Pastel Icons/resource/style01/shape031_style01_color03.png using Guid(d7e78be374f147647b57157abced3138) Importer(815301076,1909f56bfc062723c751e8b465ee728b) (PreviewImporter) -> (artifact id: 'adb8d3b027bcc627f710ed63416128e2') in 0.2114569 seconds
Number of updated asset objects reloaded before import = 0Number of asset objects unloaded after import = 3

========================================================================
Received Import Request.
  Time since last request: 0.000018 seconds.
  path: Assets/Third-Party/Pastel Icons/resource/style01/shape031_style01_color07.png
  artifactKey: Guid(42ab5e5315d0fec47bf0dec5de0db6d9) Importer(815301076,1909f56bfc062723c751e8b465ee728b)
Start importing Assets/Third-Party/Pastel Icons/resource/style01/shape031_style01_color07.png using Guid(42ab5e5315d0fec47bf0dec5de0db6d9) Importer(815301076,1909f56bfc062723c751e8b465ee728b) (PreviewImporter) -> (artifact id: '240284ceaab23f33c15e396db5b467f2') in 0.0118261 seconds
Number of updated asset objects reloaded before import = 0Number of asset objects unloaded after import = 3

========================================================================
Received Import Request.
  Time since last request: 0.079083 seconds.
  path: Assets/Third-Party/Pastel Icons/resource/style01/shape031_style01_color08.png
  artifactKey: Guid(a75cc623fe06ad74aaf36cad5f9db531) Importer(815301076,1909f56bfc062723c751e8b465ee728b)
Start importing Assets/Third-Party/Pastel Icons/resource/style01/shape031_style01_color08.png using Guid(a75cc623fe06ad74aaf36cad5f9db531) Importer(815301076,1909f56bfc062723c751e8b465ee728b) (PreviewImporter) -> (artifact id: '5407a7f6ca31f681994b200966322fac') in 0.015436 seconds
Number of updated asset objects reloaded before import = 0Number of asset objects unloaded after import = 3

========================================================================
Received Import Request.
  Time since last request: 0.032224 seconds.
  path: Assets/Third-Party/Pastel Icons/resource/style02/shape031_style02_color01.png
  artifactKey: Guid(6c20ff4af1bffa9418b05a621dbfab7a) Importer(815301076,1909f56bfc062723c751e8b465ee728b)
Start importing Assets/Third-Party/Pastel Icons/resource/style02/shape031_style02_color01.png using Guid(6c20ff4af1bffa9418b05a621dbfab7a) Importer(815301076,1909f56bfc062723c751e8b465ee728b) (PreviewImporter) -> (artifact id: '8b21fa225ca3b7cf44a3f999dc123739') in 0.0143243 seconds
Number of updated asset objects reloaded before import = 0Number of asset objects unloaded after import = 3

========================================================================
Received Import Request.
  Time since last request: 0.030390 seconds.
  path: Assets/Third-Party/Pastel Icons/resource/style02/shape031_style02_color06.png
  artifactKey: Guid(9eacbee0fa5265a4d8a2626d5666ce5f) Importer(815301076,1909f56bfc062723c751e8b465ee728b)
Start importing Assets/Third-Party/Pastel Icons/resource/style02/shape031_style02_color06.png using Guid(9eacbee0fa5265a4d8a2626d5666ce5f) Importer(815301076,1909f56bfc062723c751e8b465ee728b) (PreviewImporter) -> (artifact id: '76f0ca52a5b07af0f5b13f4b2a96c5d6') in 0.0138649 seconds
Number of updated asset objects reloaded before import = 0Number of asset objects unloaded after import = 3

========================================================================
Received Import Request.
  Time since last request: 0.000017 seconds.
  path: Assets/Third-Party/Pastel Icons/resource/style02/shape031_style02_color09.png
  artifactKey: Guid(33892bdeee65caf4eb6f12d40af6100f) Importer(815301076,1909f56bfc062723c751e8b465ee728b)
Start importing Assets/Third-Party/Pastel Icons/resource/style02/shape031_style02_color09.png using Guid(33892bdeee65caf4eb6f12d40af6100f) Importer(815301076,1909f56bfc062723c751e8b465ee728b) (PreviewImporter) -> (artifact id: '237864290eb6dbf9545f43eb126d686a') in 0.0135027 seconds
Number of updated asset objects reloaded before import = 0Number of asset objects unloaded after import = 3

========================================================================
Received Import Request.
  Time since last request: 0.372954 seconds.
  path: Assets/Third-Party/Pastel Icons/resource/style02/shape031_style02_color11.png
  artifactKey: Guid(a1b21d18d1f30d1479b6423d8799383e) Importer(815301076,1909f56bfc062723c751e8b465ee728b)
Start importing Assets/Third-Party/Pastel Icons/resource/style02/shape031_style02_color11.png using Guid(a1b21d18d1f30d1479b6423d8799383e) Importer(815301076,1909f56bfc062723c751e8b465ee728b) (PreviewImporter) -> (artifact id: 'a437385648e28e90f6cc1becf0569b88') in 0.015846 seconds
Number of updated asset objects reloaded before import = 0Number of asset objects unloaded after import = 3

========================================================================
Received Import Request.
  Time since last request: 0.032847 seconds.
  path: Assets/Third-Party/Pastel Icons/resource/style03/shape031_style03_color04.png
  artifactKey: Guid(8ed74021dc104d2478b846d0c69751c5) Importer(815301076,1909f56bfc062723c751e8b465ee728b)
Start importing Assets/Third-Party/Pastel Icons/resource/style03/shape031_style03_color04.png using Guid(8ed74021dc104d2478b846d0c69751c5) Importer(815301076,1909f56bfc062723c751e8b465ee728b) (PreviewImporter) -> (artifact id: '5f97f17bf38925cda2793bffcec542e8') in 0.0144801 seconds
Number of updated asset objects reloaded before import = 0Number of asset objects unloaded after import = 3

========================================================================
Received Import Request.
  Time since last request: 0.000015 seconds.
  path: Assets/Third-Party/Pastel Icons/resource/style03/shape031_style03_color08.png
  artifactKey: Guid(7bfe73007adcc0e40a9e08161d99f350) Importer(815301076,1909f56bfc062723c751e8b465ee728b)
Start importing Assets/Third-Party/Pastel Icons/resource/style03/shape031_style03_color08.png using Guid(7bfe73007adcc0e40a9e08161d99f350) Importer(815301076,1909f56bfc062723c751e8b465ee728b) (PreviewImporter) -> (artifact id: '2db2d26a839b89531366b77b402b9661') in 0.013406 seconds
Number of updated asset objects reloaded before import = 0Number of asset objects unloaded after import = 3

========================================================================
Received Import Request.
  Time since last request: 0.000017 seconds.
  path: Assets/Third-Party/Pastel Icons/resource/style03/shape031_style03_color07.png
  artifactKey: Guid(b07252842e9f7fc47a03aab4476761d0) Importer(815301076,1909f56bfc062723c751e8b465ee728b)
Start importing Assets/Third-Party/Pastel Icons/resource/style03/shape031_style03_color07.png using Guid(b07252842e9f7fc47a03aab4476761d0) Importer(815301076,1909f56bfc062723c751e8b465ee728b) (PreviewImporter) -> (artifact id: '5a88c476aa7b9c095ba5c702db7d4d81') in 0.0146358 seconds
Number of updated asset objects reloaded before import = 0Number of asset objects unloaded after import = 3

========================================================================
Received Import Request.
  Time since last request: 0.000018 seconds.
  path: Assets/Third-Party/Pastel Icons/resource/style03/shape031_style03_color12.png
  artifactKey: Guid(706c5af19178c8c458ad2b3b1b0c4555) Importer(815301076,1909f56bfc062723c751e8b465ee728b)
Start importing Assets/Third-Party/Pastel Icons/resource/style03/shape031_style03_color12.png using Guid(706c5af19178c8c458ad2b3b1b0c4555) Importer(815301076,1909f56bfc062723c751e8b465ee728b) (PreviewImporter) -> (artifact id: 'a4ec41239a753a9f3d1f169f73c9fc0b') in 0.013214 seconds
Number of updated asset objects reloaded before import = 0Number of asset objects unloaded after import = 3

========================================================================
Received Import Request.
  Time since last request: 0.762185 seconds.
  path: Assets/Third-Party/Pastel Icons/resource/style01/shape032_style01_color02.png
  artifactKey: Guid(190f63a6cf1073d4f82fa175c26d7b67) Importer(815301076,1909f56bfc062723c751e8b465ee728b)
Start importing Assets/Third-Party/Pastel Icons/resource/style01/shape032_style01_color02.png using Guid(190f63a6cf1073d4f82fa175c26d7b67) Importer(815301076,1909f56bfc062723c751e8b465ee728b) (PreviewImporter) -> (artifact id: 'e84c60e891ae2a9d0258ee5c7e50a549') in 0.0153043 seconds
Number of updated asset objects reloaded before import = 0Number of asset objects unloaded after import = 3

========================================================================
Received Import Request.
  Time since last request: 0.000014 seconds.
  path: Assets/Third-Party/Pastel Icons/resource/style01/shape032_style01_color05.png
  artifactKey: Guid(aa103b9c70e3eba46acbfc5ec24918e9) Importer(815301076,1909f56bfc062723c751e8b465ee728b)
Start importing Assets/Third-Party/Pastel Icons/resource/style01/shape032_style01_color05.png using Guid(aa103b9c70e3eba46acbfc5ec24918e9) Importer(815301076,1909f56bfc062723c751e8b465ee728b) (PreviewImporter) -> (artifact id: 'cb96954f97d122d3332453a6ecf5b7bc') in 0.0139555 seconds
Number of updated asset objects reloaded before import = 0Number of asset objects unloaded after import = 3

========================================================================
Received Import Request.
  Time since last request: 0.015945 seconds.
  path: Assets/Third-Party/Pastel Icons/resource/style01/shape032_style01_color07.png
  artifactKey: Guid(4952823d4a6d3014f835b805726e8d1b) Importer(815301076,1909f56bfc062723c751e8b465ee728b)
Start importing Assets/Third-Party/Pastel Icons/resource/style01/shape032_style01_color07.png using Guid(4952823d4a6d3014f835b805726e8d1b) Importer(815301076,1909f56bfc062723c751e8b465ee728b) (PreviewImporter) -> (artifact id: '97b489127f4678ac6eb71a551fee9e9d') in 0.0141639 seconds
Number of updated asset objects reloaded before import = 0Number of asset objects unloaded after import = 3

========================================================================
Received Import Request.
  Time since last request: 0.000016 seconds.
  path: Assets/Third-Party/Pastel Icons/resource/style01/shape032_style01_color10.png
  artifactKey: Guid(42ebb16438a413c45b947021a39d727d) Importer(815301076,1909f56bfc062723c751e8b465ee728b)
Start importing Assets/Third-Party/Pastel Icons/resource/style01/shape032_style01_color10.png using Guid(42ebb16438a413c45b947021a39d727d) Importer(815301076,1909f56bfc062723c751e8b465ee728b) (PreviewImporter) -> (artifact id: '006c362d85a23dccc1ebb69585e48200') in 0.0135886 seconds
Number of updated asset objects reloaded before import = 0Number of asset objects unloaded after import = 3

========================================================================
Received Import Request.
  Time since last request: 0.079697 seconds.
  path: Assets/Third-Party/Pastel Icons/resource/style01/shape032_style01_color12.png
  artifactKey: Guid(64a768a2d45889d41aefcdccb51937ef) Importer(815301076,1909f56bfc062723c751e8b465ee728b)
Start importing Assets/Third-Party/Pastel Icons/resource/style01/shape032_style01_color12.png using Guid(64a768a2d45889d41aefcdccb51937ef) Importer(815301076,1909f56bfc062723c751e8b465ee728b) (PreviewImporter) -> (artifact id: '1b656144f2dcff49b8777c86ca256e51') in 0.0147265 seconds
Number of updated asset objects reloaded before import = 0Number of asset objects unloaded after import = 3

========================================================================
Received Import Request.
  Time since last request: 0.000017 seconds.
  path: Assets/Third-Party/Pastel Icons/resource/style02/shape032_style02_color04.png
  artifactKey: Guid(350013c354c9314408329d640fc0dbf2) Importer(815301076,1909f56bfc062723c751e8b465ee728b)
Start importing Assets/Third-Party/Pastel Icons/resource/style02/shape032_style02_color04.png using Guid(350013c354c9314408329d640fc0dbf2) Importer(815301076,1909f56bfc062723c751e8b465ee728b) (PreviewImporter) -> (artifact id: '507f2b0f333ec99fb2717256508f2661') in 0.0132939 seconds
Number of updated asset objects reloaded before import = 0Number of asset objects unloaded after import = 3

========================================================================
Received Import Request.
  Time since last request: 4.762592 seconds.
  path: Assets/Third-Party/Pastel Icons/resource/style02/shape032_style02_color05.png
  artifactKey: Guid(7b0350d580cf3eb429eb440b97e42785) Importer(815301076,1909f56bfc062723c751e8b465ee728b)
Start importing Assets/Third-Party/Pastel Icons/resource/style02/shape032_style02_color05.png using Guid(7b0350d580cf3eb429eb440b97e42785) Importer(815301076,1909f56bfc062723c751e8b465ee728b) (PreviewImporter) -> (artifact id: 'cd0bd389c5c5d6b90e66c633b5785524') in 0.0155316 seconds
Number of updated asset objects reloaded before import = 0Number of asset objects unloaded after import = 3

========================================================================
Received Import Request.
  Time since last request: 0.000019 seconds.
  path: Assets/Third-Party/Pastel Icons/resource/style02/shape032_style02_color09.png
  artifactKey: Guid(48232f6d842e32a48bfbad3e18fc9def) Importer(815301076,1909f56bfc062723c751e8b465ee728b)
Start importing Assets/Third-Party/Pastel Icons/resource/style02/shape032_style02_color09.png using Guid(48232f6d842e32a48bfbad3e18fc9def) Importer(815301076,1909f56bfc062723c751e8b465ee728b) (PreviewImporter) -> (artifact id: '58d63f15f6a6f074116db64392dddcae') in 0.0143742 seconds
Number of updated asset objects reloaded before import = 0Number of asset objects unloaded after import = 3

========================================================================
Received Import Request.
  Time since last request: 1.958573 seconds.
  path: Assets/Third-Party/Pastel Icons/resource/style02/shape032_style02_color10.png
  artifactKey: Guid(fa0cba5baece1424798560d3886e520c) Importer(815301076,1909f56bfc062723c751e8b465ee728b)
Start importing Assets/Third-Party/Pastel Icons/resource/style02/shape032_style02_color10.png using Guid(fa0cba5baece1424798560d3886e520c) Importer(815301076,1909f56bfc062723c751e8b465ee728b) (PreviewImporter) -> (artifact id: '3a087e0d7473ebb728e8f26286b2aa12') in 0.0163172 seconds
Number of updated asset objects reloaded before import = 0Number of asset objects unloaded after import = 3

========================================================================
Received Import Request.
  Time since last request: 0.000016 seconds.
  path: Assets/Third-Party/Pastel Icons/resource/style03/shape032_style03_color02.png
  artifactKey: Guid(b2219efeafe440c4aa2dff241509da07) Importer(815301076,1909f56bfc062723c751e8b465ee728b)
Start importing Assets/Third-Party/Pastel Icons/resource/style03/shape032_style03_color02.png using Guid(b2219efeafe440c4aa2dff241509da07) Importer(815301076,1909f56bfc062723c751e8b465ee728b) (PreviewImporter) -> (artifact id: '5619699bb618d87dbc7f167d1ccd2e7d') in 0.0143233 seconds
Number of updated asset objects reloaded before import = 0Number of asset objects unloaded after import = 3

========================================================================
Received Import Request.
  Time since last request: 0.001861 seconds.
  path: Assets/Third-Party/Pastel Icons/resource/style03/shape032_style03_color03.png
  artifactKey: Guid(d4ec93d9517046d41a61bf3e43e31fa1) Importer(815301076,1909f56bfc062723c751e8b465ee728b)
Start importing Assets/Third-Party/Pastel Icons/resource/style03/shape032_style03_color03.png using Guid(d4ec93d9517046d41a61bf3e43e31fa1) Importer(815301076,1909f56bfc062723c751e8b465ee728b) (PreviewImporter) -> (artifact id: '88ce4d8545912a566d28c9d61e8a0835') in 0.0150572 seconds
Number of updated asset objects reloaded before import = 0Number of asset objects unloaded after import = 3

========================================================================
Received Import Request.
  Time since last request: 0.000017 seconds.
  path: Assets/Third-Party/Pastel Icons/resource/style03/shape032_style03_color07.png
  artifactKey: Guid(4dfb7944de9f29f42bde020d41b08b05) Importer(815301076,1909f56bfc062723c751e8b465ee728b)
Start importing Assets/Third-Party/Pastel Icons/resource/style03/shape032_style03_color07.png using Guid(4dfb7944de9f29f42bde020d41b08b05) Importer(815301076,1909f56bfc062723c751e8b465ee728b) (PreviewImporter) -> (artifact id: '4d586ad876e9542f424ff4e7ca7e6707') in 0.0144967 seconds
Number of updated asset objects reloaded before import = 0Number of asset objects unloaded after import = 3

========================================================================
Received Import Request.
  Time since last request: 0.004684 seconds.
  path: Assets/Third-Party/Pastel Icons/resource/style03/shape032_style03_color08.png
  artifactKey: Guid(b5891b3065dc7b14d86b07731cbd481e) Importer(815301076,1909f56bfc062723c751e8b465ee728b)
Start importing Assets/Third-Party/Pastel Icons/resource/style03/shape032_style03_color08.png using Guid(b5891b3065dc7b14d86b07731cbd481e) Importer(815301076,1909f56bfc062723c751e8b465ee728b) (PreviewImporter) -> (artifact id: '35e78172d498b5118b89995f5690d9f6') in 0.0150682 seconds
Number of updated asset objects reloaded before import = 0Number of asset objects unloaded after import = 3

========================================================================
Received Import Request.
  Time since last request: 0.000019 seconds.
  path: Assets/Third-Party/Pastel Icons/resource/style03/shape032_style03_color12.png
  artifactKey: Guid(a059a8b3797947244a6842376790e950) Importer(815301076,1909f56bfc062723c751e8b465ee728b)
Start importing Assets/Third-Party/Pastel Icons/resource/style03/shape032_style03_color12.png using Guid(a059a8b3797947244a6842376790e950) Importer(815301076,1909f56bfc062723c751e8b465ee728b) (PreviewImporter) -> (artifact id: '2d412b0560b374e28731e4adf3688fcf') in 0.0139588 seconds
Number of updated asset objects reloaded before import = 0Number of asset objects unloaded after import = 3

========================================================================
Received Import Request.
  Time since last request: 0.356333 seconds.
  path: Assets/Third-Party/Pastel Icons/resource/style01/shape033_style01_color01.png
  artifactKey: Guid(49376965022b76141844a84a758fb5c9) Importer(815301076,1909f56bfc062723c751e8b465ee728b)
Start importing Assets/Third-Party/Pastel Icons/resource/style01/shape033_style01_color01.png using Guid(49376965022b76141844a84a758fb5c9) Importer(815301076,1909f56bfc062723c751e8b465ee728b) (PreviewImporter) -> (artifact id: '7abf57729dcb4a3ffb1947d47fa3170b') in 0.0159387 seconds
Number of updated asset objects reloaded before import = 0Number of asset objects unloaded after import = 3

========================================================================
Received Import Request.
  Time since last request: 0.000014 seconds.
  path: Assets/Third-Party/Pastel Icons/resource/style01/shape033_style01_color05.png
  artifactKey: Guid(ba07d9506b6b21a4b8b080c0db7be1ea) Importer(815301076,1909f56bfc062723c751e8b465ee728b)
Start importing Assets/Third-Party/Pastel Icons/resource/style01/shape033_style01_color05.png using Guid(ba07d9506b6b21a4b8b080c0db7be1ea) Importer(815301076,1909f56bfc062723c751e8b465ee728b) (PreviewImporter) -> (artifact id: 'dd328819301b97967e41666eb906d816') in 0.0133443 seconds
Number of updated asset objects reloaded before import = 0Number of asset objects unloaded after import = 3

========================================================================
Received Import Request.
  Time since last request: 0.009445 seconds.
  path: Assets/Third-Party/Pastel Icons/resource/style01/shape033_style01_color06.png
  artifactKey: Guid(bbcc50b04274a2b4a876b765aedbdbae) Importer(815301076,1909f56bfc062723c751e8b465ee728b)
Start importing Assets/Third-Party/Pastel Icons/resource/style01/shape033_style01_color06.png using Guid(bbcc50b04274a2b4a876b765aedbdbae) Importer(815301076,1909f56bfc062723c751e8b465ee728b) (PreviewImporter) -> (artifact id: '1571c98fa60064fbf14b0290092c0e8a') in 0.0151362 seconds
Number of updated asset objects reloaded before import = 0Number of asset objects unloaded after import = 3

========================================================================
Received Import Request.
  Time since last request: 0.000020 seconds.
  path: Assets/Third-Party/Pastel Icons/resource/style01/shape033_style01_color09.png
  artifactKey: Guid(54249e231f9d06b4bb226dcfbf661b6d) Importer(815301076,1909f56bfc062723c751e8b465ee728b)
Start importing Assets/Third-Party/Pastel Icons/resource/style01/shape033_style01_color09.png using Guid(54249e231f9d06b4bb226dcfbf661b6d) Importer(815301076,1909f56bfc062723c751e8b465ee728b) (PreviewImporter) -> (artifact id: '2da7fb28bc47e4a7377001d10f38c940') in 0.0132615 seconds
Number of updated asset objects reloaded before import = 0Number of asset objects unloaded after import = 3

========================================================================
Received Import Request.
  Time since last request: 0.568813 seconds.
  path: Assets/Third-Party/Pastel Icons/resource/style01/shape033_style01_color11.png
  artifactKey: Guid(c6abc221732b7184cb72d79540b6f885) Importer(815301076,1909f56bfc062723c751e8b465ee728b)
Start importing Assets/Third-Party/Pastel Icons/resource/style01/shape033_style01_color11.png using Guid(c6abc221732b7184cb72d79540b6f885) Importer(815301076,1909f56bfc062723c751e8b465ee728b) (PreviewImporter) -> (artifact id: '03e8dd9ed9e4f05b9e7156be9e3c8111') in 0.015582 seconds
Number of updated asset objects reloaded before import = 0Number of asset objects unloaded after import = 3

========================================================================
Received Import Request.
  Time since last request: 0.000016 seconds.
  path: Assets/Third-Party/Pastel Icons/resource/style02/shape033_style02_color02.png
  artifactKey: Guid(49c1a5bb2063bf043b70b705e98e1cf3) Importer(815301076,1909f56bfc062723c751e8b465ee728b)
Start importing Assets/Third-Party/Pastel Icons/resource/style02/shape033_style02_color02.png using Guid(49c1a5bb2063bf043b70b705e98e1cf3) Importer(815301076,1909f56bfc062723c751e8b465ee728b) (PreviewImporter) -> (artifact id: '846646c8c1f238f3d4a7d47d6aa2d963') in 0.0132434 seconds
Number of updated asset objects reloaded before import = 0Number of asset objects unloaded after import = 3

========================================================================
Received Import Request.
  Time since last request: 1.992233 seconds.
  path: Assets/Third-Party/Pastel Icons/resource/style02/shape033_style02_color04.png
  artifactKey: Guid(508b1a182e1025c49afd0dadf73e854c) Importer(815301076,1909f56bfc062723c751e8b465ee728b)
Start importing Assets/Third-Party/Pastel Icons/resource/style02/shape033_style02_color04.png using Guid(508b1a182e1025c49afd0dadf73e854c) Importer(815301076,1909f56bfc062723c751e8b465ee728b) (PreviewImporter) -> (artifact id: 'cb12370c30b7864559b5f0b2e9489044') in 0.0148247 seconds
Number of updated asset objects reloaded before import = 0Number of asset objects unloaded after import = 3

========================================================================
Received Import Request.
  Time since last request: 0.000017 seconds.
  path: Assets/Third-Party/Pastel Icons/resource/style02/shape033_style02_color08.png
  artifactKey: Guid(72df2399c4cd262429548dde84c60c6d) Importer(815301076,1909f56bfc062723c751e8b465ee728b)
Start importing Assets/Third-Party/Pastel Icons/resource/style02/shape033_style02_color08.png using Guid(72df2399c4cd262429548dde84c60c6d) Importer(815301076,1909f56bfc062723c751e8b465ee728b) (PreviewImporter) -> (artifact id: '568ead2e1ef300850fc64db2d57a5aa5') in 0.0132646 seconds
Number of updated asset objects reloaded before import = 0Number of asset objects unloaded after import = 3

========================================================================
Received Import Request.
  Time since last request: 0.020130 seconds.
  path: Assets/Third-Party/Pastel Icons/resource/style02/shape033_style02_color09.png
  artifactKey: Guid(8672a6b6c1c68fc49b80d322467b9831) Importer(815301076,1909f56bfc062723c751e8b465ee728b)
Start importing Assets/Third-Party/Pastel Icons/resource/style02/shape033_style02_color09.png using Guid(8672a6b6c1c68fc49b80d322467b9831) Importer(815301076,1909f56bfc062723c751e8b465ee728b) (PreviewImporter) -> (artifact id: '2a76fa4aa2ef3ee53293164abafcd47c') in 0.0149004 seconds
Number of updated asset objects reloaded before import = 0Number of asset objects unloaded after import = 3

========================================================================
Received Import Request.
  Time since last request: 0.000017 seconds.
  path: Assets/Third-Party/Pastel Icons/resource/style03/shape033_style03_color04.png
  artifactKey: Guid(f2867c773d70ece4ab0d32805f1a22fd) Importer(815301076,1909f56bfc062723c751e8b465ee728b)
Start importing Assets/Third-Party/Pastel Icons/resource/style03/shape033_style03_color04.png using Guid(f2867c773d70ece4ab0d32805f1a22fd) Importer(815301076,1909f56bfc062723c751e8b465ee728b) (PreviewImporter) -> (artifact id: 'b8b88d2fd55d88005774f0c9acc6bd81') in 0.0145476 seconds
Number of updated asset objects reloaded before import = 0Number of asset objects unloaded after import = 3

========================================================================
Received Import Request.
  Time since last request: 0.000014 seconds.
  path: Assets/Third-Party/Pastel Icons/resource/style03/shape033_style03_color01.png
  artifactKey: Guid(226ad5c04efa4e548ba4c8136df6aebb) Importer(815301076,1909f56bfc062723c751e8b465ee728b)
Start importing Assets/Third-Party/Pastel Icons/resource/style03/shape033_style03_color01.png using Guid(226ad5c04efa4e548ba4c8136df6aebb) Importer(815301076,1909f56bfc062723c751e8b465ee728b) (PreviewImporter) -> (artifact id: '12be12dfd30627750bd6d68f39675dc8') in 0.014332 seconds
Number of updated asset objects reloaded before import = 0Number of asset objects unloaded after import = 3

========================================================================
Received Import Request.
  Time since last request: 0.253726 seconds.
  path: Assets/Third-Party/Pastel Icons/resource/style03/shape033_style03_color07.png
  artifactKey: Guid(08e69d9b4feb0d64a8707f5f4e37af65) Importer(815301076,1909f56bfc062723c751e8b465ee728b)
Start importing Assets/Third-Party/Pastel Icons/resource/style03/shape033_style03_color07.png using Guid(08e69d9b4feb0d64a8707f5f4e37af65) Importer(815301076,1909f56bfc062723c751e8b465ee728b) (PreviewImporter) -> (artifact id: '4b69b1b6ace4c86dc0193e8cfe1cd2e2') in 0.0167496 seconds
Number of updated asset objects reloaded before import = 0Number of asset objects unloaded after import = 3

========================================================================
Received Import Request.
  Time since last request: 0.000020 seconds.
  path: Assets/Third-Party/Pastel Icons/resource/style03/shape033_style03_color10.png
  artifactKey: Guid(91a9b72bc1eb5554ba4d5b67ce5329f8) Importer(815301076,1909f56bfc062723c751e8b465ee728b)
Start importing Assets/Third-Party/Pastel Icons/resource/style03/shape033_style03_color10.png using Guid(91a9b72bc1eb5554ba4d5b67ce5329f8) Importer(815301076,1909f56bfc062723c751e8b465ee728b) (PreviewImporter) -> (artifact id: '0f80f594d1b1db8a3752de7da232de8b') in 0.0138045 seconds
Number of updated asset objects reloaded before import = 0Number of asset objects unloaded after import = 3

========================================================================
Received Import Request.
  Time since last request: 0.001503 seconds.
  path: Assets/Third-Party/Pastel Icons/resource/style03/shape033_style03_color12.png
  artifactKey: Guid(25528eb383b05b647980a941ebb73786) Importer(815301076,1909f56bfc062723c751e8b465ee728b)
Start importing Assets/Third-Party/Pastel Icons/resource/style03/shape033_style03_color12.png using Guid(25528eb383b05b647980a941ebb73786) Importer(815301076,1909f56bfc062723c751e8b465ee728b) (PreviewImporter) -> (artifact id: '5ed29cc6a5b320d461f087eab4c09aed') in 0.0145006 seconds
Number of updated asset objects reloaded before import = 0Number of asset objects unloaded after import = 3

========================================================================
Received Import Request.
  Time since last request: 0.000017 seconds.
  path: Assets/Third-Party/Pastel Icons/resource/style01/shape034_style01_color04.png
  artifactKey: Guid(2be3aac99a3d8ee44b0972b41a0db51c) Importer(815301076,1909f56bfc062723c751e8b465ee728b)
Start importing Assets/Third-Party/Pastel Icons/resource/style01/shape034_style01_color04.png using Guid(2be3aac99a3d8ee44b0972b41a0db51c) Importer(815301076,1909f56bfc062723c751e8b465ee728b) (PreviewImporter) -> (artifact id: '75b5673a8a6ff8d0dbbb2e52841bfa4c') in 0.0139046 seconds
Number of updated asset objects reloaded before import = 0Number of asset objects unloaded after import = 3

========================================================================
Received Import Request.
  Time since last request: 0.004034 seconds.
  path: Assets/Third-Party/Pastel Icons/resource/style01/shape034_style01_color05.png
  artifactKey: Guid(3c5996b5c80275e41a2d39062686e6d5) Importer(815301076,1909f56bfc062723c751e8b465ee728b)
Start importing Assets/Third-Party/Pastel Icons/resource/style01/shape034_style01_color05.png using Guid(3c5996b5c80275e41a2d39062686e6d5) Importer(815301076,1909f56bfc062723c751e8b465ee728b) (PreviewImporter) -> (artifact id: 'c0a10e7e0025feebdaa6f116191affad') in 0.0143364 seconds
Number of updated asset objects reloaded before import = 0Number of asset objects unloaded after import = 3

========================================================================
Received Import Request.
  Time since last request: 0.000020 seconds.
  path: Assets/Third-Party/Pastel Icons/resource/style01/shape034_style01_color09.png
  artifactKey: Guid(0dfd5df08f9f0724a983027c43a5da17) Importer(815301076,1909f56bfc062723c751e8b465ee728b)
Start importing Assets/Third-Party/Pastel Icons/resource/style01/shape034_style01_color09.png using Guid(0dfd5df08f9f0724a983027c43a5da17) Importer(815301076,1909f56bfc062723c751e8b465ee728b) (PreviewImporter) -> (artifact id: '2df5b87b1c6d275ddf542d0d8674759a') in 0.013596 seconds
Number of updated asset objects reloaded before import = 0Number of asset objects unloaded after import = 3

========================================================================
Received Import Request.
  Time since last request: 0.337408 seconds.
  path: Assets/Third-Party/Pastel Icons/resource/style01/shape034_style01_color10.png
  artifactKey: Guid(3fcc61aec525eb149b8ddc3014e66fc6) Importer(815301076,1909f56bfc062723c751e8b465ee728b)
Start importing Assets/Third-Party/Pastel Icons/resource/style01/shape034_style01_color10.png using Guid(3fcc61aec525eb149b8ddc3014e66fc6) Importer(815301076,1909f56bfc062723c751e8b465ee728b) (PreviewImporter) -> (artifact id: '0e5e1f1fd57fb3fd0c588d6059a53514') in 0.0160253 seconds
Number of updated asset objects reloaded before import = 0Number of asset objects unloaded after import = 3

========================================================================
Received Import Request.
  Time since last request: 0.000019 seconds.
  path: Assets/Third-Party/Pastel Icons/resource/style02/shape034_style02_color04.png
  artifactKey: Guid(943d1f3da66d13c478272a9767114d42) Importer(815301076,1909f56bfc062723c751e8b465ee728b)
Start importing Assets/Third-Party/Pastel Icons/resource/style02/shape034_style02_color04.png using Guid(943d1f3da66d13c478272a9767114d42) Importer(815301076,1909f56bfc062723c751e8b465ee728b) (PreviewImporter) -> (artifact id: '44cde2c05494cd43ee1f39c6727103bd') in 0.0152633 seconds
Number of updated asset objects reloaded before import = 0Number of asset objects unloaded after import = 3

========================================================================
Received Import Request.
  Time since last request: 0.000016 seconds.
  path: Assets/Third-Party/Pastel Icons/resource/style02/shape034_style02_color06.png
  artifactKey: Guid(e5985a1b97e196642ba120b3f8283350) Importer(815301076,1909f56bfc062723c751e8b465ee728b)
Start importing Assets/Third-Party/Pastel Icons/resource/style02/shape034_style02_color06.png using Guid(e5985a1b97e196642ba120b3f8283350) Importer(815301076,1909f56bfc062723c751e8b465ee728b) (PreviewImporter) -> (artifact id: '9c93ed28e2ad0d0444fa662de894efff') in 0.0151192 seconds
Number of updated asset objects reloaded before import = 0Number of asset objects unloaded after import = 3

========================================================================
Received Import Request.
  Time since last request: 0.018638 seconds.
  path: Assets/Third-Party/Pastel Icons/resource/style02/shape034_style02_color08.png
  artifactKey: Guid(d784ff3dc55153e46912688311ba2e2f) Importer(815301076,1909f56bfc062723c751e8b465ee728b)
Start importing Assets/Third-Party/Pastel Icons/resource/style02/shape034_style02_color08.png using Guid(d784ff3dc55153e46912688311ba2e2f) Importer(815301076,1909f56bfc062723c751e8b465ee728b) (PreviewImporter) -> (artifact id: '9d396a00c448f6977ba953aaffb1742e') in 0.014088 seconds
Number of updated asset objects reloaded before import = 0Number of asset objects unloaded after import = 3

========================================================================
Received Import Request.
  Time since last request: 0.000015 seconds.
  path: Assets/Third-Party/Pastel Icons/resource/style02/shape034_style02_color11.png
  artifactKey: Guid(0258d6e63169fc74aa4340cc07e777a9) Importer(815301076,1909f56bfc062723c751e8b465ee728b)
Start importing Assets/Third-Party/Pastel Icons/resource/style02/shape034_style02_color11.png using Guid(0258d6e63169fc74aa4340cc07e777a9) Importer(815301076,1909f56bfc062723c751e8b465ee728b) (PreviewImporter) -> (artifact id: 'c5968bd33f19230deeb9da5d9f9ffb7b') in 0.0137735 seconds
Number of updated asset objects reloaded before import = 0Number of asset objects unloaded after import = 3

========================================================================
Received Import Request.
  Time since last request: 0.005609 seconds.
  path: Assets/Third-Party/Pastel Icons/resource/style03/shape034_style03_color01.png
  artifactKey: Guid(5f7f23c37efb3294ebb9025abeb41e8a) Importer(815301076,1909f56bfc062723c751e8b465ee728b)
Start importing Assets/Third-Party/Pastel Icons/resource/style03/shape034_style03_color01.png using Guid(5f7f23c37efb3294ebb9025abeb41e8a) Importer(815301076,1909f56bfc062723c751e8b465ee728b) (PreviewImporter) -> (artifact id: 'cdb9ef4aee41f982770b74664414e922') in 0.0142264 seconds
Number of updated asset objects reloaded before import = 0Number of asset objects unloaded after import = 3

========================================================================
Received Import Request.
  Time since last request: 0.000018 seconds.
  path: Assets/Third-Party/Pastel Icons/resource/style03/shape034_style03_color04.png
  artifactKey: Guid(b458052129b88ec4a882bbb24e3c6cd8) Importer(815301076,1909f56bfc062723c751e8b465ee728b)
Start importing Assets/Third-Party/Pastel Icons/resource/style03/shape034_style03_color04.png using Guid(b458052129b88ec4a882bbb24e3c6cd8) Importer(815301076,1909f56bfc062723c751e8b465ee728b) (PreviewImporter) -> (artifact id: '52e63e727af6910ec7095c81c8e37265') in 0.0140121 seconds
Number of updated asset objects reloaded before import = 0Number of asset objects unloaded after import = 3

========================================================================
Received Import Request.
  Time since last request: 0.211865 seconds.
  path: Assets/Third-Party/Pastel Icons/resource/style03/shape034_style03_color06.png
  artifactKey: Guid(80f2a1312c18b364fb5e006e97b14625) Importer(815301076,1909f56bfc062723c751e8b465ee728b)
Start importing Assets/Third-Party/Pastel Icons/resource/style03/shape034_style03_color06.png using Guid(80f2a1312c18b364fb5e006e97b14625) Importer(815301076,1909f56bfc062723c751e8b465ee728b) (PreviewImporter) -> (artifact id: '88e3e4f0a0b37ae94517a90b9a8ca1c5') in 0.0149967 seconds
Number of updated asset objects reloaded before import = 0Number of asset objects unloaded after import = 3

========================================================================
Received Import Request.
  Time since last request: 0.000015 seconds.
  path: Assets/Third-Party/Pastel Icons/resource/style03/shape034_style03_color12.png
  artifactKey: Guid(d99186f81cd52074dba86bfb1795fc7d) Importer(815301076,1909f56bfc062723c751e8b465ee728b)
Start importing Assets/Third-Party/Pastel Icons/resource/style03/shape034_style03_color12.png using Guid(d99186f81cd52074dba86bfb1795fc7d) Importer(815301076,1909f56bfc062723c751e8b465ee728b) (PreviewImporter) -> (artifact id: 'dc82f5eb5b961d4801e3edcb1d3e5c88') in 0.014599 seconds
Number of updated asset objects reloaded before import = 0Number of asset objects unloaded after import = 3

========================================================================
Received Import Request.
  Time since last request: 0.000016 seconds.
  path: Assets/Third-Party/Pastel Icons/resource/style01/shape035_style01_color03.png
  artifactKey: Guid(84cf7aaca0884df4498dd8f1a83be508) Importer(815301076,1909f56bfc062723c751e8b465ee728b)
Start importing Assets/Third-Party/Pastel Icons/resource/style01/shape035_style01_color03.png using Guid(84cf7aaca0884df4498dd8f1a83be508) Importer(815301076,1909f56bfc062723c751e8b465ee728b) (PreviewImporter) -> (artifact id: '61109f1c9b24a2580c13351ae3509c1a') in 0.0141363 seconds
Number of updated asset objects reloaded before import = 0Number of asset objects unloaded after import = 3

========================================================================
Received Import Request.
  Time since last request: 0.000017 seconds.
  path: Assets/Third-Party/Pastel Icons/resource/style03/shape034_style03_color09.png
  artifactKey: Guid(fbf135084115fdf42a06b3a4713eaf45) Importer(815301076,1909f56bfc062723c751e8b465ee728b)
Start importing Assets/Third-Party/Pastel Icons/resource/style03/shape034_style03_color09.png using Guid(fbf135084115fdf42a06b3a4713eaf45) Importer(815301076,1909f56bfc062723c751e8b465ee728b) (PreviewImporter) -> (artifact id: '695b3de4feac9d271033ec60008ba3f5') in 0.013096 seconds
Number of updated asset objects reloaded before import = 0Number of asset objects unloaded after import = 3

========================================================================
Received Import Request.
  Time since last request: 0.005825 seconds.
  path: Assets/Third-Party/Pastel Icons/resource/style01/shape035_style01_color04.png
  artifactKey: Guid(e5e3d9c1557417c4fb1588e6f487a181) Importer(815301076,1909f56bfc062723c751e8b465ee728b)
Start importing Assets/Third-Party/Pastel Icons/resource/style01/shape035_style01_color04.png using Guid(e5e3d9c1557417c4fb1588e6f487a181) Importer(815301076,1909f56bfc062723c751e8b465ee728b) (PreviewImporter) -> (artifact id: '57012aca8e4201f5e5130962d9aa7ec5') in 0.0147092 seconds
Number of updated asset objects reloaded before import = 0Number of asset objects unloaded after import = 3

========================================================================
Received Import Request.
  Time since last request: 0.000016 seconds.
  path: Assets/Third-Party/Pastel Icons/resource/style01/shape035_style01_color07.png
  artifactKey: Guid(331be326112e961418053af23871c94c) Importer(815301076,1909f56bfc062723c751e8b465ee728b)
Start importing Assets/Third-Party/Pastel Icons/resource/style01/shape035_style01_color07.png using Guid(331be326112e961418053af23871c94c) Importer(815301076,1909f56bfc062723c751e8b465ee728b) (PreviewImporter) -> (artifact id: 'b4b578319cf4da1d3aeda6df6044215a') in 0.0134091 seconds
Number of updated asset objects reloaded before import = 0Number of asset objects unloaded after import = 3

========================================================================
Received Import Request.
  Time since last request: 0.190980 seconds.
  path: Assets/Third-Party/Pastel Icons/resource/style01/shape035_style01_color09.png
  artifactKey: Guid(6363532eed938b04381efc1cc5538b76) Importer(815301076,1909f56bfc062723c751e8b465ee728b)
Start importing Assets/Third-Party/Pastel Icons/resource/style01/shape035_style01_color09.png using Guid(6363532eed938b04381efc1cc5538b76) Importer(815301076,1909f56bfc062723c751e8b465ee728b) (PreviewImporter) -> (artifact id: '01b5596309c504741ce31f5b3b3d069c') in 0.0148512 seconds
Number of updated asset objects reloaded before import = 0Number of asset objects unloaded after import = 3

========================================================================
Received Import Request.
  Time since last request: 0.000015 seconds.
  path: Assets/Third-Party/Pastel Icons/resource/style01/shape035_style01_color12.png
  artifactKey: Guid(176acf65343535344914ac2db71e7374) Importer(815301076,1909f56bfc062723c751e8b465ee728b)
Start importing Assets/Third-Party/Pastel Icons/resource/style01/shape035_style01_color12.png using Guid(176acf65343535344914ac2db71e7374) Importer(815301076,1909f56bfc062723c751e8b465ee728b) (PreviewImporter) -> (artifact id: '20136eeba81677b6fa7d3fc5f6328206') in 0.0131857 seconds
Number of updated asset objects reloaded before import = 0Number of asset objects unloaded after import = 3

========================================================================
Received Import Request.
  Time since last request: 0.015927 seconds.
  path: Assets/Third-Party/Pastel Icons/resource/style02/shape035_style02_color02.png
  artifactKey: Guid(f6b89f28887c6374cbf4441261304185) Importer(815301076,1909f56bfc062723c751e8b465ee728b)
Start importing Assets/Third-Party/Pastel Icons/resource/style02/shape035_style02_color02.png using Guid(f6b89f28887c6374cbf4441261304185) Importer(815301076,1909f56bfc062723c751e8b465ee728b) (PreviewImporter) -> (artifact id: '1a8e6b89c1225d6618dd4623fd549b66') in 0.0138155 seconds
Number of updated asset objects reloaded before import = 0Number of asset objects unloaded after import = 3

========================================================================
Received Import Request.
  Time since last request: 0.000015 seconds.
  path: Assets/Third-Party/Pastel Icons/resource/style02/shape035_style02_color08.png
  artifactKey: Guid(03ade4a7882f4b44988ba743508ff39a) Importer(815301076,1909f56bfc062723c751e8b465ee728b)
Start importing Assets/Third-Party/Pastel Icons/resource/style02/shape035_style02_color08.png using Guid(03ade4a7882f4b44988ba743508ff39a) Importer(815301076,1909f56bfc062723c751e8b465ee728b) (PreviewImporter) -> (artifact id: 'cc13f29d307c85d893043c1e04634799') in 0.0156156 seconds
Number of updated asset objects reloaded before import = 0Number of asset objects unloaded after import = 3

========================================================================
Received Import Request.
  Time since last request: 0.000014 seconds.
  path: Assets/Third-Party/Pastel Icons/resource/style02/shape035_style02_color07.png
  artifactKey: Guid(1590dc1dcb436fd4e9a4d93c6e570360) Importer(815301076,1909f56bfc062723c751e8b465ee728b)
Start importing Assets/Third-Party/Pastel Icons/resource/style02/shape035_style02_color07.png using Guid(1590dc1dcb436fd4e9a4d93c6e570360) Importer(815301076,1909f56bfc062723c751e8b465ee728b) (PreviewImporter) -> (artifact id: 'd70c6b33b12648951f33608327cdba5d') in 0.0137869 seconds
Number of updated asset objects reloaded before import = 0Number of asset objects unloaded after import = 3

========================================================================
Received Import Request.
  Time since last request: 0.233763 seconds.
  path: Assets/Third-Party/Pastel Icons/resource/style02/shape035_style02_color12.png
  artifactKey: Guid(32394080dfee95e4dad42cf8f0d27f87) Importer(815301076,1909f56bfc062723c751e8b465ee728b)
Start importing Assets/Third-Party/Pastel Icons/resource/style02/shape035_style02_color12.png using Guid(32394080dfee95e4dad42cf8f0d27f87) Importer(815301076,1909f56bfc062723c751e8b465ee728b) (PreviewImporter) -> (artifact id: '7e404b52b7b65d89bd84bb61ab495979') in 0.014553 seconds
Number of updated asset objects reloaded before import = 0Number of asset objects unloaded after import = 3

========================================================================
Received Import Request.
  Time since last request: 0.031967 seconds.
  path: Assets/Third-Party/Pastel Icons/resource/style03/shape035_style03_color05.png
  artifactKey: Guid(d6898071b6d41da4a8147792ac408e30) Importer(815301076,1909f56bfc062723c751e8b465ee728b)
Start importing Assets/Third-Party/Pastel Icons/resource/style03/shape035_style03_color05.png using Guid(d6898071b6d41da4a8147792ac408e30) Importer(815301076,1909f56bfc062723c751e8b465ee728b) (PreviewImporter) -> (artifact id: '376d12717b99ae5f8fa81fd4ed1d5a96') in 0.0134938 seconds
Number of updated asset objects reloaded before import = 0Number of asset objects unloaded after import = 3

========================================================================
Received Import Request.
  Time since last request: 0.000015 seconds.
  path: Assets/Third-Party/Pastel Icons/resource/style03/shape035_style03_color11.png
  artifactKey: Guid(315612cb49693774eb78561c6640b8e8) Importer(815301076,1909f56bfc062723c751e8b465ee728b)
Start importing Assets/Third-Party/Pastel Icons/resource/style03/shape035_style03_color11.png using Guid(315612cb49693774eb78561c6640b8e8) Importer(815301076,1909f56bfc062723c751e8b465ee728b) (PreviewImporter) -> (artifact id: '4c6db447cb09c523c45ceffa5b60c2a4') in 0.0135886 seconds
Number of updated asset objects reloaded before import = 0Number of asset objects unloaded after import = 3

========================================================================
Received Import Request.
  Time since last request: 0.000018 seconds.
  path: Assets/Third-Party/Pastel Icons/resource/style03/shape035_style03_color10.png
  artifactKey: Guid(9b9980e2dddc7c74f91408471bcd2972) Importer(815301076,1909f56bfc062723c751e8b465ee728b)
Start importing Assets/Third-Party/Pastel Icons/resource/style03/shape035_style03_color10.png using Guid(9b9980e2dddc7c74f91408471bcd2972) Importer(815301076,1909f56bfc062723c751e8b465ee728b) (PreviewImporter) -> (artifact id: '1bc5bd1ddf0d14638fff3207f836982e') in 0.0139761 seconds
Number of updated asset objects reloaded before import = 0Number of asset objects unloaded after import = 3

========================================================================
Received Import Request.
  Time since last request: 0.258445 seconds.
  path: Assets/Third-Party/Pastel Icons/resource/style01/shape036_style01_color03.png
  artifactKey: Guid(6dd6e7de572216645b85d59394f40cca) Importer(815301076,1909f56bfc062723c751e8b465ee728b)
Start importing Assets/Third-Party/Pastel Icons/resource/style01/shape036_style01_color03.png using Guid(6dd6e7de572216645b85d59394f40cca) Importer(815301076,1909f56bfc062723c751e8b465ee728b) (PreviewImporter) -> (artifact id: 'a7eac23f038e64b6501b998eeb936d1c') in 0.0148107 seconds
Number of updated asset objects reloaded before import = 0Number of asset objects unloaded after import = 3

========================================================================
Received Import Request.
  Time since last request: 0.000015 seconds.
  path: Assets/Third-Party/Pastel Icons/resource/style01/shape036_style01_color07.png
  artifactKey: Guid(f66f24d338e99ec4eae9a98039b08652) Importer(815301076,1909f56bfc062723c751e8b465ee728b)
Start importing Assets/Third-Party/Pastel Icons/resource/style01/shape036_style01_color07.png using Guid(f66f24d338e99ec4eae9a98039b08652) Importer(815301076,1909f56bfc062723c751e8b465ee728b) (PreviewImporter) -> (artifact id: '66d8d2701debc91cebc1a9712c93c68f') in 0.0140925 seconds
Number of updated asset objects reloaded before import = 0Number of asset objects unloaded after import = 3

========================================================================
Received Import Request.
  Time since last request: 0.000018 seconds.
  path: Assets/Third-Party/Pastel Icons/resource/style01/shape036_style01_color12.png
  artifactKey: Guid(53f905c8ecc124e459b571264ef81b20) Importer(815301076,1909f56bfc062723c751e8b465ee728b)
Start importing Assets/Third-Party/Pastel Icons/resource/style01/shape036_style01_color12.png using Guid(53f905c8ecc124e459b571264ef81b20) Importer(815301076,1909f56bfc062723c751e8b465ee728b) (PreviewImporter) -> (artifact id: '7cfd79e038ae4b7baf3f8a19b02dc524') in 0.0158117 seconds
Number of updated asset objects reloaded before import = 0Number of asset objects unloaded after import = 3

========================================================================
Received Import Request.
  Time since last request: 0.021710 seconds.
  path: Assets/Third-Party/Pastel Icons/resource/style02/shape036_style02_color01.png
  artifactKey: Guid(f9a246f60a9f3a447a99d58a958e5e77) Importer(815301076,1909f56bfc062723c751e8b465ee728b)
Start importing Assets/Third-Party/Pastel Icons/resource/style02/shape036_style02_color01.png using Guid(f9a246f60a9f3a447a99d58a958e5e77) Importer(815301076,1909f56bfc062723c751e8b465ee728b) (PreviewImporter) -> (artifact id: '0761adb2e60f1798bccc064b3cfe4faa') in 0.0142701 seconds
Number of updated asset objects reloaded before import = 0Number of asset objects unloaded after import = 3

========================================================================
Received Import Request.
  Time since last request: 0.000014 seconds.
  path: Assets/Third-Party/Pastel Icons/resource/style02/shape036_style02_color05.png
  artifactKey: Guid(0c8c8e0b40b5c82479de2fd6aad10b9d) Importer(815301076,1909f56bfc062723c751e8b465ee728b)
Start importing Assets/Third-Party/Pastel Icons/resource/style02/shape036_style02_color05.png using Guid(0c8c8e0b40b5c82479de2fd6aad10b9d) Importer(815301076,1909f56bfc062723c751e8b465ee728b) (PreviewImporter) -> (artifact id: '05eb3ca41fcd0701dfddeddaf9545d0b') in 0.0140582 seconds
Number of updated asset objects reloaded before import = 0Number of asset objects unloaded after import = 3

========================================================================
Received Import Request.
  Time since last request: 0.000017 seconds.
  path: Assets/Third-Party/Pastel Icons/resource/style02/shape036_style02_color07.png
  artifactKey: Guid(14907b70687140e4b9a161cc9cacd8d1) Importer(815301076,1909f56bfc062723c751e8b465ee728b)
Start importing Assets/Third-Party/Pastel Icons/resource/style02/shape036_style02_color07.png using Guid(14907b70687140e4b9a161cc9cacd8d1) Importer(815301076,1909f56bfc062723c751e8b465ee728b) (PreviewImporter) -> (artifact id: 'ac350abe7ed0417642bb7f92fa3445d5') in 0.0168284 seconds
Number of updated asset objects reloaded before import = 0Number of asset objects unloaded after import = 3

========================================================================
Received Import Request.
  Time since last request: 0.000019 seconds.
  path: Assets/Third-Party/Pastel Icons/resource/style02/shape036_style02_color10.png
  artifactKey: Guid(7f4f673179190304ea6cc1b80d7f7d68) Importer(815301076,1909f56bfc062723c751e8b465ee728b)
Start importing Assets/Third-Party/Pastel Icons/resource/style02/shape036_style02_color10.png using Guid(7f4f673179190304ea6cc1b80d7f7d68) Importer(815301076,1909f56bfc062723c751e8b465ee728b) (PreviewImporter) -> (artifact id: '653a3b1faa82de1ef124bfc4f8325058') in 0.0121061 seconds
Number of updated asset objects reloaded before import = 0Number of asset objects unloaded after import = 3

========================================================================
Received Import Request.
  Time since last request: 0.243114 seconds.
  path: Assets/Third-Party/Pastel Icons/resource/style02/shape036_style02_color11.png
  artifactKey: Guid(68f25e13702c7e24aa9144a78978f59c) Importer(815301076,1909f56bfc062723c751e8b465ee728b)
Start importing Assets/Third-Party/Pastel Icons/resource/style02/shape036_style02_color11.png using Guid(68f25e13702c7e24aa9144a78978f59c) Importer(815301076,1909f56bfc062723c751e8b465ee728b) (PreviewImporter) -> (artifact id: '226e8f116cecb584423c7c3835f9e313') in 0.0161577 seconds
Number of updated asset objects reloaded before import = 0Number of asset objects unloaded after import = 3

========================================================================
Received Import Request.
  Time since last request: 0.000015 seconds.
  path: Assets/Third-Party/Pastel Icons/resource/style03/shape036_style03_color08.png
  artifactKey: Guid(a38daea32425d6149b2ca99e1490a61d) Importer(815301076,1909f56bfc062723c751e8b465ee728b)
Start importing Assets/Third-Party/Pastel Icons/resource/style03/shape036_style03_color08.png using Guid(a38daea32425d6149b2ca99e1490a61d) Importer(815301076,1909f56bfc062723c751e8b465ee728b) (PreviewImporter) -> (artifact id: 'a4039f8abe5b5b49c740bc1b790775f4') in 0.0140865 seconds
Number of updated asset objects reloaded before import = 0Number of asset objects unloaded after import = 3

========================================================================
Received Import Request.
  Time since last request: 0.000019 seconds.
  path: Assets/Third-Party/Pastel Icons/resource/style03/shape036_style03_color04.png
  artifactKey: Guid(d5d0403b2571dd24987ceac5f1aa353a) Importer(815301076,1909f56bfc062723c751e8b465ee728b)
Start importing Assets/Third-Party/Pastel Icons/resource/style03/shape036_style03_color04.png using Guid(d5d0403b2571dd24987ceac5f1aa353a) Importer(815301076,1909f56bfc062723c751e8b465ee728b) (PreviewImporter) -> (artifact id: '36d4129a79b08eb8fc936bcafa1b6ae1') in 0.014639 seconds
Number of updated asset objects reloaded before import = 0Number of asset objects unloaded after import = 3

========================================================================
Received Import Request.
  Time since last request: 0.000016 seconds.
  path: Assets/Third-Party/Pastel Icons/resource/style03/shape036_style03_color03.png
  artifactKey: Guid(d37424a9f57e7324fbc96c2ff9666c0c) Importer(815301076,1909f56bfc062723c751e8b465ee728b)
Start importing Assets/Third-Party/Pastel Icons/resource/style03/shape036_style03_color03.png using Guid(d37424a9f57e7324fbc96c2ff9666c0c) Importer(815301076,1909f56bfc062723c751e8b465ee728b) (PreviewImporter) -> (artifact id: '4caee726ff9aaa4f27667704b0d0e10e') in 0.0151489 seconds
Number of updated asset objects reloaded before import = 0Number of asset objects unloaded after import = 3

========================================================================
Received Import Request.
  Time since last request: 0.000015 seconds.
  path: Assets/Third-Party/Pastel Icons/resource/style03/shape036_style03_color11.png
  artifactKey: Guid(9c939b56f8aca3847b38068cfbd4dcfe) Importer(815301076,1909f56bfc062723c751e8b465ee728b)
Start importing Assets/Third-Party/Pastel Icons/resource/style03/shape036_style03_color11.png using Guid(9c939b56f8aca3847b38068cfbd4dcfe) Importer(815301076,1909f56bfc062723c751e8b465ee728b) (PreviewImporter) -> (artifact id: '92cbfde9eb223f1b73a415a5e4e9b654') in 0.0183128 seconds
Number of updated asset objects reloaded before import = 0Number of asset objects unloaded after import = 3

========================================================================
Received Import Request.
  Time since last request: 0.243837 seconds.
  path: Assets/Third-Party/Pastel Icons/resource/style01/shape037_style01_color02.png
  artifactKey: Guid(281ea168677e7094da34c71950d5287d) Importer(815301076,1909f56bfc062723c751e8b465ee728b)
Start importing Assets/Third-Party/Pastel Icons/resource/style01/shape037_style01_color02.png using Guid(281ea168677e7094da34c71950d5287d) Importer(815301076,1909f56bfc062723c751e8b465ee728b) (PreviewImporter) -> (artifact id: '19c0bb8c0da10226f0bb0a7e471bc8c2') in 0.0159491 seconds
Number of updated asset objects reloaded before import = 0Number of asset objects unloaded after import = 3

========================================================================
Received Import Request.
  Time since last request: 0.000017 seconds.
  path: Assets/Third-Party/Pastel Icons/resource/style01/shape037_style01_color06.png
  artifactKey: Guid(5f18a8a7e425aeb4ca75d75023d2f6f2) Importer(815301076,1909f56bfc062723c751e8b465ee728b)
Start importing Assets/Third-Party/Pastel Icons/resource/style01/shape037_style01_color06.png using Guid(5f18a8a7e425aeb4ca75d75023d2f6f2) Importer(815301076,1909f56bfc062723c751e8b465ee728b) (PreviewImporter) -> (artifact id: '36a3b4cdba5f0a44753966d181bd7dd5') in 0.0128292 seconds
Number of updated asset objects reloaded before import = 0Number of asset objects unloaded after import = 3

========================================================================
Received Import Request.
  Time since last request: 0.017714 seconds.
  path: Assets/Third-Party/Pastel Icons/resource/style01/shape037_style01_color07.png
  artifactKey: Guid(f2595a2a52ccb3340882a8d83320adbc) Importer(815301076,1909f56bfc062723c751e8b465ee728b)
Start importing Assets/Third-Party/Pastel Icons/resource/style01/shape037_style01_color07.png using Guid(f2595a2a52ccb3340882a8d83320adbc) Importer(815301076,1909f56bfc062723c751e8b465ee728b) (PreviewImporter) -> (artifact id: '91b97c93b978f310a7d64af801b41fce') in 0.0143066 seconds
Number of updated asset objects reloaded before import = 0Number of asset objects unloaded after import = 3

========================================================================
Received Import Request.
  Time since last request: 0.000015 seconds.
  path: Assets/Third-Party/Pastel Icons/resource/style01/shape037_style01_color11.png
  artifactKey: Guid(2d6113fc8654c604d96db192f78783f5) Importer(815301076,1909f56bfc062723c751e8b465ee728b)
Start importing Assets/Third-Party/Pastel Icons/resource/style01/shape037_style01_color11.png using Guid(2d6113fc8654c604d96db192f78783f5) Importer(815301076,1909f56bfc062723c751e8b465ee728b) (PreviewImporter) -> (artifact id: '231b6b04150b90cc9dcc9f0d3c0206f9') in 0.0130927 seconds
Number of updated asset objects reloaded before import = 0Number of asset objects unloaded after import = 3

========================================================================
Received Import Request.
  Time since last request: 0.205228 seconds.
  path: Assets/Third-Party/Pastel Icons/resource/style01/shape037_style01_color12.png
  artifactKey: Guid(3f987439063b59b458caf4a00ec55950) Importer(815301076,1909f56bfc062723c751e8b465ee728b)
Start importing Assets/Third-Party/Pastel Icons/resource/style01/shape037_style01_color12.png using Guid(3f987439063b59b458caf4a00ec55950) Importer(815301076,1909f56bfc062723c751e8b465ee728b) (PreviewImporter) -> (artifact id: '6338ef21a700c75b28f923c324e36ec3') in 0.0151675 seconds
Number of updated asset objects reloaded before import = 0Number of asset objects unloaded after import = 3

========================================================================
Received Import Request.
  Time since last request: 0.000015 seconds.
  path: Assets/Third-Party/Pastel Icons/resource/style02/shape037_style02_color04.png
  artifactKey: Guid(85e5ab559e9e98044b6c1a832aedb529) Importer(815301076,1909f56bfc062723c751e8b465ee728b)
Start importing Assets/Third-Party/Pastel Icons/resource/style02/shape037_style02_color04.png using Guid(85e5ab559e9e98044b6c1a832aedb529) Importer(815301076,1909f56bfc062723c751e8b465ee728b) (PreviewImporter) -> (artifact id: 'c6190c3d893dce0aadab92979e08efa6') in 0.0147043 seconds
Number of updated asset objects reloaded before import = 0Number of asset objects unloaded after import = 3

========================================================================
Received Import Request.
  Time since last request: 0.000016 seconds.
  path: Assets/Third-Party/Pastel Icons/resource/style02/shape037_style02_color08.png
  artifactKey: Guid(c78e80e10e01e244faa9507cd89614a1) Importer(815301076,1909f56bfc062723c751e8b465ee728b)
Start importing Assets/Third-Party/Pastel Icons/resource/style02/shape037_style02_color08.png using Guid(c78e80e10e01e244faa9507cd89614a1) Importer(815301076,1909f56bfc062723c751e8b465ee728b) (PreviewImporter) -> (artifact id: '2903d57c5db8251183fcbd6d023d4fd9') in 0.0142773 seconds
Number of updated asset objects reloaded before import = 0Number of asset objects unloaded after import = 3

========================================================================
Received Import Request.
  Time since last request: 0.000017 seconds.
  path: Assets/Third-Party/Pastel Icons/resource/style02/shape037_style02_color07.png
  artifactKey: Guid(86fa8a6636406ae469fc34914499a79a) Importer(815301076,1909f56bfc062723c751e8b465ee728b)
Start importing Assets/Third-Party/Pastel Icons/resource/style02/shape037_style02_color07.png using Guid(86fa8a6636406ae469fc34914499a79a) Importer(815301076,1909f56bfc062723c751e8b465ee728b) (PreviewImporter) -> (artifact id: '7b5ce60d3a6153433cff42abdea93f5a') in 0.0124881 seconds
Number of updated asset objects reloaded before import = 0Number of asset objects unloaded after import = 3

========================================================================
Received Import Request.
  Time since last request: 0.008014 seconds.
  path: Assets/Third-Party/Pastel Icons/resource/style02/shape037_style02_color10.png
  artifactKey: Guid(782b54beb81a9fc4fb0879dad4f14d4c) Importer(815301076,1909f56bfc062723c751e8b465ee728b)
Start importing Assets/Third-Party/Pastel Icons/resource/style02/shape037_style02_color10.png using Guid(782b54beb81a9fc4fb0879dad4f14d4c) Importer(815301076,1909f56bfc062723c751e8b465ee728b) (PreviewImporter) -> (artifact id: 'edfc05a9c48ac0b3a58001c28d15362a') in 0.0143814 seconds
Number of updated asset objects reloaded before import = 0Number of asset objects unloaded after import = 3

========================================================================
Received Import Request.
  Time since last request: 0.000018 seconds.
  path: Assets/Third-Party/Pastel Icons/resource/style03/shape037_style03_color02.png
  artifactKey: Guid(620bfefaf1142f94ca30775faf0037bd) Importer(815301076,1909f56bfc062723c751e8b465ee728b)
Start importing Assets/Third-Party/Pastel Icons/resource/style03/shape037_style03_color02.png using Guid(620bfefaf1142f94ca30775faf0037bd) Importer(815301076,1909f56bfc062723c751e8b465ee728b) (PreviewImporter) -> (artifact id: 'f2f0b75e4bf2b1b1b6f289356381a345') in 0.0135691 seconds
Number of updated asset objects reloaded before import = 0Number of asset objects unloaded after import = 3

========================================================================
Received Import Request.
  Time since last request: 0.000029 seconds.
  path: Assets/Third-Party/Pastel Icons/resource/style03/shape037_style03_color07.png
  artifactKey: Guid(5126809cbc5e44046ae799e80d6f3b26) Importer(815301076,1909f56bfc062723c751e8b465ee728b)
Start importing Assets/Third-Party/Pastel Icons/resource/style03/shape037_style03_color07.png using Guid(5126809cbc5e44046ae799e80d6f3b26) Importer(815301076,1909f56bfc062723c751e8b465ee728b) (PreviewImporter) -> (artifact id: '8979d1bd61519966b865bc8e0b9ff4fd') in 0.0144119 seconds
Number of updated asset objects reloaded before import = 0Number of asset objects unloaded after import = 3

========================================================================
Received Import Request.
  Time since last request: 0.000015 seconds.
  path: Assets/Third-Party/Pastel Icons/resource/style03/shape037_style03_color06.png
  artifactKey: Guid(38714e46e4f5a364b8cdf691ee31a164) Importer(815301076,1909f56bfc062723c751e8b465ee728b)
Start importing Assets/Third-Party/Pastel Icons/resource/style03/shape037_style03_color06.png using Guid(38714e46e4f5a364b8cdf691ee31a164) Importer(815301076,1909f56bfc062723c751e8b465ee728b) (PreviewImporter) -> (artifact id: '5f9eff48e9785f5ef6b8443b874c8d38') in 0.0126871 seconds
Number of updated asset objects reloaded before import = 0Number of asset objects unloaded after import = 3

========================================================================
Received Import Request.
  Time since last request: 0.323899 seconds.
  path: Assets/Third-Party/Pastel Icons/resource/style03/shape037_style03_color08.png
  artifactKey: Guid(915ebe53f86c97a49805b169643b391d) Importer(815301076,1909f56bfc062723c751e8b465ee728b)
Start importing Assets/Third-Party/Pastel Icons/resource/style03/shape037_style03_color08.png using Guid(915ebe53f86c97a49805b169643b391d) Importer(815301076,1909f56bfc062723c751e8b465ee728b) (PreviewImporter) -> (artifact id: '9bf0d01201c2b960aec7896e6758dabf') in 0.015402 seconds
Number of updated asset objects reloaded before import = 0Number of asset objects unloaded after import = 3

========================================================================
Received Import Request.
  Time since last request: 0.000015 seconds.
  path: Assets/Third-Party/Pastel Icons/resource/style03/shape037_style03_color12.png
  artifactKey: Guid(8c2c9c4f1e39a2647bc7b5271690fc0d) Importer(815301076,1909f56bfc062723c751e8b465ee728b)
Start importing Assets/Third-Party/Pastel Icons/resource/style03/shape037_style03_color12.png using Guid(8c2c9c4f1e39a2647bc7b5271690fc0d) Importer(815301076,1909f56bfc062723c751e8b465ee728b) (PreviewImporter) -> (artifact id: '9a76e185331ea76cf6e0f5c6fcf7e6dc') in 0.0142914 seconds
Number of updated asset objects reloaded before import = 0Number of asset objects unloaded after import = 3

========================================================================
Received Import Request.
  Time since last request: 0.000015 seconds.
  path: Assets/Third-Party/Pastel Icons/resource/style01/shape038_style01_color02.png
  artifactKey: Guid(2a46bb1b95743b540bfe64b9cbcdb586) Importer(815301076,1909f56bfc062723c751e8b465ee728b)
Start importing Assets/Third-Party/Pastel Icons/resource/style01/shape038_style01_color02.png using Guid(2a46bb1b95743b540bfe64b9cbcdb586) Importer(815301076,1909f56bfc062723c751e8b465ee728b) (PreviewImporter) -> (artifact id: 'decbf0695b9c67570fe894912942e8c7') in 0.0145209 seconds
Number of updated asset objects reloaded before import = 0Number of asset objects unloaded after import = 3

========================================================================
Received Import Request.
  Time since last request: 0.000016 seconds.
  path: Assets/Third-Party/Pastel Icons/resource/style01/shape038_style01_color03.png
  artifactKey: Guid(ed5829deccb2c0140970708166ac2a34) Importer(815301076,1909f56bfc062723c751e8b465ee728b)
Start importing Assets/Third-Party/Pastel Icons/resource/style01/shape038_style01_color03.png using Guid(ed5829deccb2c0140970708166ac2a34) Importer(815301076,1909f56bfc062723c751e8b465ee728b) (PreviewImporter) -> (artifact id: '82aa3c084c4d000ce9082bd3e42da0fa') in 0.0134302 seconds
Number of updated asset objects reloaded before import = 0Number of asset objects unloaded after import = 3

========================================================================
Received Import Request.
  Time since last request: 0.006106 seconds.
  path: Assets/Third-Party/Pastel Icons/resource/style01/shape038_style01_color06.png
  artifactKey: Guid(d6bfb8c5309640344b5f2760cac3b01f) Importer(815301076,1909f56bfc062723c751e8b465ee728b)
Start importing Assets/Third-Party/Pastel Icons/resource/style01/shape038_style01_color06.png using Guid(d6bfb8c5309640344b5f2760cac3b01f) Importer(815301076,1909f56bfc062723c751e8b465ee728b) (PreviewImporter) -> (artifact id: '464cbf1ed0a297c2e6a3abfa7bcd87b0') in 0.0143398 seconds
Number of updated asset objects reloaded before import = 0Number of asset objects unloaded after import = 3

========================================================================
Received Import Request.
  Time since last request: 0.000016 seconds.
  path: Assets/Third-Party/Pastel Icons/resource/style01/shape038_style01_color09.png
  artifactKey: Guid(32faad95ecec7f7479d4ff2506efaacf) Importer(815301076,1909f56bfc062723c751e8b465ee728b)
Start importing Assets/Third-Party/Pastel Icons/resource/style01/shape038_style01_color09.png using Guid(32faad95ecec7f7479d4ff2506efaacf) Importer(815301076,1909f56bfc062723c751e8b465ee728b) (PreviewImporter) -> (artifact id: '76a3f8114c3ad35094244179d627f6b3') in 0.0145122 seconds
Number of updated asset objects reloaded before import = 0Number of asset objects unloaded after import = 3

========================================================================
Received Import Request.
  Time since last request: 0.195041 seconds.
  path: Assets/Third-Party/Pastel Icons/resource/style01/shape038_style01_color11.png
  artifactKey: Guid(d56042ccd2ba3e84b8efd0d23237d980) Importer(815301076,1909f56bfc062723c751e8b465ee728b)
Start importing Assets/Third-Party/Pastel Icons/resource/style01/shape038_style01_color11.png using Guid(d56042ccd2ba3e84b8efd0d23237d980) Importer(815301076,1909f56bfc062723c751e8b465ee728b) (PreviewImporter) -> (artifact id: '0e814ddc584d47526b7dd0521e2b413b') in 0.0158901 seconds
Number of updated asset objects reloaded before import = 0Number of asset objects unloaded after import = 3

========================================================================
Received Import Request.
  Time since last request: 0.000017 seconds.
  path: Assets/Third-Party/Pastel Icons/resource/style02/shape038_style02_color03.png
  artifactKey: Guid(82baa6d2c5abf874c969667c0b19ab6f) Importer(815301076,1909f56bfc062723c751e8b465ee728b)
Start importing Assets/Third-Party/Pastel Icons/resource/style02/shape038_style02_color03.png using Guid(82baa6d2c5abf874c969667c0b19ab6f) Importer(815301076,1909f56bfc062723c751e8b465ee728b) (PreviewImporter) -> (artifact id: '86727a42e6144d4af90fbc2ff0c57e38') in 0.0130943 seconds
Number of updated asset objects reloaded before import = 0Number of asset objects unloaded after import = 3

========================================================================
Received Import Request.
  Time since last request: 0.024447 seconds.
  path: Assets/Third-Party/Pastel Icons/resource/style02/shape038_style02_color04.png
  artifactKey: Guid(f1177b3318287ee4680853473baeb65a) Importer(815301076,1909f56bfc062723c751e8b465ee728b)
Start importing Assets/Third-Party/Pastel Icons/resource/style02/shape038_style02_color04.png using Guid(f1177b3318287ee4680853473baeb65a) Importer(815301076,1909f56bfc062723c751e8b465ee728b) (PreviewImporter) -> (artifact id: 'dfc38f72864f5389015d0b408d3fbfe8') in 0.0145897 seconds
Number of updated asset objects reloaded before import = 0Number of asset objects unloaded after import = 3

========================================================================
Received Import Request.
  Time since last request: 0.000015 seconds.
  path: Assets/Third-Party/Pastel Icons/resource/style02/shape038_style02_color08.png
  artifactKey: Guid(d54f2b09da3c98240a508c99dece8dbd) Importer(815301076,1909f56bfc062723c751e8b465ee728b)
Start importing Assets/Third-Party/Pastel Icons/resource/style02/shape038_style02_color08.png using Guid(d54f2b09da3c98240a508c99dece8dbd) Importer(815301076,1909f56bfc062723c751e8b465ee728b) (PreviewImporter) -> (artifact id: 'e721fa130350747e2f0ada7919744f50') in 0.0135132 seconds
Number of updated asset objects reloaded before import = 0Number of asset objects unloaded after import = 3

========================================================================
Received Import Request.
  Time since last request: 0.015976 seconds.
  path: Assets/Third-Party/Pastel Icons/resource/style02/shape038_style02_color09.png
  artifactKey: Guid(62e2a87895ae10c46b17a0df3d49ee6a) Importer(815301076,1909f56bfc062723c751e8b465ee728b)
Start importing Assets/Third-Party/Pastel Icons/resource/style02/shape038_style02_color09.png using Guid(62e2a87895ae10c46b17a0df3d49ee6a) Importer(815301076,1909f56bfc062723c751e8b465ee728b) (PreviewImporter) -> (artifact id: 'f628d8add5f15212ab6ac785e75e163a') in 0.0162986 seconds
Number of updated asset objects reloaded before import = 0Number of asset objects unloaded after import = 3

========================================================================
Received Import Request.
  Time since last request: 0.000015 seconds.
  path: Assets/Third-Party/Pastel Icons/resource/style03/shape038_style03_color04.png
  artifactKey: Guid(9347e9858f308ad439d868db213a48d4) Importer(815301076,1909f56bfc062723c751e8b465ee728b)
Start importing Assets/Third-Party/Pastel Icons/resource/style03/shape038_style03_color04.png using Guid(9347e9858f308ad439d868db213a48d4) Importer(815301076,1909f56bfc062723c751e8b465ee728b) (PreviewImporter) -> (artifact id: '38ba7b4a304f4aeb149c165f617a262b') in 0.0138945 seconds
Number of updated asset objects reloaded before import = 0Number of asset objects unloaded after import = 3

========================================================================
Received Import Request.
  Time since last request: 0.000017 seconds.
  path: Assets/Third-Party/Pastel Icons/resource/style03/shape038_style03_color03.png
  artifactKey: Guid(11c843d6144dd964587ad45d6bab9ed5) Importer(815301076,1909f56bfc062723c751e8b465ee728b)
Start importing Assets/Third-Party/Pastel Icons/resource/style03/shape038_style03_color03.png using Guid(11c843d6144dd964587ad45d6bab9ed5) Importer(815301076,1909f56bfc062723c751e8b465ee728b) (PreviewImporter) -> (artifact id: '6ca3a0e35ef66123a0e4571d66ab057f') in 0.0147093 seconds
Number of updated asset objects reloaded before import = 0Number of asset objects unloaded after import = 3

========================================================================
Received Import Request.
  Time since last request: 0.000016 seconds.
  path: Assets/Third-Party/Pastel Icons/resource/style03/shape038_style03_color05.png
  artifactKey: Guid(5bd92def4f828f348bf2277d83f97121) Importer(815301076,1909f56bfc062723c751e8b465ee728b)
Start importing Assets/Third-Party/Pastel Icons/resource/style03/shape038_style03_color05.png using Guid(5bd92def4f828f348bf2277d83f97121) Importer(815301076,1909f56bfc062723c751e8b465ee728b) (PreviewImporter) -> (artifact id: '6f3f40be09d78578be8150e0bf201e8d') in 0.0125891 seconds
Number of updated asset objects reloaded before import = 0Number of asset objects unloaded after import = 3

========================================================================
Received Import Request.
  Time since last request: 0.189295 seconds.
  path: Assets/Third-Party/Pastel Icons/resource/style03/shape038_style03_color07.png
  artifactKey: Guid(d7d61015f0bd1c04eb28830e112509c7) Importer(815301076,1909f56bfc062723c751e8b465ee728b)
Start importing Assets/Third-Party/Pastel Icons/resource/style03/shape038_style03_color07.png using Guid(d7d61015f0bd1c04eb28830e112509c7) Importer(815301076,1909f56bfc062723c751e8b465ee728b) (PreviewImporter) -> (artifact id: '6f46e9912b69fa2b7ee80fe999e5dfef') in 0.0156626 seconds
Number of updated asset objects reloaded before import = 0Number of asset objects unloaded after import = 3

========================================================================
Received Import Request.
  Time since last request: 0.000014 seconds.
  path: Assets/Third-Party/Pastel Icons/resource/style03/shape038_style03_color11.png
  artifactKey: Guid(b19100b395c70904cb76de282739cac9) Importer(815301076,1909f56bfc062723c751e8b465ee728b)
Start importing Assets/Third-Party/Pastel Icons/resource/style03/shape038_style03_color11.png using Guid(b19100b395c70904cb76de282739cac9) Importer(815301076,1909f56bfc062723c751e8b465ee728b) (PreviewImporter) -> (artifact id: 'c3f3c0bfbffcbbaa1e1aad86288e38fb') in 0.0138007 seconds
Number of updated asset objects reloaded before import = 0Number of asset objects unloaded after import = 3

========================================================================
Received Import Request.
  Time since last request: 0.000751 seconds.
  path: Assets/Third-Party/Pastel Icons/resource/style03/shape038_style03_color12.png
  artifactKey: Guid(46246ddfc9c425344a46465530395520) Importer(815301076,1909f56bfc062723c751e8b465ee728b)
Start importing Assets/Third-Party/Pastel Icons/resource/style03/shape038_style03_color12.png using Guid(46246ddfc9c425344a46465530395520) Importer(815301076,1909f56bfc062723c751e8b465ee728b) (PreviewImporter) -> (artifact id: '7a2f3bfab258e57ba2f38f31e8620ab0') in 0.0141543 seconds
Number of updated asset objects reloaded before import = 0Number of asset objects unloaded after import = 3

========================================================================
Received Import Request.
  Time since last request: 0.000018 seconds.
  path: Assets/Third-Party/Pastel Icons/resource/style01/shape039_style01_color04.png
  artifactKey: Guid(799aa7086b9b4ab4aa4ba7b78c0ab066) Importer(815301076,1909f56bfc062723c751e8b465ee728b)
Start importing Assets/Third-Party/Pastel Icons/resource/style01/shape039_style01_color04.png using Guid(799aa7086b9b4ab4aa4ba7b78c0ab066) Importer(815301076,1909f56bfc062723c751e8b465ee728b) (PreviewImporter) -> (artifact id: 'c77cc0bc871ec13c189f932bbdeea27f') in 0.013379 seconds
Number of updated asset objects reloaded before import = 0Number of asset objects unloaded after import = 3

========================================================================
Received Import Request.
  Time since last request: 0.005071 seconds.
  path: Assets/Third-Party/Pastel Icons/resource/style01/shape039_style01_color05.png
  artifactKey: Guid(d551e133861bb21488e02991c1b3d6f9) Importer(815301076,1909f56bfc062723c751e8b465ee728b)
Start importing Assets/Third-Party/Pastel Icons/resource/style01/shape039_style01_color05.png using Guid(d551e133861bb21488e02991c1b3d6f9) Importer(815301076,1909f56bfc062723c751e8b465ee728b) (PreviewImporter) -> (artifact id: 'fd06728a2c0e9f677139b4760304f6a7') in 0.0145844 seconds
Number of updated asset objects reloaded before import = 0Number of asset objects unloaded after import = 3

========================================================================
Received Import Request.
  Time since last request: 0.000016 seconds.
  path: Assets/Third-Party/Pastel Icons/resource/style01/shape039_style01_color09.png
  artifactKey: Guid(2c857e27bf617e54e81aa82fa4ae1ff5) Importer(815301076,1909f56bfc062723c751e8b465ee728b)
Start importing Assets/Third-Party/Pastel Icons/resource/style01/shape039_style01_color09.png using Guid(2c857e27bf617e54e81aa82fa4ae1ff5) Importer(815301076,1909f56bfc062723c751e8b465ee728b) (PreviewImporter) -> (artifact id: '381d1690cdc616e05d0248e44bd2e6c8') in 0.0141988 seconds
Number of updated asset objects reloaded before import = 0Number of asset objects unloaded after import = 3

========================================================================
Received Import Request.
  Time since last request: 0.000016 seconds.
  path: Assets/Third-Party/Pastel Icons/resource/style01/shape039_style01_color11.png
  artifactKey: Guid(c3177da6187f54048a295dd524213931) Importer(815301076,1909f56bfc062723c751e8b465ee728b)
Start importing Assets/Third-Party/Pastel Icons/resource/style01/shape039_style01_color11.png using Guid(c3177da6187f54048a295dd524213931) Importer(815301076,1909f56bfc062723c751e8b465ee728b) (PreviewImporter) -> (artifact id: '4936e6699f4478c85ead1eda65a09424') in 0.014149 seconds
Number of updated asset objects reloaded before import = 0Number of asset objects unloaded after import = 3

========================================================================
Received Import Request.
  Time since last request: 0.000017 seconds.
  path: Assets/Third-Party/Pastel Icons/resource/style01/shape039_style01_color12.png
  artifactKey: Guid(562ad41a04079ca4282043b376961361) Importer(815301076,1909f56bfc062723c751e8b465ee728b)
Start importing Assets/Third-Party/Pastel Icons/resource/style01/shape039_style01_color12.png using Guid(562ad41a04079ca4282043b376961361) Importer(815301076,1909f56bfc062723c751e8b465ee728b) (PreviewImporter) -> (artifact id: 'cff9f2a2084464cd6ab1c3b9e86161f1') in 0.0126806 seconds
Number of updated asset objects reloaded before import = 0Number of asset objects unloaded after import = 3

========================================================================
Received Import Request.
  Time since last request: 0.188734 seconds.
  path: Assets/Third-Party/Pastel Icons/resource/style02/shape039_style02_color03.png
  artifactKey: Guid(3ae52b9fd075810488776e9775db97d9) Importer(815301076,1909f56bfc062723c751e8b465ee728b)
Start importing Assets/Third-Party/Pastel Icons/resource/style02/shape039_style02_color03.png using Guid(3ae52b9fd075810488776e9775db97d9) Importer(815301076,1909f56bfc062723c751e8b465ee728b) (PreviewImporter) -> (artifact id: '3716adfd195a2e2abf150ab1307f59c8') in 0.0154437 seconds
Number of updated asset objects reloaded before import = 0Number of asset objects unloaded after import = 3

========================================================================
Received Import Request.
  Time since last request: 0.016804 seconds.
  path: Assets/Third-Party/Pastel Icons/resource/style02/shape039_style02_color08.png
  artifactKey: Guid(a611b025914f6a7458367f13a433bddf) Importer(815301076,1909f56bfc062723c751e8b465ee728b)
Start importing Assets/Third-Party/Pastel Icons/resource/style02/shape039_style02_color08.png using Guid(a611b025914f6a7458367f13a433bddf) Importer(815301076,1909f56bfc062723c751e8b465ee728b) (PreviewImporter) -> (artifact id: 'e08a79a3b43d3dde22377d7b30edff6b') in 0.0141805 seconds
Number of updated asset objects reloaded before import = 0Number of asset objects unloaded after import = 3

========================================================================
Received Import Request.
  Time since last request: 0.000017 seconds.
  path: Assets/Third-Party/Pastel Icons/resource/style02/shape039_style02_color11.png
  artifactKey: Guid(158c6d0af89f2ef4c817b439b6bea74a) Importer(815301076,1909f56bfc062723c751e8b465ee728b)
Start importing Assets/Third-Party/Pastel Icons/resource/style02/shape039_style02_color11.png using Guid(158c6d0af89f2ef4c817b439b6bea74a) Importer(815301076,1909f56bfc062723c751e8b465ee728b) (PreviewImporter) -> (artifact id: 'c6f1d84d9a4de41c6f8c7ff138006bb9') in 0.0130338 seconds
Number of updated asset objects reloaded before import = 0Number of asset objects unloaded after import = 3

========================================================================
Received Import Request.
  Time since last request: 2.046694 seconds.
  path: Assets/Third-Party/Pastel Icons/resource/style01/shape041_style01_color03.png
  artifactKey: Guid(10ad69f56631687418c2e686ad232de3) Importer(815301076,1909f56bfc062723c751e8b465ee728b)
Start importing Assets/Third-Party/Pastel Icons/resource/style01/shape041_style01_color03.png using Guid(10ad69f56631687418c2e686ad232de3) Importer(815301076,1909f56bfc062723c751e8b465ee728b) (PreviewImporter) -> (artifact id: '15b1de9a36c628e2f2d4fb1eb2664c2e') in 0.0160582 seconds
Number of updated asset objects reloaded before import = 0Number of asset objects unloaded after import = 3

========================================================================
Received Import Request.
  Time since last request: 0.000016 seconds.
  path: Assets/Third-Party/Pastel Icons/resource/style01/shape041_style01_color06.png
  artifactKey: Guid(28d57e51c13e9b74cae03456e8768914) Importer(815301076,1909f56bfc062723c751e8b465ee728b)
Start importing Assets/Third-Party/Pastel Icons/resource/style01/shape041_style01_color06.png using Guid(28d57e51c13e9b74cae03456e8768914) Importer(815301076,1909f56bfc062723c751e8b465ee728b) (PreviewImporter) -> (artifact id: 'b79884c37e3e0d8dab925ee690ab00f6') in 0.013659 seconds
Number of updated asset objects reloaded before import = 0Number of asset objects unloaded after import = 3

========================================================================
Received Import Request.
  Time since last request: 0.023408 seconds.
  path: Assets/Third-Party/Pastel Icons/resource/style01/shape041_style01_color08.png
  artifactKey: Guid(ae34b7571a375754d86480f587c5d576) Importer(815301076,1909f56bfc062723c751e8b465ee728b)
Start importing Assets/Third-Party/Pastel Icons/resource/style01/shape041_style01_color08.png using Guid(ae34b7571a375754d86480f587c5d576) Importer(815301076,1909f56bfc062723c751e8b465ee728b) (PreviewImporter) -> (artifact id: 'd1690afc70f6b718cb325a5689c7d5a8') in 0.0154437 seconds
Number of updated asset objects reloaded before import = 0Number of asset objects unloaded after import = 3

========================================================================
Received Import Request.
  Time since last request: 0.000020 seconds.
  path: Assets/Third-Party/Pastel Icons/resource/style01/shape041_style01_color11.png
  artifactKey: Guid(6d4573844344fe44b9953efe06835ab6) Importer(815301076,1909f56bfc062723c751e8b465ee728b)
Start importing Assets/Third-Party/Pastel Icons/resource/style01/shape041_style01_color11.png using Guid(6d4573844344fe44b9953efe06835ab6) Importer(815301076,1909f56bfc062723c751e8b465ee728b) (PreviewImporter) -> (artifact id: '5db83c70df1db0d0b85a8576645a6cff') in 0.0138472 seconds
Number of updated asset objects reloaded before import = 0Number of asset objects unloaded after import = 3

========================================================================
Received Import Request.
  Time since last request: 0.241328 seconds.
  path: Assets/Third-Party/Pastel Icons/resource/style02/shape041_style02_color01.png
  artifactKey: Guid(726c4f6c39471db4d841a84f2b9cbaa2) Importer(815301076,1909f56bfc062723c751e8b465ee728b)
Start importing Assets/Third-Party/Pastel Icons/resource/style02/shape041_style02_color01.png using Guid(726c4f6c39471db4d841a84f2b9cbaa2) Importer(815301076,1909f56bfc062723c751e8b465ee728b) (PreviewImporter) -> (artifact id: 'a68efd2d0235bac6069646aa3a7d5145') in 0.0136871 seconds
Number of updated asset objects reloaded before import = 0Number of asset objects unloaded after import = 3

========================================================================
Received Import Request.
  Time since last request: 0.005995 seconds.
  path: Assets/Third-Party/Pastel Icons/resource/style02/shape041_style02_color04.png
  artifactKey: Guid(d9777e325da160949946157869a9d91d) Importer(815301076,1909f56bfc062723c751e8b465ee728b)
Start importing Assets/Third-Party/Pastel Icons/resource/style02/shape041_style02_color04.png using Guid(d9777e325da160949946157869a9d91d) Importer(815301076,1909f56bfc062723c751e8b465ee728b) (PreviewImporter) -> (artifact id: 'bd00c851f611a925566030b3045d3245') in 0.0132601 seconds
Number of updated asset objects reloaded before import = 0Number of asset objects unloaded after import = 3

========================================================================
Received Import Request.
  Time since last request: 0.023981 seconds.
  path: Assets/Third-Party/Pastel Icons/resource/style02/shape041_style02_color06.png
  artifactKey: Guid(45e809c8437e24949b99e8f96cd05d41) Importer(815301076,1909f56bfc062723c751e8b465ee728b)
Start importing Assets/Third-Party/Pastel Icons/resource/style02/shape041_style02_color06.png using Guid(45e809c8437e24949b99e8f96cd05d41) Importer(815301076,1909f56bfc062723c751e8b465ee728b) (PreviewImporter) -> (artifact id: 'cfe65b6c4e4ab1d8b7812b1e57caffc0') in 0.0153079 seconds
Number of updated asset objects reloaded before import = 0Number of asset objects unloaded after import = 3

========================================================================
Received Import Request.
  Time since last request: 0.000015 seconds.
  path: Assets/Third-Party/Pastel Icons/resource/style02/shape041_style02_color10.png
  artifactKey: Guid(f0895017af6f525478240da6f4815829) Importer(815301076,1909f56bfc062723c751e8b465ee728b)
Start importing Assets/Third-Party/Pastel Icons/resource/style02/shape041_style02_color10.png using Guid(f0895017af6f525478240da6f4815829) Importer(815301076,1909f56bfc062723c751e8b465ee728b) (PreviewImporter) -> (artifact id: '3e00e6dfff742c76c652b298090275c3') in 0.0135548 seconds
Number of updated asset objects reloaded before import = 0Number of asset objects unloaded after import = 3

========================================================================
Received Import Request.
  Time since last request: 1.330513 seconds.
  path: Assets/Third-Party/Pastel Icons/resource/style02/shape041_style02_color11.png
  artifactKey: Guid(ce40ba3247cfdb0419c48e2d13b0f2f4) Importer(815301076,1909f56bfc062723c751e8b465ee728b)
Start importing Assets/Third-Party/Pastel Icons/resource/style02/shape041_style02_color11.png using Guid(ce40ba3247cfdb0419c48e2d13b0f2f4) Importer(815301076,1909f56bfc062723c751e8b465ee728b) (PreviewImporter) -> (artifact id: 'ac6a41638d1d2f2f6a93ca9c9e3638a7') in 0.0151769 seconds
Number of updated asset objects reloaded before import = 0Number of asset objects unloaded after import = 3

========================================================================
Received Import Request.
  Time since last request: 0.000019 seconds.
  path: Assets/Third-Party/Pastel Icons/resource/style03/shape041_style03_color02.png
  artifactKey: Guid(596833a94e56ed44dbb566834b5f03c3) Importer(815301076,1909f56bfc062723c751e8b465ee728b)
Start importing Assets/Third-Party/Pastel Icons/resource/style03/shape041_style03_color02.png using Guid(596833a94e56ed44dbb566834b5f03c3) Importer(815301076,1909f56bfc062723c751e8b465ee728b) (PreviewImporter) -> (artifact id: 'c1383a8f47f73a5cd0ce8cf3d442bb7d') in 0.0137701 seconds
Number of updated asset objects reloaded before import = 0Number of asset objects unloaded after import = 3

========================================================================
Received Import Request.
  Time since last request: 0.016908 seconds.
  path: Assets/Third-Party/Pastel Icons/resource/style03/shape041_style03_color04.png
  artifactKey: Guid(98c8cd5f77ef4124ab525a14f63b549e) Importer(815301076,1909f56bfc062723c751e8b465ee728b)
Start importing Assets/Third-Party/Pastel Icons/resource/style03/shape041_style03_color04.png using Guid(98c8cd5f77ef4124ab525a14f63b549e) Importer(815301076,1909f56bfc062723c751e8b465ee728b) (PreviewImporter) -> (artifact id: 'e729bf82bbc0a61f48f0bb971ffbba84') in 0.015114 seconds
Number of updated asset objects reloaded before import = 0Number of asset objects unloaded after import = 3

========================================================================
Received Import Request.
  Time since last request: 0.000016 seconds.
  path: Assets/Third-Party/Pastel Icons/resource/style03/shape041_style03_color07.png
  artifactKey: Guid(239ac32adf25b464fb943ded79991803) Importer(815301076,1909f56bfc062723c751e8b465ee728b)
Start importing Assets/Third-Party/Pastel Icons/resource/style03/shape041_style03_color07.png using Guid(239ac32adf25b464fb943ded79991803) Importer(815301076,1909f56bfc062723c751e8b465ee728b) (PreviewImporter) -> (artifact id: 'bfa8bede7c5f4cf78401f8ed00cadc4b') in 0.0143401 seconds
Number of updated asset objects reloaded before import = 0Number of asset objects unloaded after import = 3

========================================================================
Received Import Request.
  Time since last request: 0.010482 seconds.
  path: Assets/Third-Party/Pastel Icons/resource/style03/shape041_style03_color09.png
  artifactKey: Guid(8811f556ca67b1d4282aa3b9629044ae) Importer(815301076,1909f56bfc062723c751e8b465ee728b)
Start importing Assets/Third-Party/Pastel Icons/resource/style03/shape041_style03_color09.png using Guid(8811f556ca67b1d4282aa3b9629044ae) Importer(815301076,1909f56bfc062723c751e8b465ee728b) (PreviewImporter) -> (artifact id: '91366dacfd1c3fdbcceb7ea651b1413f') in 0.0158265 seconds
Number of updated asset objects reloaded before import = 0Number of asset objects unloaded after import = 3

========================================================================
Received Import Request.
  Time since last request: 0.000017 seconds.
  path: Assets/Third-Party/Pastel Icons/resource/style03/shape041_style03_color12.png
  artifactKey: Guid(0b6233a6e6125cc4286151cd2c4035bc) Importer(815301076,1909f56bfc062723c751e8b465ee728b)
Start importing Assets/Third-Party/Pastel Icons/resource/style03/shape041_style03_color12.png using Guid(0b6233a6e6125cc4286151cd2c4035bc) Importer(815301076,1909f56bfc062723c751e8b465ee728b) (PreviewImporter) -> (artifact id: '3053926d86e623dc7274c55d2d78af1b') in 0.0226013 seconds
Number of updated asset objects reloaded before import = 0Number of asset objects unloaded after import = 3

========================================================================
Received Import Request.
  Time since last request: 0.002555 seconds.
  path: Assets/Third-Party/Pastel Icons/resource/style01/shape042_style01_color05.png
  artifactKey: Guid(ebcf55577989c9644b3a35c070e994b7) Importer(815301076,1909f56bfc062723c751e8b465ee728b)
Start importing Assets/Third-Party/Pastel Icons/resource/style01/shape042_style01_color05.png using Guid(ebcf55577989c9644b3a35c070e994b7) Importer(815301076,1909f56bfc062723c751e8b465ee728b) (PreviewImporter) -> (artifact id: 'ad5ad2e148d2f136ea3dbea20ee55a22') in 0.023782 seconds
Number of updated asset objects reloaded before import = 0Number of asset objects unloaded after import = 3

========================================================================
Received Import Request.
  Time since last request: 0.000019 seconds.
  path: Assets/Third-Party/Pastel Icons/resource/style01/shape042_style01_color03.png
  artifactKey: Guid(00fa83966decaae43aca48017cbf3926) Importer(815301076,1909f56bfc062723c751e8b465ee728b)
Start importing Assets/Third-Party/Pastel Icons/resource/style01/shape042_style01_color03.png using Guid(00fa83966decaae43aca48017cbf3926) Importer(815301076,1909f56bfc062723c751e8b465ee728b) (PreviewImporter) -> (artifact id: 'c742f716849970c3913e919e50f426a0') in 0.0131254 seconds
Number of updated asset objects reloaded before import = 0Number of asset objects unloaded after import = 3

========================================================================
Received Import Request.
  Time since last request: 0.260136 seconds.
  path: Assets/Third-Party/Pastel Icons/resource/style01/shape042_style01_color07.png
  artifactKey: Guid(71986e569652b39499264ce7cbd1808b) Importer(815301076,1909f56bfc062723c751e8b465ee728b)
Start importing Assets/Third-Party/Pastel Icons/resource/style01/shape042_style01_color07.png using Guid(71986e569652b39499264ce7cbd1808b) Importer(815301076,1909f56bfc062723c751e8b465ee728b) (PreviewImporter) -> (artifact id: '794961e316693e27cb8ad6170b038d24') in 0.0161135 seconds
Number of updated asset objects reloaded before import = 0Number of asset objects unloaded after import = 3

========================================================================
Received Import Request.
  Time since last request: 0.000017 seconds.
  path: Assets/Third-Party/Pastel Icons/resource/style01/shape042_style01_color10.png
  artifactKey: Guid(b1d0deccd4fd9d645b7407548a484a21) Importer(815301076,1909f56bfc062723c751e8b465ee728b)
Start importing Assets/Third-Party/Pastel Icons/resource/style01/shape042_style01_color10.png using Guid(b1d0deccd4fd9d645b7407548a484a21) Importer(815301076,1909f56bfc062723c751e8b465ee728b) (PreviewImporter) -> (artifact id: '81ccbe5ef9a25f599ae82f5f48e16046') in 0.0156642 seconds
Number of updated asset objects reloaded before import = 0Number of asset objects unloaded after import = 3

========================================================================
Received Import Request.
  Time since last request: 0.000015 seconds.
  path: Assets/Third-Party/Pastel Icons/resource/style02/shape042_style02_color01.png
  artifactKey: Guid(736c6a9eae4909b45b211a89723f40cf) Importer(815301076,1909f56bfc062723c751e8b465ee728b)
Start importing Assets/Third-Party/Pastel Icons/resource/style02/shape042_style02_color01.png using Guid(736c6a9eae4909b45b211a89723f40cf) Importer(815301076,1909f56bfc062723c751e8b465ee728b) (PreviewImporter) -> (artifact id: 'f9caa6de368efb4aa018bd30c13794a5') in 0.1689392 seconds
Number of updated asset objects reloaded before import = 0Number of asset objects unloaded after import = 3

========================================================================
Received Import Request.
  Time since last request: 0.000021 seconds.
  path: Assets/Third-Party/Pastel Icons/resource/style02/shape042_style02_color07.png
  artifactKey: Guid(78c58b8dad6eb384383c8401162bbc88) Importer(815301076,1909f56bfc062723c751e8b465ee728b)
Start importing Assets/Third-Party/Pastel Icons/resource/style02/shape042_style02_color07.png using Guid(78c58b8dad6eb384383c8401162bbc88) Importer(815301076,1909f56bfc062723c751e8b465ee728b) (PreviewImporter) -> (artifact id: '05ff1520742229d78f8963c8ea8eff13') in 0.0135026 seconds
Number of updated asset objects reloaded before import = 0Number of asset objects unloaded after import = 3

========================================================================
Received Import Request.
  Time since last request: 0.000027 seconds.
  path: Assets/Third-Party/Pastel Icons/resource/style02/shape042_style02_color05.png
  artifactKey: Guid(def16ab190bc6814b97da783fc636c2c) Importer(815301076,1909f56bfc062723c751e8b465ee728b)
Start importing Assets/Third-Party/Pastel Icons/resource/style02/shape042_style02_color05.png using Guid(def16ab190bc6814b97da783fc636c2c) Importer(815301076,1909f56bfc062723c751e8b465ee728b) (PreviewImporter) -> (artifact id: '52906c1273cb54cad98398428fc54f94') in 0.0137976 seconds
Number of updated asset objects reloaded before import = 0Number of asset objects unloaded after import = 3

========================================================================
Received Import Request.
  Time since last request: 1.330234 seconds.
  path: Assets/Third-Party/Pastel Icons/resource/style02/shape042_style02_color10.png
  artifactKey: Guid(3b3b7c0444aaa6c4d8b10b0ed69d8d34) Importer(815301076,1909f56bfc062723c751e8b465ee728b)
Start importing Assets/Third-Party/Pastel Icons/resource/style02/shape042_style02_color10.png using Guid(3b3b7c0444aaa6c4d8b10b0ed69d8d34) Importer(815301076,1909f56bfc062723c751e8b465ee728b) (PreviewImporter) -> (artifact id: '0edca003e7efa1c9434e90f0d8324724') in 0.0152169 seconds
Number of updated asset objects reloaded before import = 0Number of asset objects unloaded after import = 3

========================================================================
Received Import Request.
  Time since last request: 0.000017 seconds.
  path: Assets/Third-Party/Pastel Icons/resource/style03/shape042_style03_color02.png
  artifactKey: Guid(5d2ff56d6c2afc447ba4e8c589c9b7c8) Importer(815301076,1909f56bfc062723c751e8b465ee728b)
Start importing Assets/Third-Party/Pastel Icons/resource/style03/shape042_style03_color02.png using Guid(5d2ff56d6c2afc447ba4e8c589c9b7c8) Importer(815301076,1909f56bfc062723c751e8b465ee728b) (PreviewImporter) -> (artifact id: '90545a925900e81fc847d85ac6b0c524') in 0.0138497 seconds
Number of updated asset objects reloaded before import = 0Number of asset objects unloaded after import = 3

========================================================================
Received Import Request.
  Time since last request: 0.015388 seconds.
  path: Assets/Third-Party/Pastel Icons/resource/style03/shape042_style03_color03.png
  artifactKey: Guid(c52c257aac413b340977e088b445fce7) Importer(815301076,1909f56bfc062723c751e8b465ee728b)
Start importing Assets/Third-Party/Pastel Icons/resource/style03/shape042_style03_color03.png using Guid(c52c257aac413b340977e088b445fce7) Importer(815301076,1909f56bfc062723c751e8b465ee728b) (PreviewImporter) -> (artifact id: 'b9e14bbb088440fe641c948daed9d06b') in 0.014293 seconds
Number of updated asset objects reloaded before import = 0Number of asset objects unloaded after import = 3

========================================================================
Received Import Request.
  Time since last request: 0.000015 seconds.
  path: Assets/Third-Party/Pastel Icons/resource/style03/shape042_style03_color06.png
  artifactKey: Guid(a1007f0c7ca47464eb92a561aca13b40) Importer(815301076,1909f56bfc062723c751e8b465ee728b)
Start importing Assets/Third-Party/Pastel Icons/resource/style03/shape042_style03_color06.png using Guid(a1007f0c7ca47464eb92a561aca13b40) Importer(815301076,1909f56bfc062723c751e8b465ee728b) (PreviewImporter) -> (artifact id: '6710924f04b230175d2fecb91f2d7d02') in 0.0124726 seconds
Number of updated asset objects reloaded before import = 0Number of asset objects unloaded after import = 3

========================================================================
Received Import Request.
  Time since last request: 0.016567 seconds.
  path: Assets/Third-Party/Pastel Icons/resource/style03/shape042_style03_color11.png
  artifactKey: Guid(d39f72ccde67c4e4a8650d48efe209bd) Importer(815301076,1909f56bfc062723c751e8b465ee728b)
Start importing Assets/Third-Party/Pastel Icons/resource/style03/shape042_style03_color11.png using Guid(d39f72ccde67c4e4a8650d48efe209bd) Importer(815301076,1909f56bfc062723c751e8b465ee728b) (PreviewImporter) -> (artifact id: '8d31da570d5745634708f0af97f2b5eb') in 0.0134508 seconds
Number of updated asset objects reloaded before import = 0Number of asset objects unloaded after import = 3

========================================================================
Received Import Request.
  Time since last request: 0.460618 seconds.
  path: Assets/Third-Party/Pastel Icons/resource/style01/shape043_style01_color02.png
  artifactKey: Guid(5858209f9234a034d991897ae7c90e25) Importer(815301076,1909f56bfc062723c751e8b465ee728b)
Start importing Assets/Third-Party/Pastel Icons/resource/style01/shape043_style01_color02.png using Guid(5858209f9234a034d991897ae7c90e25) Importer(815301076,1909f56bfc062723c751e8b465ee728b) (PreviewImporter) -> (artifact id: '034fb8eec252d3008d99664ccbff3081') in 0.0143031 seconds
Number of updated asset objects reloaded before import = 0Number of asset objects unloaded after import = 3

========================================================================
Received Import Request.
  Time since last request: 0.020407 seconds.
  path: Assets/Third-Party/Pastel Icons/resource/style01/shape043_style01_color07.png
  artifactKey: Guid(e14e87492cfd7644ea9f8dc779b5080e) Importer(815301076,1909f56bfc062723c751e8b465ee728b)
Start importing Assets/Third-Party/Pastel Icons/resource/style01/shape043_style01_color07.png using Guid(e14e87492cfd7644ea9f8dc779b5080e) Importer(815301076,1909f56bfc062723c751e8b465ee728b) (PreviewImporter) -> (artifact id: '5155b6efe8d3e9879b63d5226fbf0396') in 0.0149296 seconds
Number of updated asset objects reloaded before import = 0Number of asset objects unloaded after import = 3

========================================================================
Received Import Request.
  Time since last request: 1.426527 seconds.
  path: Assets/Third-Party/Pastel Icons/resource/style02/shape043_style02_color04.png
  artifactKey: Guid(287bbffbeea409640bab6e5fda6709a3) Importer(815301076,1909f56bfc062723c751e8b465ee728b)
Start importing Assets/Third-Party/Pastel Icons/resource/style02/shape043_style02_color04.png using Guid(287bbffbeea409640bab6e5fda6709a3) Importer(815301076,1909f56bfc062723c751e8b465ee728b) (PreviewImporter) -> (artifact id: '31e2226e658f71b5a257ee8a2fcd486c') in 0.0153654 seconds
Number of updated asset objects reloaded before import = 0Number of asset objects unloaded after import = 3

========================================================================
Received Import Request.
  Time since last request: 0.000015 seconds.
  path: Assets/Third-Party/Pastel Icons/resource/style02/shape043_style02_color08.png
  artifactKey: Guid(893d6ac1a4dc43949a801c615d5f5d39) Importer(815301076,1909f56bfc062723c751e8b465ee728b)
Start importing Assets/Third-Party/Pastel Icons/resource/style02/shape043_style02_color08.png using Guid(893d6ac1a4dc43949a801c615d5f5d39) Importer(815301076,1909f56bfc062723c751e8b465ee728b) (PreviewImporter) -> (artifact id: '7af43e563295a09c15de5de45a7ab2b5') in 0.0130912 seconds
Number of updated asset objects reloaded before import = 0Number of asset objects unloaded after import = 3

========================================================================
Received Import Request.
  Time since last request: 0.015564 seconds.
  path: Assets/Third-Party/Pastel Icons/resource/style02/shape043_style02_color09.png
  artifactKey: Guid(735bf10af6803484da9d53f924f58ddf) Importer(815301076,1909f56bfc062723c751e8b465ee728b)
Start importing Assets/Third-Party/Pastel Icons/resource/style02/shape043_style02_color09.png using Guid(735bf10af6803484da9d53f924f58ddf) Importer(815301076,1909f56bfc062723c751e8b465ee728b) (PreviewImporter) -> (artifact id: 'c1330c689a90b3adcb24297b3586fa14') in 0.013529 seconds
Number of updated asset objects reloaded before import = 0Number of asset objects unloaded after import = 3

========================================================================
Received Import Request.
  Time since last request: 0.000014 seconds.
  path: Assets/Third-Party/Pastel Icons/resource/style03/shape043_style03_color03.png
  artifactKey: Guid(920fd589bf9126740bf8b2dc20cd6a88) Importer(815301076,1909f56bfc062723c751e8b465ee728b)
Start importing Assets/Third-Party/Pastel Icons/resource/style03/shape043_style03_color03.png using Guid(920fd589bf9126740bf8b2dc20cd6a88) Importer(815301076,1909f56bfc062723c751e8b465ee728b) (PreviewImporter) -> (artifact id: 'f081572b50a900665c6b2f1ea499b5ea') in 0.0137798 seconds
Number of updated asset objects reloaded before import = 0Number of asset objects unloaded after import = 3

========================================================================
Received Import Request.
  Time since last request: 0.000020 seconds.
  path: Assets/Third-Party/Pastel Icons/resource/style03/shape043_style03_color06.png
  artifactKey: Guid(f5987349d8851294882c3a6eaf206026) Importer(815301076,1909f56bfc062723c751e8b465ee728b)
Start importing Assets/Third-Party/Pastel Icons/resource/style03/shape043_style03_color06.png using Guid(f5987349d8851294882c3a6eaf206026) Importer(815301076,1909f56bfc062723c751e8b465ee728b) (PreviewImporter) -> (artifact id: '75bfead089b7930571091f0badb31738') in 0.0126602 seconds
Number of updated asset objects reloaded before import = 0Number of asset objects unloaded after import = 3

========================================================================
Received Import Request.
  Time since last request: 0.000021 seconds.
  path: Assets/Third-Party/Pastel Icons/resource/style03/shape043_style03_color05.png
  artifactKey: Guid(d60a67d2df91dcb499a5de12f21971da) Importer(815301076,1909f56bfc062723c751e8b465ee728b)
Start importing Assets/Third-Party/Pastel Icons/resource/style03/shape043_style03_color05.png using Guid(d60a67d2df91dcb499a5de12f21971da) Importer(815301076,1909f56bfc062723c751e8b465ee728b) (PreviewImporter) -> (artifact id: '382947cb9f603baeda31aeef0ddc3828') in 0.0132934 seconds
Number of updated asset objects reloaded before import = 0Number of asset objects unloaded after import = 3

========================================================================
Received Import Request.
  Time since last request: 0.232775 seconds.
  path: Assets/Third-Party/Pastel Icons/resource/style03/shape043_style03_color07.png
  artifactKey: Guid(504046c48b8fe584196ff027ab735e9a) Importer(815301076,1909f56bfc062723c751e8b465ee728b)
Start importing Assets/Third-Party/Pastel Icons/resource/style03/shape043_style03_color07.png using Guid(504046c48b8fe584196ff027ab735e9a) Importer(815301076,1909f56bfc062723c751e8b465ee728b) (PreviewImporter) -> (artifact id: '5d18f850bd1357b9381b95f6d378f306') in 0.0160771 seconds
Number of updated asset objects reloaded before import = 0Number of asset objects unloaded after import = 3

========================================================================
Received Import Request.
  Time since last request: 0.000015 seconds.
  path: Assets/Third-Party/Pastel Icons/resource/style03/shape043_style03_color10.png
  artifactKey: Guid(4b0527a88c20046439fd36bad5e8a035) Importer(815301076,1909f56bfc062723c751e8b465ee728b)
Start importing Assets/Third-Party/Pastel Icons/resource/style03/shape043_style03_color10.png using Guid(4b0527a88c20046439fd36bad5e8a035) Importer(815301076,1909f56bfc062723c751e8b465ee728b) (PreviewImporter) -> (artifact id: 'c53ff78dc466c2bd872a42cc5859718d') in 0.0146129 seconds
Number of updated asset objects reloaded before import = 0Number of asset objects unloaded after import = 3

========================================================================
Received Import Request.
  Time since last request: 0.000015 seconds.
  path: Assets/Third-Party/Pastel Icons/resource/style01/shape044_style01_color04.png
  artifactKey: Guid(f163f4cce33b7114baf53e825ff074b6) Importer(815301076,1909f56bfc062723c751e8b465ee728b)
Start importing Assets/Third-Party/Pastel Icons/resource/style01/shape044_style01_color04.png using Guid(f163f4cce33b7114baf53e825ff074b6) Importer(815301076,1909f56bfc062723c751e8b465ee728b) (PreviewImporter) -> (artifact id: '82805931df31fd19e525370405999328') in 0.0160916 seconds
Number of updated asset objects reloaded before import = 0Number of asset objects unloaded after import = 3

========================================================================
Received Import Request.
  Time since last request: 0.005716 seconds.
  path: Assets/Third-Party/Pastel Icons/resource/style01/shape044_style01_color05.png
  artifactKey: Guid(c85352ec1e194ac4a9bdaab7270788b4) Importer(815301076,1909f56bfc062723c751e8b465ee728b)
Start importing Assets/Third-Party/Pastel Icons/resource/style01/shape044_style01_color05.png using Guid(c85352ec1e194ac4a9bdaab7270788b4) Importer(815301076,1909f56bfc062723c751e8b465ee728b) (PreviewImporter) -> (artifact id: '564457d5d0d05c2d4fc709f40b36997b') in 0.0132896 seconds
Number of updated asset objects reloaded before import = 0Number of asset objects unloaded after import = 3

========================================================================
Received Import Request.
  Time since last request: 0.000018 seconds.
  path: Assets/Third-Party/Pastel Icons/resource/style01/shape044_style01_color08.png
  artifactKey: Guid(d33abd5d90c65174b8f4bfab044eb3c0) Importer(815301076,1909f56bfc062723c751e8b465ee728b)
Start importing Assets/Third-Party/Pastel Icons/resource/style01/shape044_style01_color08.png using Guid(d33abd5d90c65174b8f4bfab044eb3c0) Importer(815301076,1909f56bfc062723c751e8b465ee728b) (PreviewImporter) -> (artifact id: 'bf6737c604929057354ad64eff02372a') in 0.0132745 seconds
Number of updated asset objects reloaded before import = 0Number of asset objects unloaded after import = 3

========================================================================
Received Import Request.
  Time since last request: 0.000016 seconds.
  path: Assets/Third-Party/Pastel Icons/resource/style01/shape044_style01_color11.png
  artifactKey: Guid(31866354fe79eec4f942bb1760cd9239) Importer(815301076,1909f56bfc062723c751e8b465ee728b)
Start importing Assets/Third-Party/Pastel Icons/resource/style01/shape044_style01_color11.png using Guid(31866354fe79eec4f942bb1760cd9239) Importer(815301076,1909f56bfc062723c751e8b465ee728b) (PreviewImporter) -> (artifact id: '52ce49fb68ab265d040d3814a10cc018') in 0.0123781 seconds
Number of updated asset objects reloaded before import = 0Number of asset objects unloaded after import = 3

========================================================================
Received Import Request.
  Time since last request: 0.000014 seconds.
  path: Assets/Third-Party/Pastel Icons/resource/style02/shape044_style02_color01.png
  artifactKey: Guid(411912b99ba26b743be04af31e1cad40) Importer(815301076,1909f56bfc062723c751e8b465ee728b)
Start importing Assets/Third-Party/Pastel Icons/resource/style02/shape044_style02_color01.png using Guid(411912b99ba26b743be04af31e1cad40) Importer(815301076,1909f56bfc062723c751e8b465ee728b) (PreviewImporter) -> (artifact id: '97cdd24207da04c7b6bbdfb6b9d34103') in 0.0129592 seconds
Number of updated asset objects reloaded before import = 0Number of asset objects unloaded after import = 3

========================================================================
Received Import Request.
  Time since last request: 0.181519 seconds.
  path: Assets/Third-Party/Pastel Icons/resource/style02/shape044_style02_color03.png
  artifactKey: Guid(64b23d5d2ebfe9c49a0a243b4b6eca3f) Importer(815301076,1909f56bfc062723c751e8b465ee728b)
Start importing Assets/Third-Party/Pastel Icons/resource/style02/shape044_style02_color03.png using Guid(64b23d5d2ebfe9c49a0a243b4b6eca3f) Importer(815301076,1909f56bfc062723c751e8b465ee728b) (PreviewImporter) -> (artifact id: '0fe250104f427f8263299e663abdb389') in 0.0152942 seconds
Number of updated asset objects reloaded before import = 0Number of asset objects unloaded after import = 3

========================================================================
Received Import Request.
  Time since last request: 0.034063 seconds.
  path: Assets/Third-Party/Pastel Icons/resource/style02/shape044_style02_color08.png
  artifactKey: Guid(7647e7eac1e186242ab33a357ce7a560) Importer(815301076,1909f56bfc062723c751e8b465ee728b)
Start importing Assets/Third-Party/Pastel Icons/resource/style02/shape044_style02_color08.png using Guid(7647e7eac1e186242ab33a357ce7a560) Importer(815301076,1909f56bfc062723c751e8b465ee728b) (PreviewImporter) -> (artifact id: '882cc2f0c086922d7913002a6a68ed30') in 0.0156965 seconds
Number of updated asset objects reloaded before import = 0Number of asset objects unloaded after import = 3

========================================================================
Received Import Request.
  Time since last request: 0.000013 seconds.
  path: Assets/Third-Party/Pastel Icons/resource/style03/shape044_style03_color05.png
  artifactKey: Guid(3d2302383aa1f544caba63eff309b2bd) Importer(815301076,1909f56bfc062723c751e8b465ee728b)
Start importing Assets/Third-Party/Pastel Icons/resource/style03/shape044_style03_color05.png using Guid(3d2302383aa1f544caba63eff309b2bd) Importer(815301076,1909f56bfc062723c751e8b465ee728b) (PreviewImporter) -> (artifact id: '89eab399ed1d728d06e1725e807284e4') in 0.0139225 seconds
Number of updated asset objects reloaded before import = 0Number of asset objects unloaded after import = 3

========================================================================
Received Import Request.
  Time since last request: 0.000018 seconds.
  path: Assets/Third-Party/Pastel Icons/resource/style03/shape044_style03_color03.png
  artifactKey: Guid(bcc22b47de670e647a69720db71943d5) Importer(815301076,1909f56bfc062723c751e8b465ee728b)
Start importing Assets/Third-Party/Pastel Icons/resource/style03/shape044_style03_color03.png using Guid(bcc22b47de670e647a69720db71943d5) Importer(815301076,1909f56bfc062723c751e8b465ee728b) (PreviewImporter) -> (artifact id: '7d8660d33eb3fec9b4e2d33bcf3d9a8f') in 0.0142639 seconds
Number of updated asset objects reloaded before import = 0Number of asset objects unloaded after import = 3

========================================================================
Received Import Request.
  Time since last request: 0.172385 seconds.
  path: Assets/Third-Party/Pastel Icons/resource/style03/shape044_style03_color06.png
  artifactKey: Guid(00bfa2c1bea03d84e809d0d1179967b8) Importer(815301076,1909f56bfc062723c751e8b465ee728b)
Start importing Assets/Third-Party/Pastel Icons/resource/style03/shape044_style03_color06.png using Guid(00bfa2c1bea03d84e809d0d1179967b8) Importer(815301076,1909f56bfc062723c751e8b465ee728b) (PreviewImporter) -> (artifact id: '3ff1372035ed5e1153007079e2c50c7d') in 0.0147075 seconds
Number of updated asset objects reloaded before import = 0Number of asset objects unloaded after import = 3

========================================================================
Received Import Request.
  Time since last request: 0.000016 seconds.
  path: Assets/Third-Party/Pastel Icons/resource/style03/shape044_style03_color11.png
  artifactKey: Guid(28c1a4e3ac34dcd4f986c29ac24710ce) Importer(815301076,1909f56bfc062723c751e8b465ee728b)
Start importing Assets/Third-Party/Pastel Icons/resource/style03/shape044_style03_color11.png using Guid(28c1a4e3ac34dcd4f986c29ac24710ce) Importer(815301076,1909f56bfc062723c751e8b465ee728b) (PreviewImporter) -> (artifact id: '2edd5bffd6b99713f992f8aa9c2ef39c') in 0.0140219 seconds
Number of updated asset objects reloaded before import = 0Number of asset objects unloaded after import = 3

========================================================================
Received Import Request.
  Time since last request: 0.000022 seconds.
  path: Assets/Third-Party/Pastel Icons/resource/style01/shape045_style01_color03.png
  artifactKey: Guid(1162956d3d8e3eb48be3b89f69361ecc) Importer(815301076,1909f56bfc062723c751e8b465ee728b)
Start importing Assets/Third-Party/Pastel Icons/resource/style01/shape045_style01_color03.png using Guid(1162956d3d8e3eb48be3b89f69361ecc) Importer(815301076,1909f56bfc062723c751e8b465ee728b) (PreviewImporter) -> (artifact id: 'e5765b08775488d099e355db8b29c036') in 0.0142196 seconds
Number of updated asset objects reloaded before import = 0Number of asset objects unloaded after import = 3

========================================================================
Received Import Request.
  Time since last request: 0.005204 seconds.
  path: Assets/Third-Party/Pastel Icons/resource/style01/shape045_style01_color04.png
  artifactKey: Guid(c776e0f79833f7846be73eabe8461da9) Importer(815301076,1909f56bfc062723c751e8b465ee728b)
Start importing Assets/Third-Party/Pastel Icons/resource/style01/shape045_style01_color04.png using Guid(c776e0f79833f7846be73eabe8461da9) Importer(815301076,1909f56bfc062723c751e8b465ee728b) (PreviewImporter) -> (artifact id: '0c6b9d88638e12052845468322441dce') in 0.0133525 seconds
Number of updated asset objects reloaded before import = 0Number of asset objects unloaded after import = 3

========================================================================
Received Import Request.
  Time since last request: 0.000016 seconds.
  path: Assets/Third-Party/Pastel Icons/resource/style01/shape045_style01_color08.png
  artifactKey: Guid(c82fffe8f89f1d8459cebb7a67472d4e) Importer(815301076,1909f56bfc062723c751e8b465ee728b)
Start importing Assets/Third-Party/Pastel Icons/resource/style01/shape045_style01_color08.png using Guid(c82fffe8f89f1d8459cebb7a67472d4e) Importer(815301076,1909f56bfc062723c751e8b465ee728b) (PreviewImporter) -> (artifact id: 'aa3c5bbb4c667aab196c7194a89900f1') in 0.013052 seconds
Number of updated asset objects reloaded before import = 0Number of asset objects unloaded after import = 3

========================================================================
Received Import Request.
  Time since last request: 0.000017 seconds.
  path: Assets/Third-Party/Pastel Icons/resource/style01/shape045_style01_color09.png
  artifactKey: Guid(6904907dce3b3f447aa9eab6f814a0bf) Importer(815301076,1909f56bfc062723c751e8b465ee728b)
Start importing Assets/Third-Party/Pastel Icons/resource/style01/shape045_style01_color09.png using Guid(6904907dce3b3f447aa9eab6f814a0bf) Importer(815301076,1909f56bfc062723c751e8b465ee728b) (PreviewImporter) -> (artifact id: '3137ace676b9c8f3428c0887b9374b3e') in 0.0117527 seconds
Number of updated asset objects reloaded before import = 0Number of asset objects unloaded after import = 3

========================================================================
Received Import Request.
  Time since last request: 0.000018 seconds.
  path: Assets/Third-Party/Pastel Icons/resource/style02/shape045_style02_color01.png
  artifactKey: Guid(86f3033b31c1e9240a1619b174eb83f7) Importer(815301076,1909f56bfc062723c751e8b465ee728b)
Start importing Assets/Third-Party/Pastel Icons/resource/style02/shape045_style02_color01.png using Guid(86f3033b31c1e9240a1619b174eb83f7) Importer(815301076,1909f56bfc062723c751e8b465ee728b) (PreviewImporter) -> (artifact id: '5993a64797c04996b71dde95fe6cd662') in 0.0129018 seconds
Number of updated asset objects reloaded before import = 0Number of asset objects unloaded after import = 3

========================================================================
Received Import Request.
  Time since last request: 0.160945 seconds.
  path: Assets/Third-Party/Pastel Icons/resource/style02/shape045_style02_color02.png
  artifactKey: Guid(d151db7aac6f6c14abe2383a81edd5b7) Importer(815301076,1909f56bfc062723c751e8b465ee728b)
Start importing Assets/Third-Party/Pastel Icons/resource/style02/shape045_style02_color02.png using Guid(d151db7aac6f6c14abe2383a81edd5b7) Importer(815301076,1909f56bfc062723c751e8b465ee728b) (PreviewImporter) -> (artifact id: '2de6457a6ce1a1daf15157f7819fbe1b') in 0.0147926 seconds
Number of updated asset objects reloaded before import = 0Number of asset objects unloaded after import = 3

========================================================================
Received Import Request.
  Time since last request: 0.000016 seconds.
  path: Assets/Third-Party/Pastel Icons/resource/style02/shape045_style02_color08.png
  artifactKey: Guid(2b6045e3db2721747a5f2225d9754ba8) Importer(815301076,1909f56bfc062723c751e8b465ee728b)
Start importing Assets/Third-Party/Pastel Icons/resource/style02/shape045_style02_color08.png using Guid(2b6045e3db2721747a5f2225d9754ba8) Importer(815301076,1909f56bfc062723c751e8b465ee728b) (PreviewImporter) -> (artifact id: 'c0b0615cbbffc1203673939fdd7a06c3') in 0.0144114 seconds
Number of updated asset objects reloaded before import = 0Number of asset objects unloaded after import = 3

========================================================================
Received Import Request.
  Time since last request: 0.000016 seconds.
  path: Assets/Third-Party/Pastel Icons/resource/style02/shape045_style02_color06.png
  artifactKey: Guid(7793892208fefd74b92dba90741343ad) Importer(815301076,1909f56bfc062723c751e8b465ee728b)
Start importing Assets/Third-Party/Pastel Icons/resource/style02/shape045_style02_color06.png using Guid(7793892208fefd74b92dba90741343ad) Importer(815301076,1909f56bfc062723c751e8b465ee728b) (PreviewImporter) -> (artifact id: 'e123283b5fc1e7145455366649f055c5') in 0.0140778 seconds
Number of updated asset objects reloaded before import = 0Number of asset objects unloaded after import = 3

========================================================================
Received Import Request.
  Time since last request: 0.005216 seconds.
  path: Assets/Third-Party/Pastel Icons/resource/style02/shape045_style02_color12.png
  artifactKey: Guid(1a51785228a984f44b961a479b0f7fb7) Importer(815301076,1909f56bfc062723c751e8b465ee728b)
Start importing Assets/Third-Party/Pastel Icons/resource/style02/shape045_style02_color12.png using Guid(1a51785228a984f44b961a479b0f7fb7) Importer(815301076,1909f56bfc062723c751e8b465ee728b) (PreviewImporter) -> (artifact id: '2f1f7b6132de5917e1f62b71bc5a8d63') in 0.0128358 seconds
Number of updated asset objects reloaded before import = 0Number of asset objects unloaded after import = 3

========================================================================
Received Import Request.
  Time since last request: 0.000014 seconds.
  path: Assets/Third-Party/Pastel Icons/resource/style03/shape045_style03_color04.png
  artifactKey: Guid(6cfd7a37aa35bb9468a923f15aa34a3c) Importer(815301076,1909f56bfc062723c751e8b465ee728b)
Start importing Assets/Third-Party/Pastel Icons/resource/style03/shape045_style03_color04.png using Guid(6cfd7a37aa35bb9468a923f15aa34a3c) Importer(815301076,1909f56bfc062723c751e8b465ee728b) (PreviewImporter) -> (artifact id: '0239ce3019c5d8d1996d069eb7c97660') in 0.0119567 seconds
Number of updated asset objects reloaded before import = 0Number of asset objects unloaded after import = 3

========================================================================
Received Import Request.
  Time since last request: 0.000014 seconds.
  path: Assets/Third-Party/Pastel Icons/resource/style03/shape045_style03_color05.png
  artifactKey: Guid(94c04c457f0f8a845966092ecef15705) Importer(815301076,1909f56bfc062723c751e8b465ee728b)
Start importing Assets/Third-Party/Pastel Icons/resource/style03/shape045_style03_color05.png using Guid(94c04c457f0f8a845966092ecef15705) Importer(815301076,1909f56bfc062723c751e8b465ee728b) (PreviewImporter) -> (artifact id: 'd0fc02da388a9da5c38e1be6de6248ee') in 0.0133953 seconds
Number of updated asset objects reloaded before import = 0Number of asset objects unloaded after import = 3

========================================================================
Received Import Request.
  Time since last request: 0.000018 seconds.
  path: Assets/Third-Party/Pastel Icons/resource/style03/shape045_style03_color06.png
  artifactKey: Guid(25f524afc58ee854787d385e8738fd80) Importer(815301076,1909f56bfc062723c751e8b465ee728b)
Start importing Assets/Third-Party/Pastel Icons/resource/style03/shape045_style03_color06.png using Guid(25f524afc58ee854787d385e8738fd80) Importer(815301076,1909f56bfc062723c751e8b465ee728b) (PreviewImporter) -> (artifact id: '795185fa817c47500f96fc31cf077fb9') in 0.0135056 seconds
Number of updated asset objects reloaded before import = 0Number of asset objects unloaded after import = 3

========================================================================
Received Import Request.
  Time since last request: 0.191466 seconds.
  path: Assets/Third-Party/Pastel Icons/resource/style03/shape045_style03_color10.png
  artifactKey: Guid(d61136e041d94364fa4bcf384b75b2be) Importer(815301076,1909f56bfc062723c751e8b465ee728b)
Start importing Assets/Third-Party/Pastel Icons/resource/style03/shape045_style03_color10.png using Guid(d61136e041d94364fa4bcf384b75b2be) Importer(815301076,1909f56bfc062723c751e8b465ee728b) (PreviewImporter) -> (artifact id: 'ec9f0ad71b828b519f82d80cf4cc6eb6') in 0.0154444 seconds
Number of updated asset objects reloaded before import = 0Number of asset objects unloaded after import = 3

========================================================================
Received Import Request.
  Time since last request: 0.000015 seconds.
  path: Assets/Third-Party/Pastel Icons/resource/style01/shape046_style01_color01.png
  artifactKey: Guid(8c252875f291dc0498bbafac72e1fa50) Importer(815301076,1909f56bfc062723c751e8b465ee728b)
Start importing Assets/Third-Party/Pastel Icons/resource/style01/shape046_style01_color01.png using Guid(8c252875f291dc0498bbafac72e1fa50) Importer(815301076,1909f56bfc062723c751e8b465ee728b) (PreviewImporter) -> (artifact id: '4f5d825ec71a839fb06f27e1a62768b3') in 0.0128256 seconds
Number of updated asset objects reloaded before import = 0Number of asset objects unloaded after import = 3

========================================================================
Received Import Request.
  Time since last request: 0.017954 seconds.
  path: Assets/Third-Party/Pastel Icons/resource/style01/shape046_style01_color03.png
  artifactKey: Guid(350f965b9110c9e43978b0946971bf80) Importer(815301076,1909f56bfc062723c751e8b465ee728b)
Start importing Assets/Third-Party/Pastel Icons/resource/style01/shape046_style01_color03.png using Guid(350f965b9110c9e43978b0946971bf80) Importer(815301076,1909f56bfc062723c751e8b465ee728b) (PreviewImporter) -> (artifact id: 'e80578b6d8e0957cce33b06f437b2fff') in 0.014145 seconds
Number of updated asset objects reloaded before import = 0Number of asset objects unloaded after import = 3

========================================================================
Received Import Request.
  Time since last request: 0.000014 seconds.
  path: Assets/Third-Party/Pastel Icons/resource/style01/shape046_style01_color12.png
  artifactKey: Guid(0f38e90e9837fec4f9eb73de5ada6be2) Importer(815301076,1909f56bfc062723c751e8b465ee728b)
Start importing Assets/Third-Party/Pastel Icons/resource/style01/shape046_style01_color12.png using Guid(0f38e90e9837fec4f9eb73de5ada6be2) Importer(815301076,1909f56bfc062723c751e8b465ee728b) (PreviewImporter) -> (artifact id: '54673fc120292d296c5de5f7b7e8a359') in 0.0140202 seconds
Number of updated asset objects reloaded before import = 0Number of asset objects unloaded after import = 3

========================================================================
Received Import Request.
  Time since last request: 0.000019 seconds.
  path: Assets/Third-Party/Pastel Icons/resource/style01/shape046_style01_color08.png
  artifactKey: Guid(c592e01253ff2794cb5e66071b4aedcb) Importer(815301076,1909f56bfc062723c751e8b465ee728b)
Start importing Assets/Third-Party/Pastel Icons/resource/style01/shape046_style01_color08.png using Guid(c592e01253ff2794cb5e66071b4aedcb) Importer(815301076,1909f56bfc062723c751e8b465ee728b) (PreviewImporter) -> (artifact id: '722d233a678407782e5265b95845554d') in 0.0136775 seconds
Number of updated asset objects reloaded before import = 0Number of asset objects unloaded after import = 3

========================================================================
Received Import Request.
  Time since last request: 0.000018 seconds.
  path: Assets/Third-Party/Pastel Icons/resource/style01/shape046_style01_color06.png
  artifactKey: Guid(d5b8bf48b88e35344b32ac8fefe4023f) Importer(815301076,1909f56bfc062723c751e8b465ee728b)
Start importing Assets/Third-Party/Pastel Icons/resource/style01/shape046_style01_color06.png using Guid(d5b8bf48b88e35344b32ac8fefe4023f) Importer(815301076,1909f56bfc062723c751e8b465ee728b) (PreviewImporter) -> (artifact id: '99bb0b586e5b2b98b8002c170022376a') in 0.0133451 seconds
Number of updated asset objects reloaded before import = 0Number of asset objects unloaded after import = 3

========================================================================
Received Import Request.
  Time since last request: 0.000024 seconds.
  path: Assets/Third-Party/Pastel Icons/resource/style02/shape046_style02_color03.png
  artifactKey: Guid(e4e583a1e66e01b408ca1b269e5ec812) Importer(815301076,1909f56bfc062723c751e8b465ee728b)
Start importing Assets/Third-Party/Pastel Icons/resource/style02/shape046_style02_color03.png using Guid(e4e583a1e66e01b408ca1b269e5ec812) Importer(815301076,1909f56bfc062723c751e8b465ee728b) (PreviewImporter) -> (artifact id: '0153b2b78c7d628a428c4e060b442bed') in 0.0139233 seconds
Number of updated asset objects reloaded before import = 0Number of asset objects unloaded after import = 3

========================================================================
Received Import Request.
  Time since last request: 0.167512 seconds.
  path: Assets/Third-Party/Pastel Icons/resource/style02/shape046_style02_color06.png
  artifactKey: Guid(576e05b59e10d3b48b0bc7dd2ac63cf2) Importer(815301076,1909f56bfc062723c751e8b465ee728b)
Start importing Assets/Third-Party/Pastel Icons/resource/style02/shape046_style02_color06.png using Guid(576e05b59e10d3b48b0bc7dd2ac63cf2) Importer(815301076,1909f56bfc062723c751e8b465ee728b) (PreviewImporter) -> (artifact id: '738f1945669606e2b56493fcfa5fbcaf') in 0.0153621 seconds
Number of updated asset objects reloaded before import = 0Number of asset objects unloaded after import = 3

========================================================================
Received Import Request.
  Time since last request: 0.000016 seconds.
  path: Assets/Third-Party/Pastel Icons/resource/style02/shape046_style02_color10.png
  artifactKey: Guid(4ae6927e78107d0488d7be48149c0d80) Importer(815301076,1909f56bfc062723c751e8b465ee728b)
Start importing Assets/Third-Party/Pastel Icons/resource/style02/shape046_style02_color10.png using Guid(4ae6927e78107d0488d7be48149c0d80) Importer(815301076,1909f56bfc062723c751e8b465ee728b) (PreviewImporter) -> (artifact id: 'b6a127d9688c12a66ac4f2912ad3e4cc') in 0.0129123 seconds
Number of updated asset objects reloaded before import = 0Number of asset objects unloaded after import = 3

========================================================================
Received Import Request.
  Time since last request: 0.017819 seconds.
  path: Assets/Third-Party/Pastel Icons/resource/style02/shape046_style02_color11.png
  artifactKey: Guid(d04f37c248b39654887cd4d4f9c4a1aa) Importer(815301076,1909f56bfc062723c751e8b465ee728b)
Start importing Assets/Third-Party/Pastel Icons/resource/style02/shape046_style02_color11.png using Guid(d04f37c248b39654887cd4d4f9c4a1aa) Importer(815301076,1909f56bfc062723c751e8b465ee728b) (PreviewImporter) -> (artifact id: '211599abef8583aa6a4349698ca47801') in 0.0144537 seconds
Number of updated asset objects reloaded before import = 0Number of asset objects unloaded after import = 3

========================================================================
Received Import Request.
  Time since last request: 0.000015 seconds.
  path: Assets/Third-Party/Pastel Icons/resource/style03/shape046_style03_color03.png
  artifactKey: Guid(85be32ef905b17b4189cf1df5024b833) Importer(815301076,1909f56bfc062723c751e8b465ee728b)
Start importing Assets/Third-Party/Pastel Icons/resource/style03/shape046_style03_color03.png using Guid(85be32ef905b17b4189cf1df5024b833) Importer(815301076,1909f56bfc062723c751e8b465ee728b) (PreviewImporter) -> (artifact id: '6e7f4e186351c10bb0678e7b9cc5be69') in 0.0143012 seconds
Number of updated asset objects reloaded before import = 0Number of asset objects unloaded after import = 3

========================================================================
Received Import Request.
  Time since last request: 0.000016 seconds.
  path: Assets/Third-Party/Pastel Icons/resource/style03/shape046_style03_color02.png
  artifactKey: Guid(dd359a0ff853ede49bb2508b482d2086) Importer(815301076,1909f56bfc062723c751e8b465ee728b)
Start importing Assets/Third-Party/Pastel Icons/resource/style03/shape046_style03_color02.png using Guid(dd359a0ff853ede49bb2508b482d2086) Importer(815301076,1909f56bfc062723c751e8b465ee728b) (PreviewImporter) -> (artifact id: '4b79a2ff74439cd3f73c12b4688c1a73') in 0.014126 seconds
Number of updated asset objects reloaded before import = 0Number of asset objects unloaded after import = 3

========================================================================
Received Import Request.
  Time since last request: 0.000016 seconds.
  path: Assets/Third-Party/Pastel Icons/resource/style01/shape047_style01_color04.png
  artifactKey: Guid(ec770c6579d30024983f3e077788cddf) Importer(815301076,1909f56bfc062723c751e8b465ee728b)
Start importing Assets/Third-Party/Pastel Icons/resource/style01/shape047_style01_color04.png using Guid(ec770c6579d30024983f3e077788cddf) Importer(815301076,1909f56bfc062723c751e8b465ee728b) (PreviewImporter) -> (artifact id: '77a3edb37398275e3f6ccef86ac93457') in 0.0133809 seconds
Number of updated asset objects reloaded before import = 0Number of asset objects unloaded after import = 3

========================================================================
Received Import Request.
  Time since last request: 0.000016 seconds.
  path: Assets/Third-Party/Pastel Icons/resource/style01/shape047_style01_color02.png
  artifactKey: Guid(333b0d0dfa74c58488888092608cc4b4) Importer(815301076,1909f56bfc062723c751e8b465ee728b)
Start importing Assets/Third-Party/Pastel Icons/resource/style01/shape047_style01_color02.png using Guid(333b0d0dfa74c58488888092608cc4b4) Importer(815301076,1909f56bfc062723c751e8b465ee728b) (PreviewImporter) -> (artifact id: '9228938fbeebc6c8c9ee2d56094b89b1') in 0.0144091 seconds
Number of updated asset objects reloaded before import = 0Number of asset objects unloaded after import = 3

========================================================================
Received Import Request.
  Time since last request: 0.000018 seconds.
  path: Assets/Third-Party/Pastel Icons/resource/style03/shape046_style03_color06.png
  artifactKey: Guid(7825ebb254ee1e6409b444d71af2eb18) Importer(815301076,1909f56bfc062723c751e8b465ee728b)
Start importing Assets/Third-Party/Pastel Icons/resource/style03/shape046_style03_color06.png using Guid(7825ebb254ee1e6409b444d71af2eb18) Importer(815301076,1909f56bfc062723c751e8b465ee728b) (PreviewImporter) -> (artifact id: '97e024741a3329094b1242ee460b8898') in 0.0144195 seconds
Number of updated asset objects reloaded before import = 0Number of asset objects unloaded after import = 3

========================================================================
Received Import Request.
  Time since last request: 0.000017 seconds.
  path: Assets/Third-Party/Pastel Icons/resource/style03/shape046_style03_color04.png
  artifactKey: Guid(8db10a963da69a741bd7994ae7471210) Importer(815301076,1909f56bfc062723c751e8b465ee728b)
Start importing Assets/Third-Party/Pastel Icons/resource/style03/shape046_style03_color04.png using Guid(8db10a963da69a741bd7994ae7471210) Importer(815301076,1909f56bfc062723c751e8b465ee728b) (PreviewImporter) -> (artifact id: '8f0a0844916f22a2c328ac2ea0ce0d9d') in 0.0130657 seconds
Number of updated asset objects reloaded before import = 0Number of asset objects unloaded after import = 3

========================================================================
Received Import Request.
  Time since last request: 0.165750 seconds.
  path: Assets/Third-Party/Pastel Icons/resource/style01/shape047_style01_color07.png
  artifactKey: Guid(6261c70a69a2f87499198770fe8b2382) Importer(815301076,1909f56bfc062723c751e8b465ee728b)
Start importing Assets/Third-Party/Pastel Icons/resource/style01/shape047_style01_color07.png using Guid(6261c70a69a2f87499198770fe8b2382) Importer(815301076,1909f56bfc062723c751e8b465ee728b) (PreviewImporter) -> (artifact id: '63f34b1633371632af1f4357ecb718ad') in 0.0149185 seconds
Number of updated asset objects reloaded before import = 0Number of asset objects unloaded after import = 3

========================================================================
Received Import Request.
  Time since last request: 0.000016 seconds.
  path: Assets/Third-Party/Pastel Icons/resource/style01/shape047_style01_color11.png
  artifactKey: Guid(145a455bba0bd434cba306410cb8da67) Importer(815301076,1909f56bfc062723c751e8b465ee728b)
Start importing Assets/Third-Party/Pastel Icons/resource/style01/shape047_style01_color11.png using Guid(145a455bba0bd434cba306410cb8da67) Importer(815301076,1909f56bfc062723c751e8b465ee728b) (PreviewImporter) -> (artifact id: '9b9cd74f2513a47fcf45c599ad354335') in 0.0135508 seconds
Number of updated asset objects reloaded before import = 0Number of asset objects unloaded after import = 3

========================================================================
Received Import Request.
  Time since last request: 0.016132 seconds.
  path: Assets/Third-Party/Pastel Icons/resource/style01/shape047_style01_color12.png
  artifactKey: Guid(fb972503ec2d9f3448b3f9076b291f51) Importer(815301076,1909f56bfc062723c751e8b465ee728b)
Start importing Assets/Third-Party/Pastel Icons/resource/style01/shape047_style01_color12.png using Guid(fb972503ec2d9f3448b3f9076b291f51) Importer(815301076,1909f56bfc062723c751e8b465ee728b) (PreviewImporter) -> (artifact id: '0956adaca6fb67c561fa4ac6c1e62b24') in 0.0150458 seconds
Number of updated asset objects reloaded before import = 0Number of asset objects unloaded after import = 3

========================================================================
Received Import Request.
  Time since last request: 0.000014 seconds.
  path: Assets/Third-Party/Pastel Icons/resource/style02/shape047_style02_color09.png
  artifactKey: Guid(5fd186b421906bf47b818d87e633ddc6) Importer(815301076,1909f56bfc062723c751e8b465ee728b)
Start importing Assets/Third-Party/Pastel Icons/resource/style02/shape047_style02_color09.png using Guid(5fd186b421906bf47b818d87e633ddc6) Importer(815301076,1909f56bfc062723c751e8b465ee728b) (PreviewImporter) -> (artifact id: 'a13480aa6ccb890a76a9b576308485b8') in 0.0148816 seconds
Number of updated asset objects reloaded before import = 0Number of asset objects unloaded after import = 3

========================================================================
Received Import Request.
  Time since last request: 0.000015 seconds.
  path: Assets/Third-Party/Pastel Icons/resource/style02/shape047_style02_color05.png
  artifactKey: Guid(1220c67479894fc478aa457204dfd26e) Importer(815301076,1909f56bfc062723c751e8b465ee728b)
Start importing Assets/Third-Party/Pastel Icons/resource/style02/shape047_style02_color05.png using Guid(1220c67479894fc478aa457204dfd26e) Importer(815301076,1909f56bfc062723c751e8b465ee728b) (PreviewImporter) -> (artifact id: '35c31751f659eee49feaa655a1b825dc') in 0.0141818 seconds
Number of updated asset objects reloaded before import = 0Number of asset objects unloaded after import = 3

========================================================================
Received Import Request.
  Time since last request: 0.000016 seconds.
  path: Assets/Third-Party/Pastel Icons/resource/style02/shape047_style02_color10.png
  artifactKey: Guid(f27d3b3067d1c114e8262f64f2dd8e0e) Importer(815301076,1909f56bfc062723c751e8b465ee728b)
Start importing Assets/Third-Party/Pastel Icons/resource/style02/shape047_style02_color10.png using Guid(f27d3b3067d1c114e8262f64f2dd8e0e) Importer(815301076,1909f56bfc062723c751e8b465ee728b) (PreviewImporter) -> (artifact id: '14c1517f575016c04cbb2a424459ce1f') in 0.0143824 seconds
Number of updated asset objects reloaded before import = 0Number of asset objects unloaded after import = 3

========================================================================
Received Import Request.
  Time since last request: 0.000017 seconds.
  path: Assets/Third-Party/Pastel Icons/resource/style03/shape047_style03_color07.png
  artifactKey: Guid(8ea0f3eb9ac8d074a9197ea4ee508783) Importer(815301076,1909f56bfc062723c751e8b465ee728b)
Start importing Assets/Third-Party/Pastel Icons/resource/style03/shape047_style03_color07.png using Guid(8ea0f3eb9ac8d074a9197ea4ee508783) Importer(815301076,1909f56bfc062723c751e8b465ee728b) (PreviewImporter) -> (artifact id: '7aa9aae0b70a9928998f65960d61c2bd') in 0.0142943 seconds
Number of updated asset objects reloaded before import = 0Number of asset objects unloaded after import = 3

========================================================================
Received Import Request.
  Time since last request: 0.000018 seconds.
  path: Assets/Third-Party/Pastel Icons/resource/style03/shape047_style03_color04.png
  artifactKey: Guid(6282fee0f1adeb340b82eb70a584ff38) Importer(815301076,1909f56bfc062723c751e8b465ee728b)
Start importing Assets/Third-Party/Pastel Icons/resource/style03/shape047_style03_color04.png using Guid(6282fee0f1adeb340b82eb70a584ff38) Importer(815301076,1909f56bfc062723c751e8b465ee728b) (PreviewImporter) -> (artifact id: '94d8b46dc51607aaae78f569bd233f49') in 0.0197024 seconds
Number of updated asset objects reloaded before import = 0Number of asset objects unloaded after import = 3

========================================================================
Received Import Request.
  Time since last request: 0.000021 seconds.
  path: Assets/Third-Party/Pastel Icons/resource/style03/shape047_style03_color06.png
  artifactKey: Guid(cabae28421de25f4884d7a24e2d259d7) Importer(815301076,1909f56bfc062723c751e8b465ee728b)
Start importing Assets/Third-Party/Pastel Icons/resource/style03/shape047_style03_color06.png using Guid(cabae28421de25f4884d7a24e2d259d7) Importer(815301076,1909f56bfc062723c751e8b465ee728b) (PreviewImporter) -> (artifact id: 'c22743afc17ec71aa611af8cb4826dc3') in 0.0133666 seconds
Number of updated asset objects reloaded before import = 0Number of asset objects unloaded after import = 3

========================================================================
Received Import Request.
  Time since last request: 0.280359 seconds.
  path: Assets/Third-Party/Pastel Icons/resource/style03/shape047_style03_color08.png
  artifactKey: Guid(5b10f1ce83d7c7d44809b0114e698419) Importer(815301076,1909f56bfc062723c751e8b465ee728b)
Start importing Assets/Third-Party/Pastel Icons/resource/style03/shape047_style03_color08.png using Guid(5b10f1ce83d7c7d44809b0114e698419) Importer(815301076,1909f56bfc062723c751e8b465ee728b) (PreviewImporter) -> (artifact id: '946bf4cc6fb2dbc2d2bd44b13194cb0f') in 0.0158138 seconds
Number of updated asset objects reloaded before import = 0Number of asset objects unloaded after import = 3

========================================================================
Received Import Request.
  Time since last request: 0.000018 seconds.
  path: Assets/Third-Party/Pastel Icons/resource/style03/shape047_style03_color12.png
  artifactKey: Guid(952acbce43e05f240b1aaec40c6f97e4) Importer(815301076,1909f56bfc062723c751e8b465ee728b)
Start importing Assets/Third-Party/Pastel Icons/resource/style03/shape047_style03_color12.png using Guid(952acbce43e05f240b1aaec40c6f97e4) Importer(815301076,1909f56bfc062723c751e8b465ee728b) (PreviewImporter) -> (artifact id: '0afb99893fc27b2ececa41f233fda6fb') in 0.0155855 seconds
Number of updated asset objects reloaded before import = 0Number of asset objects unloaded after import = 3

========================================================================
Received Import Request.
  Time since last request: 0.000019 seconds.
  path: Assets/Third-Party/Pastel Icons/resource/style01/shape048_style01_color03.png
  artifactKey: Guid(fc21e1dd69d29064aa18a27e47e88f4c) Importer(815301076,1909f56bfc062723c751e8b465ee728b)
Start importing Assets/Third-Party/Pastel Icons/resource/style01/shape048_style01_color03.png using Guid(fc21e1dd69d29064aa18a27e47e88f4c) Importer(815301076,1909f56bfc062723c751e8b465ee728b) (PreviewImporter) -> (artifact id: '725a238b3c5a80a12ff5f57a39cefb9a') in 0.0154686 seconds
Number of updated asset objects reloaded before import = 0Number of asset objects unloaded after import = 3

========================================================================
Received Import Request.
  Time since last request: 0.006626 seconds.
  path: Assets/Third-Party/Pastel Icons/resource/style01/shape048_style01_color06.png
  artifactKey: Guid(c1ae33004239ecb4e9d3d9982a9e1cbc) Importer(815301076,1909f56bfc062723c751e8b465ee728b)
Start importing Assets/Third-Party/Pastel Icons/resource/style01/shape048_style01_color06.png using Guid(c1ae33004239ecb4e9d3d9982a9e1cbc) Importer(815301076,1909f56bfc062723c751e8b465ee728b) (PreviewImporter) -> (artifact id: 'd0273e138bd445a18ba06ec4aa056c8b') in 0.013532 seconds
Number of updated asset objects reloaded before import = 0Number of asset objects unloaded after import = 3

========================================================================
Received Import Request.
  Time since last request: 0.000018 seconds.
  path: Assets/Third-Party/Pastel Icons/resource/style01/shape048_style01_color08.png
  artifactKey: Guid(f32091aa55cd0db47ba121787e864a36) Importer(815301076,1909f56bfc062723c751e8b465ee728b)
Start importing Assets/Third-Party/Pastel Icons/resource/style01/shape048_style01_color08.png using Guid(f32091aa55cd0db47ba121787e864a36) Importer(815301076,1909f56bfc062723c751e8b465ee728b) (PreviewImporter) -> (artifact id: '7ab9fafb95931707d8960292465e5a15') in 0.0128164 seconds
Number of updated asset objects reloaded before import = 0Number of asset objects unloaded after import = 3

========================================================================
Received Import Request.
  Time since last request: 0.000016 seconds.
  path: Assets/Third-Party/Pastel Icons/resource/style01/shape048_style01_color12.png
  artifactKey: Guid(3ed5ffb4f7411f94c800afdbac127b70) Importer(815301076,1909f56bfc062723c751e8b465ee728b)
Start importing Assets/Third-Party/Pastel Icons/resource/style01/shape048_style01_color12.png using Guid(3ed5ffb4f7411f94c800afdbac127b70) Importer(815301076,1909f56bfc062723c751e8b465ee728b) (PreviewImporter) -> (artifact id: '60a103edff7607929730cd340ece128e') in 0.0145115 seconds
Number of updated asset objects reloaded before import = 0Number of asset objects unloaded after import = 3

========================================================================
Received Import Request.
  Time since last request: 0.000014 seconds.
  path: Assets/Third-Party/Pastel Icons/resource/style01/shape048_style01_color11.png
  artifactKey: Guid(01c6ccd0baa823d448b944fe38607cb3) Importer(815301076,1909f56bfc062723c751e8b465ee728b)
Start importing Assets/Third-Party/Pastel Icons/resource/style01/shape048_style01_color11.png using Guid(01c6ccd0baa823d448b944fe38607cb3) Importer(815301076,1909f56bfc062723c751e8b465ee728b) (PreviewImporter) -> (artifact id: 'efdf3cf4e244c3ca1d720be557159c84') in 0.0147046 seconds
Number of updated asset objects reloaded before import = 0Number of asset objects unloaded after import = 3

========================================================================
Received Import Request.
  Time since last request: 0.259129 seconds.
  path: Assets/Third-Party/Pastel Icons/resource/style02/shape048_style02_color04.png
  artifactKey: Guid(9e0d373483c4935408cfa3f461d77350) Importer(815301076,1909f56bfc062723c751e8b465ee728b)
Start importing Assets/Third-Party/Pastel Icons/resource/style02/shape048_style02_color04.png using Guid(9e0d373483c4935408cfa3f461d77350) Importer(815301076,1909f56bfc062723c751e8b465ee728b) (PreviewImporter) -> (artifact id: '17e50b1befba7a126e47de886f30909e') in 0.0156714 seconds
Number of updated asset objects reloaded before import = 0Number of asset objects unloaded after import = 3

========================================================================
Received Import Request.
  Time since last request: 0.000019 seconds.
  path: Assets/Third-Party/Pastel Icons/resource/style02/shape048_style02_color09.png
  artifactKey: Guid(30f800e8a5e47a54ab04947524b4ae93) Importer(815301076,1909f56bfc062723c751e8b465ee728b)
Start importing Assets/Third-Party/Pastel Icons/resource/style02/shape048_style02_color09.png using Guid(30f800e8a5e47a54ab04947524b4ae93) Importer(815301076,1909f56bfc062723c751e8b465ee728b) (PreviewImporter) -> (artifact id: '4803f5663b9e53a798df80af579c5076') in 0.0143891 seconds
Number of updated asset objects reloaded before import = 0Number of asset objects unloaded after import = 3

========================================================================
Received Import Request.
  Time since last request: 0.000018 seconds.
  path: Assets/Third-Party/Pastel Icons/resource/style02/shape048_style02_color11.png
  artifactKey: Guid(c1f81facecfc2b24e850d0ce64215b47) Importer(815301076,1909f56bfc062723c751e8b465ee728b)
Start importing Assets/Third-Party/Pastel Icons/resource/style02/shape048_style02_color11.png using Guid(c1f81facecfc2b24e850d0ce64215b47) Importer(815301076,1909f56bfc062723c751e8b465ee728b) (PreviewImporter) -> (artifact id: 'ef7cd9c446c680dcc1900141277a29a2') in 0.0142751 seconds
Number of updated asset objects reloaded before import = 0Number of asset objects unloaded after import = 3

========================================================================
Received Import Request.
  Time since last request: 0.000016 seconds.
  path: Assets/Third-Party/Pastel Icons/resource/style02/shape048_style02_color12.png
  artifactKey: Guid(4af07adca65ce3649a164cebd900f56a) Importer(815301076,1909f56bfc062723c751e8b465ee728b)
Start importing Assets/Third-Party/Pastel Icons/resource/style02/shape048_style02_color12.png using Guid(4af07adca65ce3649a164cebd900f56a) Importer(815301076,1909f56bfc062723c751e8b465ee728b) (PreviewImporter) -> (artifact id: '77cc7dacd5e1f57f16e49952cf14f4eb') in 0.0124987 seconds
Number of updated asset objects reloaded before import = 0Number of asset objects unloaded after import = 3

========================================================================
Received Import Request.
  Time since last request: 0.008228 seconds.
  path: Assets/Third-Party/Pastel Icons/resource/style03/shape048_style03_color02.png
  artifactKey: Guid(afb2ce4ae47448c4481a707b49448d1c) Importer(815301076,1909f56bfc062723c751e8b465ee728b)
Start importing Assets/Third-Party/Pastel Icons/resource/style03/shape048_style03_color02.png using Guid(afb2ce4ae47448c4481a707b49448d1c) Importer(815301076,1909f56bfc062723c751e8b465ee728b) (PreviewImporter) -> (artifact id: 'b666380d7ff60e28a33636eefc2bc622') in 0.0150763 seconds
Number of updated asset objects reloaded before import = 0Number of asset objects unloaded after import = 3

========================================================================
Received Import Request.
  Time since last request: 0.000016 seconds.
  path: Assets/Third-Party/Pastel Icons/resource/style03/shape048_style03_color05.png
  artifactKey: Guid(42fe1207858636e4e9e886cbd183594e) Importer(815301076,1909f56bfc062723c751e8b465ee728b)
Start importing Assets/Third-Party/Pastel Icons/resource/style03/shape048_style03_color05.png using Guid(42fe1207858636e4e9e886cbd183594e) Importer(815301076,1909f56bfc062723c751e8b465ee728b) (PreviewImporter) -> (artifact id: '40717e5792b0f63d9b2f2f78b59a85bf') in 0.0143501 seconds
Number of updated asset objects reloaded before import = 0Number of asset objects unloaded after import = 3

========================================================================
Received Import Request.
  Time since last request: 0.000017 seconds.
  path: Assets/Third-Party/Pastel Icons/resource/style03/shape048_style03_color11.png
  artifactKey: Guid(da1a8646191eaf34295b2db909be35a1) Importer(815301076,1909f56bfc062723c751e8b465ee728b)
Start importing Assets/Third-Party/Pastel Icons/resource/style03/shape048_style03_color11.png using Guid(da1a8646191eaf34295b2db909be35a1) Importer(815301076,1909f56bfc062723c751e8b465ee728b) (PreviewImporter) -> (artifact id: '974ff2399da132b98c9ec6f5a91de2f4') in 0.0345513 seconds
Number of updated asset objects reloaded before import = 0Number of asset objects unloaded after import = 3

========================================================================
Received Import Request.
  Time since last request: 0.000017 seconds.
  path: Assets/Third-Party/Pastel Icons/resource/style01/shape049_style01_color04.png
  artifactKey: Guid(2938989e69a6db74ab8b3c711ce73781) Importer(815301076,1909f56bfc062723c751e8b465ee728b)
Start importing Assets/Third-Party/Pastel Icons/resource/style01/shape049_style01_color04.png using Guid(2938989e69a6db74ab8b3c711ce73781) Importer(815301076,1909f56bfc062723c751e8b465ee728b) (PreviewImporter) -> (artifact id: 'f1120bb2998a47289a1b177dc8dd578a') in 0.0119114 seconds
Number of updated asset objects reloaded before import = 0Number of asset objects unloaded after import = 3

========================================================================
Received Import Request.
  Time since last request: 0.000018 seconds.
  path: Assets/Third-Party/Pastel Icons/resource/style01/shape049_style01_color03.png
  artifactKey: Guid(19f4c1c439ecf0c449fc7b8ff0363487) Importer(815301076,1909f56bfc062723c751e8b465ee728b)
Start importing Assets/Third-Party/Pastel Icons/resource/style01/shape049_style01_color03.png using Guid(19f4c1c439ecf0c449fc7b8ff0363487) Importer(815301076,1909f56bfc062723c751e8b465ee728b) (PreviewImporter) -> (artifact id: '4742f7fb88ae1878e14c299edb1d13cc') in 0.0126447 seconds
Number of updated asset objects reloaded before import = 0Number of asset objects unloaded after import = 3

========================================================================
Received Import Request.
  Time since last request: 0.259689 seconds.
  path: Assets/Third-Party/Pastel Icons/resource/style01/shape049_style01_color05.png
  artifactKey: Guid(575b79aa7baae8b48aa795539e5c085e) Importer(815301076,1909f56bfc062723c751e8b465ee728b)
Start importing Assets/Third-Party/Pastel Icons/resource/style01/shape049_style01_color05.png using Guid(575b79aa7baae8b48aa795539e5c085e) Importer(815301076,1909f56bfc062723c751e8b465ee728b) (PreviewImporter) -> (artifact id: '48ad73b347defda276232ee2047ecc99') in 0.0155422 seconds
Number of updated asset objects reloaded before import = 0Number of asset objects unloaded after import = 3

========================================================================
Received Import Request.
  Time since last request: 0.000018 seconds.
  path: Assets/Third-Party/Pastel Icons/resource/style01/shape049_style01_color08.png
  artifactKey: Guid(213611df5ed8c434291c2e0d333ec1a9) Importer(815301076,1909f56bfc062723c751e8b465ee728b)
Start importing Assets/Third-Party/Pastel Icons/resource/style01/shape049_style01_color08.png using Guid(213611df5ed8c434291c2e0d333ec1a9) Importer(815301076,1909f56bfc062723c751e8b465ee728b) (PreviewImporter) -> (artifact id: '32be9221044510c6faad8a998228510c') in 0.01479 seconds
Number of updated asset objects reloaded before import = 0Number of asset objects unloaded after import = 3

========================================================================
Received Import Request.
  Time since last request: 0.000018 seconds.
  path: Assets/Third-Party/Pastel Icons/resource/style02/shape049_style02_color02.png
  artifactKey: Guid(558ca9cb9c3afc84692c9377a7d81b2c) Importer(815301076,1909f56bfc062723c751e8b465ee728b)
Start importing Assets/Third-Party/Pastel Icons/resource/style02/shape049_style02_color02.png using Guid(558ca9cb9c3afc84692c9377a7d81b2c) Importer(815301076,1909f56bfc062723c751e8b465ee728b) (PreviewImporter) -> (artifact id: '39dbaff6d125abd4eee1ee0f2753a26c') in 0.0146098 seconds
Number of updated asset objects reloaded before import = 0Number of asset objects unloaded after import = 3

========================================================================
Received Import Request.
  Time since last request: 0.000019 seconds.
  path: Assets/Third-Party/Pastel Icons/resource/style02/shape049_style02_color04.png
  artifactKey: Guid(5165b9aefcb89d648ab5bc8550defcd4) Importer(815301076,1909f56bfc062723c751e8b465ee728b)
Start importing Assets/Third-Party/Pastel Icons/resource/style02/shape049_style02_color04.png using Guid(5165b9aefcb89d648ab5bc8550defcd4) Importer(815301076,1909f56bfc062723c751e8b465ee728b) (PreviewImporter) -> (artifact id: '9f22b829342f05cf2e4425abb2a30708') in 0.014151 seconds
Number of updated asset objects reloaded before import = 0Number of asset objects unloaded after import = 3

========================================================================
Received Import Request.
  Time since last request: 0.000016 seconds.
  path: Assets/Third-Party/Pastel Icons/resource/style02/shape049_style02_color06.png
  artifactKey: Guid(ac0839a8c834490468684cb838aef073) Importer(815301076,1909f56bfc062723c751e8b465ee728b)
Start importing Assets/Third-Party/Pastel Icons/resource/style02/shape049_style02_color06.png using Guid(ac0839a8c834490468684cb838aef073) Importer(815301076,1909f56bfc062723c751e8b465ee728b) (PreviewImporter) -> (artifact id: '25b0075c5cd540e454939429418b3441') in 0.014076 seconds
Number of updated asset objects reloaded before import = 0Number of asset objects unloaded after import = 3

========================================================================
Received Import Request.
  Time since last request: 0.000015 seconds.
  path: Assets/Third-Party/Pastel Icons/resource/style02/shape049_style02_color11.png
  artifactKey: Guid(a2792ac8f93202b45bbbf1b2c15b6290) Importer(815301076,1909f56bfc062723c751e8b465ee728b)
Start importing Assets/Third-Party/Pastel Icons/resource/style02/shape049_style02_color11.png using Guid(a2792ac8f93202b45bbbf1b2c15b6290) Importer(815301076,1909f56bfc062723c751e8b465ee728b) (PreviewImporter) -> (artifact id: '18fb0b06a1764f699112890e268197b5') in 0.0141917 seconds
Number of updated asset objects reloaded before import = 0Number of asset objects unloaded after import = 3

========================================================================
Received Import Request.
  Time since last request: 0.000016 seconds.
  path: Assets/Third-Party/Pastel Icons/resource/style02/shape049_style02_color10.png
  artifactKey: Guid(57c4daee919014d49b0d7269da49e58e) Importer(815301076,1909f56bfc062723c751e8b465ee728b)
Start importing Assets/Third-Party/Pastel Icons/resource/style02/shape049_style02_color10.png using Guid(57c4daee919014d49b0d7269da49e58e) Importer(815301076,1909f56bfc062723c751e8b465ee728b) (PreviewImporter) -> (artifact id: '66ab2c8a87c4111876355beca0ab51b3') in 0.0139723 seconds
Number of updated asset objects reloaded before import = 0Number of asset objects unloaded after import = 3

========================================================================
Received Import Request.
  Time since last request: 0.274974 seconds.
  path: Assets/Third-Party/Pastel Icons/resource/style03/shape049_style03_color01.png
  artifactKey: Guid(ae9ef92606f90334a8f8e6bfc8663cce) Importer(815301076,1909f56bfc062723c751e8b465ee728b)
Start importing Assets/Third-Party/Pastel Icons/resource/style03/shape049_style03_color01.png using Guid(ae9ef92606f90334a8f8e6bfc8663cce) Importer(815301076,1909f56bfc062723c751e8b465ee728b) (PreviewImporter) -> (artifact id: '90abd3053dae7ab1da64d8ef6400c57b') in 0.0160873 seconds
Number of updated asset objects reloaded before import = 0Number of asset objects unloaded after import = 3

========================================================================
Received Import Request.
  Time since last request: 0.000017 seconds.
  path: Assets/Third-Party/Pastel Icons/resource/style03/shape049_style03_color10.png
  artifactKey: Guid(07fa97f0f4036c242a542a34e1d97ed3) Importer(815301076,1909f56bfc062723c751e8b465ee728b)
Start importing Assets/Third-Party/Pastel Icons/resource/style03/shape049_style03_color10.png using Guid(07fa97f0f4036c242a542a34e1d97ed3) Importer(815301076,1909f56bfc062723c751e8b465ee728b) (PreviewImporter) -> (artifact id: '34c629297829c212bf296fc9be15b44a') in 0.0151613 seconds
Number of updated asset objects reloaded before import = 0Number of asset objects unloaded after import = 3

========================================================================
Received Import Request.
  Time since last request: 0.000019 seconds.
  path: Assets/Third-Party/Pastel Icons/resource/style03/shape049_style03_color09.png
  artifactKey: Guid(fa787b46d80dbfb46a48d33ba4b512b7) Importer(815301076,1909f56bfc062723c751e8b465ee728b)
Start importing Assets/Third-Party/Pastel Icons/resource/style03/shape049_style03_color09.png using Guid(fa787b46d80dbfb46a48d33ba4b512b7) Importer(815301076,1909f56bfc062723c751e8b465ee728b) (PreviewImporter) -> (artifact id: '571616d0f2fcb4ddd8089a778e9925ae') in 0.0145334 seconds
Number of updated asset objects reloaded before import = 0Number of asset objects unloaded after import = 3

========================================================================
Received Import Request.
  Time since last request: 0.000020 seconds.
  path: Assets/Third-Party/Pastel Icons/resource/style03/shape049_style03_color08.png
  artifactKey: Guid(ba8ad9805b16b1f4aa1dd19fd75e698c) Importer(815301076,1909f56bfc062723c751e8b465ee728b)
Start importing Assets/Third-Party/Pastel Icons/resource/style03/shape049_style03_color08.png using Guid(ba8ad9805b16b1f4aa1dd19fd75e698c) Importer(815301076,1909f56bfc062723c751e8b465ee728b) (PreviewImporter) -> (artifact id: '31018d086d25f9434c44838406f0c95b') in 0.0131171 seconds
Number of updated asset objects reloaded before import = 0Number of asset objects unloaded after import = 3

========================================================================
Received Import Request.
  Time since last request: 0.000121 seconds.
  path: Assets/Third-Party/Pastel Icons/resource/style03/shape049_style03_color12.png
  artifactKey: Guid(7f5a2f1548fac8e49b5f03296773f8d4) Importer(815301076,1909f56bfc062723c751e8b465ee728b)
Start importing Assets/Third-Party/Pastel Icons/resource/style03/shape049_style03_color12.png using Guid(7f5a2f1548fac8e49b5f03296773f8d4) Importer(815301076,1909f56bfc062723c751e8b465ee728b) (PreviewImporter) -> (artifact id: '81b6f8aa8100614d65f2cb0c5c185659') in 0.0136854 seconds
Number of updated asset objects reloaded before import = 0Number of asset objects unloaded after import = 3

========================================================================
Received Import Request.
  Time since last request: 0.000017 seconds.
  path: Assets/Third-Party/Pastel Icons/resource/style01/shape050_style01_color02.png
  artifactKey: Guid(8de495b6f041af949b03240dd50a5a46) Importer(815301076,1909f56bfc062723c751e8b465ee728b)
Start importing Assets/Third-Party/Pastel Icons/resource/style01/shape050_style01_color02.png using Guid(8de495b6f041af949b03240dd50a5a46) Importer(815301076,1909f56bfc062723c751e8b465ee728b) (PreviewImporter) -> (artifact id: '2634de096723f7f49da8f9c1ab54bf2a') in 0.0128651 seconds
Number of updated asset objects reloaded before import = 0Number of asset objects unloaded after import = 3

========================================================================
Received Import Request.
  Time since last request: 0.000041 seconds.
  path: Assets/Third-Party/Pastel Icons/resource/style01/shape050_style01_color05.png
  artifactKey: Guid(0f2d1a7378303f740aece28ff996a3c3) Importer(815301076,1909f56bfc062723c751e8b465ee728b)
Start importing Assets/Third-Party/Pastel Icons/resource/style01/shape050_style01_color05.png using Guid(0f2d1a7378303f740aece28ff996a3c3) Importer(815301076,1909f56bfc062723c751e8b465ee728b) (PreviewImporter) -> (artifact id: 'd33ee0cb73c8ace0da716e4e34c780e3') in 0.0138543 seconds
Number of updated asset objects reloaded before import = 0Number of asset objects unloaded after import = 3

========================================================================
Received Import Request.
  Time since last request: 0.000016 seconds.
  path: Assets/Third-Party/Pastel Icons/resource/style01/shape050_style01_color07.png
  artifactKey: Guid(7290e118f9d88b94d86d25fb18d2088c) Importer(815301076,1909f56bfc062723c751e8b465ee728b)
Start importing Assets/Third-Party/Pastel Icons/resource/style01/shape050_style01_color07.png using Guid(7290e118f9d88b94d86d25fb18d2088c) Importer(815301076,1909f56bfc062723c751e8b465ee728b) (PreviewImporter) -> (artifact id: 'dac3702cf62003a10e6e23a18949769a') in 0.0130245 seconds
Number of updated asset objects reloaded before import = 0Number of asset objects unloaded after import = 3

========================================================================
Received Import Request.
  Time since last request: 0.221653 seconds.
  path: Assets/Third-Party/Pastel Icons/resource/style01/shape050_style01_color09.png
  artifactKey: Guid(b26d973e1ba89e3479bf6b98bd706b83) Importer(815301076,1909f56bfc062723c751e8b465ee728b)
Start importing Assets/Third-Party/Pastel Icons/resource/style01/shape050_style01_color09.png using Guid(b26d973e1ba89e3479bf6b98bd706b83) Importer(815301076,1909f56bfc062723c751e8b465ee728b) (PreviewImporter) -> (artifact id: 'c1fc8f1828c839e54c042ccb19911be0') in 0.0156542 seconds
Number of updated asset objects reloaded before import = 0Number of asset objects unloaded after import = 3

========================================================================
Received Import Request.
  Time since last request: 0.000015 seconds.
  path: Assets/Third-Party/Pastel Icons/resource/style02/shape050_style02_color01.png
  artifactKey: Guid(f23948b01a0c959409a23366216c4872) Importer(815301076,1909f56bfc062723c751e8b465ee728b)
Start importing Assets/Third-Party/Pastel Icons/resource/style02/shape050_style02_color01.png using Guid(f23948b01a0c959409a23366216c4872) Importer(815301076,1909f56bfc062723c751e8b465ee728b) (PreviewImporter) -> (artifact id: '8750b97deb6cce39911996d9345541e6') in 0.0131544 seconds
Number of updated asset objects reloaded before import = 0Number of asset objects unloaded after import = 3

========================================================================
Received Import Request.
  Time since last request: 0.016723 seconds.
  path: Assets/Third-Party/Pastel Icons/resource/style02/shape050_style02_color02.png
  artifactKey: Guid(9fdde2b4c24bd06479af1321d9a030e3) Importer(815301076,1909f56bfc062723c751e8b465ee728b)
Start importing Assets/Third-Party/Pastel Icons/resource/style02/shape050_style02_color02.png using Guid(9fdde2b4c24bd06479af1321d9a030e3) Importer(815301076,1909f56bfc062723c751e8b465ee728b) (PreviewImporter) -> (artifact id: '400532dc0707d7a3fd17e1611a4fb5d7') in 0.0196985 seconds
Number of updated asset objects reloaded before import = 0Number of asset objects unloaded after import = 3

========================================================================
Received Import Request.
  Time since last request: 0.000018 seconds.
  path: Assets/Third-Party/Pastel Icons/resource/style02/shape050_style02_color12.png
  artifactKey: Guid(e10d18c283f92dc45bae83c3fe28f6f9) Importer(815301076,1909f56bfc062723c751e8b465ee728b)
Start importing Assets/Third-Party/Pastel Icons/resource/style02/shape050_style02_color12.png using Guid(e10d18c283f92dc45bae83c3fe28f6f9) Importer(815301076,1909f56bfc062723c751e8b465ee728b) (PreviewImporter) -> (artifact id: '7e18851d23963ac2947beeafac45c5ff') in 0.0145384 seconds
Number of updated asset objects reloaded before import = 0Number of asset objects unloaded after import = 3

========================================================================
Received Import Request.
  Time since last request: 0.000018 seconds.
  path: Assets/Third-Party/Pastel Icons/resource/style03/shape050_style03_color02.png
  artifactKey: Guid(839a298edffc69441b46070adbfbc1b2) Importer(815301076,1909f56bfc062723c751e8b465ee728b)
Start importing Assets/Third-Party/Pastel Icons/resource/style03/shape050_style03_color02.png using Guid(839a298edffc69441b46070adbfbc1b2) Importer(815301076,1909f56bfc062723c751e8b465ee728b) (PreviewImporter) -> (artifact id: '4c25acfa38a0d70eeeb578d6768a66eb') in 0.0143389 seconds
Number of updated asset objects reloaded before import = 0Number of asset objects unloaded after import = 3

========================================================================
Received Import Request.
  Time since last request: 0.000015 seconds.
  path: Assets/Third-Party/Pastel Icons/resource/style03/shape050_style03_color01.png
  artifactKey: Guid(46cc199bc2807fa42944daf141b8d58e) Importer(815301076,1909f56bfc062723c751e8b465ee728b)
Start importing Assets/Third-Party/Pastel Icons/resource/style03/shape050_style03_color01.png using Guid(46cc199bc2807fa42944daf141b8d58e) Importer(815301076,1909f56bfc062723c751e8b465ee728b) (PreviewImporter) -> (artifact id: '4d1cdd99a500ab0d7bc04e1202df3f62') in 0.0148917 seconds
Number of updated asset objects reloaded before import = 0Number of asset objects unloaded after import = 3

========================================================================
Received Import Request.
  Time since last request: 0.000017 seconds.
  path: Assets/Third-Party/Pastel Icons/resource/style03/shape050_style03_color08.png
  artifactKey: Guid(7f744f35d6f2bee4cbaa836a4081c2cc) Importer(815301076,1909f56bfc062723c751e8b465ee728b)
Start importing Assets/Third-Party/Pastel Icons/resource/style03/shape050_style03_color08.png using Guid(7f744f35d6f2bee4cbaa836a4081c2cc) Importer(815301076,1909f56bfc062723c751e8b465ee728b) (PreviewImporter) -> (artifact id: '63acf1a6684d74b6c54ae56fec27372f') in 0.0137625 seconds
Number of updated asset objects reloaded before import = 0Number of asset objects unloaded after import = 3

========================================================================
Received Import Request.
  Time since last request: 0.000026 seconds.
  path: Assets/Third-Party/Pastel Icons/resource/style02/shape050_style02_color05.png
  artifactKey: Guid(4df8be345a7cead4a915b94cc3b79cf6) Importer(815301076,1909f56bfc062723c751e8b465ee728b)
Start importing Assets/Third-Party/Pastel Icons/resource/style02/shape050_style02_color05.png using Guid(4df8be345a7cead4a915b94cc3b79cf6) Importer(815301076,1909f56bfc062723c751e8b465ee728b) (PreviewImporter) -> (artifact id: '0cf902692c2c4988ecea356bc0c6e007') in 0.0146533 seconds
Number of updated asset objects reloaded before import = 0Number of asset objects unloaded after import = 3

========================================================================
Received Import Request.
  Time since last request: 0.206219 seconds.
  path: Assets/Third-Party/Pastel Icons/resource/style03/shape050_style03_color10.png
  artifactKey: Guid(65d77a8a038626243bdfdde6ff88eb20) Importer(815301076,1909f56bfc062723c751e8b465ee728b)
Start importing Assets/Third-Party/Pastel Icons/resource/style03/shape050_style03_color10.png using Guid(65d77a8a038626243bdfdde6ff88eb20) Importer(815301076,1909f56bfc062723c751e8b465ee728b) (PreviewImporter) -> (artifact id: '71f167a407d7a01163c14346f7c0af5d') in 0.0150463 seconds
Number of updated asset objects reloaded before import = 0Number of asset objects unloaded after import = 3

========================================================================
Received Import Request.
  Time since last request: 0.000015 seconds.
  path: Assets/Third-Party/Pastel Icons/resource/style01/shape051_style01_color02.png
  artifactKey: Guid(9f2f06bd8d2e39f49a8a9f440b99df93) Importer(815301076,1909f56bfc062723c751e8b465ee728b)
Start importing Assets/Third-Party/Pastel Icons/resource/style01/shape051_style01_color02.png using Guid(9f2f06bd8d2e39f49a8a9f440b99df93) Importer(815301076,1909f56bfc062723c751e8b465ee728b) (PreviewImporter) -> (artifact id: '5803be1bc22a8f33e40c68f7e48fd595') in 0.0144806 seconds
Number of updated asset objects reloaded before import = 0Number of asset objects unloaded after import = 3

========================================================================
Received Import Request.
  Time since last request: 0.000016 seconds.
  path: Assets/Third-Party/Pastel Icons/resource/style01/shape051_style01_color07.png
  artifactKey: Guid(6288e053e41a3a44bad7eafb9209fdbc) Importer(815301076,1909f56bfc062723c751e8b465ee728b)
Start importing Assets/Third-Party/Pastel Icons/resource/style01/shape051_style01_color07.png using Guid(6288e053e41a3a44bad7eafb9209fdbc) Importer(815301076,1909f56bfc062723c751e8b465ee728b) (PreviewImporter) -> (artifact id: 'a3a07dcec9a800f0b90c556daf7072e0') in 0.0142585 seconds
Number of updated asset objects reloaded before import = 0Number of asset objects unloaded after import = 3

========================================================================
Received Import Request.
  Time since last request: 0.000016 seconds.
  path: Assets/Third-Party/Pastel Icons/resource/style01/shape051_style01_color05.png
  artifactKey: Guid(c62554192ce0c944c90c7ec04f4b4fa1) Importer(815301076,1909f56bfc062723c751e8b465ee728b)
Start importing Assets/Third-Party/Pastel Icons/resource/style01/shape051_style01_color05.png using Guid(c62554192ce0c944c90c7ec04f4b4fa1) Importer(815301076,1909f56bfc062723c751e8b465ee728b) (PreviewImporter) -> (artifact id: 'e90cebf39f60121a60126d9eb2f1f4e3') in 0.0125898 seconds
Number of updated asset objects reloaded before import = 0Number of asset objects unloaded after import = 3

========================================================================
Received Import Request.
  Time since last request: 0.000015 seconds.
  path: Assets/Third-Party/Pastel Icons/resource/style01/shape051_style01_color11.png
  artifactKey: Guid(f564d9977d0a3cf46ad1ca924010464d) Importer(815301076,1909f56bfc062723c751e8b465ee728b)
Start importing Assets/Third-Party/Pastel Icons/resource/style01/shape051_style01_color11.png using Guid(f564d9977d0a3cf46ad1ca924010464d) Importer(815301076,1909f56bfc062723c751e8b465ee728b) (PreviewImporter) -> (artifact id: '33dbbe278091c41beaef9de2e17b9a26') in 0.0134693 seconds
Number of updated asset objects reloaded before import = 0Number of asset objects unloaded after import = 3

========================================================================
Received Import Request.
  Time since last request: 0.002919 seconds.
  path: Assets/Third-Party/Pastel Icons/resource/style02/shape051_style02_color01.png
  artifactKey: Guid(adcad0fb9bca5194b9d244bcc75deb79) Importer(815301076,1909f56bfc062723c751e8b465ee728b)
Start importing Assets/Third-Party/Pastel Icons/resource/style02/shape051_style02_color01.png using Guid(adcad0fb9bca5194b9d244bcc75deb79) Importer(815301076,1909f56bfc062723c751e8b465ee728b) (PreviewImporter) -> (artifact id: '266f0921d31f53bd7bb62d4ce290c095') in 0.0124356 seconds
Number of updated asset objects reloaded before import = 0Number of asset objects unloaded after import = 3

========================================================================
Received Import Request.
  Time since last request: 0.000019 seconds.
  path: Assets/Third-Party/Pastel Icons/resource/style02/shape051_style02_color03.png
  artifactKey: Guid(44130c7925abbb446bed10230e14bf07) Importer(815301076,1909f56bfc062723c751e8b465ee728b)
Start importing Assets/Third-Party/Pastel Icons/resource/style02/shape051_style02_color03.png using Guid(44130c7925abbb446bed10230e14bf07) Importer(815301076,1909f56bfc062723c751e8b465ee728b) (PreviewImporter) -> (artifact id: '062d80a10b228f0bf6975bfec39d2cfd') in 0.0118336 seconds
Number of updated asset objects reloaded before import = 0Number of asset objects unloaded after import = 3

========================================================================
Received Import Request.
  Time since last request: 0.000023 seconds.
  path: Assets/Third-Party/Pastel Icons/resource/style02/shape051_style02_color09.png
  artifactKey: Guid(096a364f5c0ca3a4f8d4ec98004b2f61) Importer(815301076,1909f56bfc062723c751e8b465ee728b)
Start importing Assets/Third-Party/Pastel Icons/resource/style02/shape051_style02_color09.png using Guid(096a364f5c0ca3a4f8d4ec98004b2f61) Importer(815301076,1909f56bfc062723c751e8b465ee728b) (PreviewImporter) -> (artifact id: 'cfc6a0eb2f07b8c3429cec233064249c') in 0.0138573 seconds
Number of updated asset objects reloaded before import = 0Number of asset objects unloaded after import = 3

========================================================================
Received Import Request.
  Time since last request: 0.000019 seconds.
  path: Assets/Third-Party/Pastel Icons/resource/style02/shape051_style02_color06.png
  artifactKey: Guid(dcab9cb9234817b48b52fdcf912de4c1) Importer(815301076,1909f56bfc062723c751e8b465ee728b)
Start importing Assets/Third-Party/Pastel Icons/resource/style02/shape051_style02_color06.png using Guid(dcab9cb9234817b48b52fdcf912de4c1) Importer(815301076,1909f56bfc062723c751e8b465ee728b) (PreviewImporter) -> (artifact id: 'a7bdd125b5f80f3ae7bc618d738c93aa') in 0.0146161 seconds
Number of updated asset objects reloaded before import = 0Number of asset objects unloaded after import = 3

========================================================================
Received Import Request.
  Time since last request: 0.207411 seconds.
  path: Assets/Third-Party/Pastel Icons/resource/style02/shape051_style02_color11.png
  artifactKey: Guid(a4fa9c394878c2d4b8a9a5279cccfdbc) Importer(815301076,1909f56bfc062723c751e8b465ee728b)
Start importing Assets/Third-Party/Pastel Icons/resource/style02/shape051_style02_color11.png using Guid(a4fa9c394878c2d4b8a9a5279cccfdbc) Importer(815301076,1909f56bfc062723c751e8b465ee728b) (PreviewImporter) -> (artifact id: '1af72053b673204ec3be683856a0c231') in 0.01608 seconds
Number of updated asset objects reloaded before import = 0Number of asset objects unloaded after import = 3

========================================================================
Received Import Request.
  Time since last request: 0.000014 seconds.
  path: Assets/Third-Party/Pastel Icons/resource/style03/shape051_style03_color04.png
  artifactKey: Guid(d72486990a2f25949beb2158cfb62a17) Importer(815301076,1909f56bfc062723c751e8b465ee728b)
Start importing Assets/Third-Party/Pastel Icons/resource/style03/shape051_style03_color04.png using Guid(d72486990a2f25949beb2158cfb62a17) Importer(815301076,1909f56bfc062723c751e8b465ee728b) (PreviewImporter) -> (artifact id: 'e33e33a82ffc9dcaa070e2b3bcc744fa') in 0.0142921 seconds
Number of updated asset objects reloaded before import = 0Number of asset objects unloaded after import = 3

========================================================================
Received Import Request.
  Time since last request: 0.000017 seconds.
  path: Assets/Third-Party/Pastel Icons/resource/style03/shape051_style03_color03.png
  artifactKey: Guid(6ddabb9bb3fa0ee44822abf65b9d48c4) Importer(815301076,1909f56bfc062723c751e8b465ee728b)
Start importing Assets/Third-Party/Pastel Icons/resource/style03/shape051_style03_color03.png using Guid(6ddabb9bb3fa0ee44822abf65b9d48c4) Importer(815301076,1909f56bfc062723c751e8b465ee728b) (PreviewImporter) -> (artifact id: '4c943581a1f1f4edec5a7cdbcd7f63b1') in 0.0150712 seconds
Number of updated asset objects reloaded before import = 0Number of asset objects unloaded after import = 3

========================================================================
Received Import Request.
  Time since last request: 0.000016 seconds.
  path: Assets/Third-Party/Pastel Icons/resource/style03/shape051_style03_color07.png
  artifactKey: Guid(bc8d151b56837eb42a3eaa56682bf73e) Importer(815301076,1909f56bfc062723c751e8b465ee728b)
Start importing Assets/Third-Party/Pastel Icons/resource/style03/shape051_style03_color07.png using Guid(bc8d151b56837eb42a3eaa56682bf73e) Importer(815301076,1909f56bfc062723c751e8b465ee728b) (PreviewImporter) -> (artifact id: '0b3ccac5afef9a61f61cd2e473209350') in 0.0163908 seconds
Number of updated asset objects reloaded before import = 0Number of asset objects unloaded after import = 3

========================================================================
Received Import Request.
  Time since last request: 0.000016 seconds.
  path: Assets/Third-Party/Pastel Icons/resource/style01/shape052_style01_color01.png
  artifactKey: Guid(97976801dc2bcfb4692697bdfc6c7f73) Importer(815301076,1909f56bfc062723c751e8b465ee728b)
Start importing Assets/Third-Party/Pastel Icons/resource/style01/shape052_style01_color01.png using Guid(97976801dc2bcfb4692697bdfc6c7f73) Importer(815301076,1909f56bfc062723c751e8b465ee728b) (PreviewImporter) -> (artifact id: '59204abba9d37c746327e0d8b1f63af6') in 0.4295365 seconds
Number of updated asset objects reloaded before import = 0Number of asset objects unloaded after import = 3

========================================================================
Received Import Request.
  Time since last request: 0.000023 seconds.
  path: Assets/Third-Party/Pastel Icons/resource/style01/shape052_style01_color12.png
  artifactKey: Guid(cbcbb440701fbf8449f3786c2be36afe) Importer(815301076,1909f56bfc062723c751e8b465ee728b)
Start importing Assets/Third-Party/Pastel Icons/resource/style01/shape052_style01_color12.png using Guid(cbcbb440701fbf8449f3786c2be36afe) Importer(815301076,1909f56bfc062723c751e8b465ee728b) (PreviewImporter) -> (artifact id: '55238bf52eca15f093c98964900de15f') in 0.1694771 seconds
Number of updated asset objects reloaded before import = 0Number of asset objects unloaded after import = 3

========================================================================
Received Import Request.
  Time since last request: 0.000031 seconds.
  path: Assets/Third-Party/Pastel Icons/resource/style02/shape052_style02_color09.png
  artifactKey: Guid(90181e90abe087b4a87a9012092a3908) Importer(815301076,1909f56bfc062723c751e8b465ee728b)
Start importing Assets/Third-Party/Pastel Icons/resource/style02/shape052_style02_color09.png using Guid(90181e90abe087b4a87a9012092a3908) Importer(815301076,1909f56bfc062723c751e8b465ee728b) (PreviewImporter) -> (artifact id: '32ca851b5f828baa33479b8c9248a62b') in 0.0140768 seconds
Number of updated asset objects reloaded before import = 0Number of asset objects unloaded after import = 3

========================================================================
Received Import Request.
  Time since last request: 0.000017 seconds.
  path: Assets/Third-Party/Pastel Icons/resource/style03/shape052_style03_color06.png
  artifactKey: Guid(a6461ffdca583c24d954982b7b055461) Importer(815301076,1909f56bfc062723c751e8b465ee728b)
Start importing Assets/Third-Party/Pastel Icons/resource/style03/shape052_style03_color06.png using Guid(a6461ffdca583c24d954982b7b055461) Importer(815301076,1909f56bfc062723c751e8b465ee728b) (PreviewImporter) -> (artifact id: '6979c5710cd0fba5596a175f3f7b8fc6') in 0.072178 seconds
Number of updated asset objects reloaded before import = 0Number of asset objects unloaded after import = 3

========================================================================
Received Import Request.
  Time since last request: 0.000018 seconds.
  path: Assets/Third-Party/Pastel Icons/resource/style01/shape053_style01_color08.png
  artifactKey: Guid(88364600a233e3d448e377f4657d6a7b) Importer(815301076,1909f56bfc062723c751e8b465ee728b)
Start importing Assets/Third-Party/Pastel Icons/resource/style01/shape053_style01_color08.png using Guid(88364600a233e3d448e377f4657d6a7b) Importer(815301076,1909f56bfc062723c751e8b465ee728b) (PreviewImporter) -> (artifact id: '3fef869b0c03a2aa055e491eccb8465e') in 0.0163519 seconds
Number of updated asset objects reloaded before import = 0Number of asset objects unloaded after import = 3

========================================================================
Received Import Request.
  Time since last request: 0.000018 seconds.
  path: Assets/Third-Party/Pastel Icons/resource/style01/shape053_style01_color05.png
  artifactKey: Guid(57f1e1ec177b62a4db73126f6fdcd3bb) Importer(815301076,1909f56bfc062723c751e8b465ee728b)
Start importing Assets/Third-Party/Pastel Icons/resource/style01/shape053_style01_color05.png using Guid(57f1e1ec177b62a4db73126f6fdcd3bb) Importer(815301076,1909f56bfc062723c751e8b465ee728b) (PreviewImporter) -> (artifact id: '8809e182cdf22007c1e1efab84897ec5') in 0.0142819 seconds
Number of updated asset objects reloaded before import = 0Number of asset objects unloaded after import = 3

========================================================================
Received Import Request.
  Time since last request: 0.000015 seconds.
  path: Assets/Third-Party/Pastel Icons/resource/style02/shape053_style02_color01.png
  artifactKey: Guid(a122d576423844542bceb1db77176932) Importer(815301076,1909f56bfc062723c751e8b465ee728b)
Start importing Assets/Third-Party/Pastel Icons/resource/style02/shape053_style02_color01.png using Guid(a122d576423844542bceb1db77176932) Importer(815301076,1909f56bfc062723c751e8b465ee728b) (PreviewImporter) -> (artifact id: '168b29a05b28a6ebf5805df9b9c44d2e') in 0.0142474 seconds
Number of updated asset objects reloaded before import = 0Number of asset objects unloaded after import = 3

========================================================================
Received Import Request.
  Time since last request: 0.000016 seconds.
  path: Assets/Third-Party/Pastel Icons/resource/style02/shape052_style02_color01.png
  artifactKey: Guid(f0e2bea2f9bfb7a439769053d740d81b) Importer(815301076,1909f56bfc062723c751e8b465ee728b)
Start importing Assets/Third-Party/Pastel Icons/resource/style02/shape052_style02_color01.png using Guid(f0e2bea2f9bfb7a439769053d740d81b) Importer(815301076,1909f56bfc062723c751e8b465ee728b) (PreviewImporter) -> (artifact id: '3daf7a46d03fac65498cec8f32b9d1e4') in 0.0141562 seconds
Number of updated asset objects reloaded before import = 0Number of asset objects unloaded after import = 3

========================================================================
Received Import Request.
  Time since last request: 0.000016 seconds.
  path: Assets/Third-Party/Pastel Icons/resource/style01/shape052_style01_color06.png
  artifactKey: Guid(1f2af3c13dcb35a4f86830a05ec5db33) Importer(815301076,1909f56bfc062723c751e8b465ee728b)
Start importing Assets/Third-Party/Pastel Icons/resource/style01/shape052_style01_color06.png using Guid(1f2af3c13dcb35a4f86830a05ec5db33) Importer(815301076,1909f56bfc062723c751e8b465ee728b) (PreviewImporter) -> (artifact id: '7f686a27876a56bc06fb1f2c9d2b9976') in 0.0319966 seconds
Number of updated asset objects reloaded before import = 0Number of asset objects unloaded after import = 3

========================================================================
Received Import Request.
  Time since last request: 0.000016 seconds.
  path: Assets/Third-Party/Pastel Icons/resource/style02/shape052_style02_color10.png
  artifactKey: Guid(8e219c0877c4078428ccbbf24bf75fbf) Importer(815301076,1909f56bfc062723c751e8b465ee728b)
Start importing Assets/Third-Party/Pastel Icons/resource/style02/shape052_style02_color10.png using Guid(8e219c0877c4078428ccbbf24bf75fbf) Importer(815301076,1909f56bfc062723c751e8b465ee728b) (PreviewImporter) -> (artifact id: 'd68dea094795745514f88e115fd980fc') in 0.0151502 seconds
Number of updated asset objects reloaded before import = 0Number of asset objects unloaded after import = 3

========================================================================
Received Import Request.
  Time since last request: 0.000017 seconds.
  path: Assets/Third-Party/Pastel Icons/resource/style01/shape053_style01_color07.png
  artifactKey: Guid(fa14ba4a39096824893682406ec7cd75) Importer(815301076,1909f56bfc062723c751e8b465ee728b)
Start importing Assets/Third-Party/Pastel Icons/resource/style01/shape053_style01_color07.png using Guid(fa14ba4a39096824893682406ec7cd75) Importer(815301076,1909f56bfc062723c751e8b465ee728b) (PreviewImporter) -> (artifact id: '3bbd886713194e74d192d447711c094f') in 0.0137723 seconds
Number of updated asset objects reloaded before import = 0Number of asset objects unloaded after import = 3

========================================================================
Received Import Request.
  Time since last request: 0.000025 seconds.
  path: Assets/Third-Party/Pastel Icons/resource/style01/shape052_style01_color08.png
  artifactKey: Guid(aca982d1b9c097a45816719c08ef2f7e) Importer(815301076,1909f56bfc062723c751e8b465ee728b)
Start importing Assets/Third-Party/Pastel Icons/resource/style01/shape052_style01_color08.png using Guid(aca982d1b9c097a45816719c08ef2f7e) Importer(815301076,1909f56bfc062723c751e8b465ee728b) (PreviewImporter) -> (artifact id: 'a2b51f238e0550276c8c9d92f8823120') in 0.0135952 seconds
Number of updated asset objects reloaded before import = 0Number of asset objects unloaded after import = 3

========================================================================
Received Import Request.
  Time since last request: 0.000020 seconds.
  path: Assets/Third-Party/Pastel Icons/resource/style02/shape052_style02_color11.png
  artifactKey: Guid(642f7bc99b060b241bcd611f3577a5e8) Importer(815301076,1909f56bfc062723c751e8b465ee728b)
Start importing Assets/Third-Party/Pastel Icons/resource/style02/shape052_style02_color11.png using Guid(642f7bc99b060b241bcd611f3577a5e8) Importer(815301076,1909f56bfc062723c751e8b465ee728b) (PreviewImporter) -> (artifact id: 'c844faba5b5a29f0bd06efc598da6875') in 0.0132418 seconds
Number of updated asset objects reloaded before import = 0Number of asset objects unloaded after import = 3

========================================================================
Received Import Request.
  Time since last request: 0.000015 seconds.
  path: Assets/Third-Party/Pastel Icons/resource/style01/shape052_style01_color11.png
  artifactKey: Guid(00ecdd5369d75e84eacd1d3e95fe0ea5) Importer(815301076,1909f56bfc062723c751e8b465ee728b)
Start importing Assets/Third-Party/Pastel Icons/resource/style01/shape052_style01_color11.png using Guid(00ecdd5369d75e84eacd1d3e95fe0ea5) Importer(815301076,1909f56bfc062723c751e8b465ee728b) (PreviewImporter) -> (artifact id: 'e8f02ab52397e409b58d1a155d57938f') in 0.0136536 seconds
Number of updated asset objects reloaded before import = 0Number of asset objects unloaded after import = 3

========================================================================
Received Import Request.
  Time since last request: 0.000018 seconds.
  path: Assets/Third-Party/Pastel Icons/resource/style01/shape053_style01_color09.png
  artifactKey: Guid(f139ddb143e237549881753395e56474) Importer(815301076,1909f56bfc062723c751e8b465ee728b)
Start importing Assets/Third-Party/Pastel Icons/resource/style01/shape053_style01_color09.png using Guid(f139ddb143e237549881753395e56474) Importer(815301076,1909f56bfc062723c751e8b465ee728b) (PreviewImporter) -> (artifact id: 'e4f3b766390ba9d55734949df4c82f92') in 0.0163068 seconds
Number of updated asset objects reloaded before import = 0Number of asset objects unloaded after import = 3

========================================================================
Received Import Request.
  Time since last request: 0.000014 seconds.
  path: Assets/Third-Party/Pastel Icons/resource/style01/shape052_style01_color03.png
  artifactKey: Guid(dc0d0b70b8d546f4b9b0833958e4b03d) Importer(815301076,1909f56bfc062723c751e8b465ee728b)
Start importing Assets/Third-Party/Pastel Icons/resource/style01/shape052_style01_color03.png using Guid(dc0d0b70b8d546f4b9b0833958e4b03d) Importer(815301076,1909f56bfc062723c751e8b465ee728b) (PreviewImporter) -> (artifact id: '62353e59ab1c44ec663be468106fa7ab') in 0.0127173 seconds
Number of updated asset objects reloaded before import = 0Number of asset objects unloaded after import = 3

========================================================================
Received Import Request.
  Time since last request: 0.000014 seconds.
  path: Assets/Third-Party/Pastel Icons/resource/style03/shape052_style03_color02.png
  artifactKey: Guid(81a5360b44974b147a7dc2ef9bf8f9f1) Importer(815301076,1909f56bfc062723c751e8b465ee728b)
Start importing Assets/Third-Party/Pastel Icons/resource/style03/shape052_style03_color02.png using Guid(81a5360b44974b147a7dc2ef9bf8f9f1) Importer(815301076,1909f56bfc062723c751e8b465ee728b) (PreviewImporter) -> (artifact id: '3c157084f16a84cd2a1f0fab57b98d96') in 0.014303 seconds
Number of updated asset objects reloaded before import = 0Number of asset objects unloaded after import = 3

========================================================================
Received Import Request.
  Time since last request: 0.000017 seconds.
  path: Assets/Third-Party/Pastel Icons/resource/style02/shape052_style02_color12.png
  artifactKey: Guid(7300aed78769a474eab22d70fce2825b) Importer(815301076,1909f56bfc062723c751e8b465ee728b)
Start importing Assets/Third-Party/Pastel Icons/resource/style02/shape052_style02_color12.png using Guid(7300aed78769a474eab22d70fce2825b) Importer(815301076,1909f56bfc062723c751e8b465ee728b) (PreviewImporter) -> (artifact id: 'eb3e7a5085e8a423ce12471760ce9ae5') in 0.0139992 seconds
Number of updated asset objects reloaded before import = 0Number of asset objects unloaded after import = 3

========================================================================
Received Import Request.
  Time since last request: 0.354706 seconds.
  path: Assets/Third-Party/Pastel Icons/resource/style02/shape053_style02_color05.png
  artifactKey: Guid(526cbbfe514986d45aee9984156473df) Importer(815301076,1909f56bfc062723c751e8b465ee728b)
Start importing Assets/Third-Party/Pastel Icons/resource/style02/shape053_style02_color05.png using Guid(526cbbfe514986d45aee9984156473df) Importer(815301076,1909f56bfc062723c751e8b465ee728b) (PreviewImporter) -> (artifact id: 'cd9371f8dd4931ca7e7901a5b69f39e3') in 0.0146454 seconds
Number of updated asset objects reloaded before import = 0Number of asset objects unloaded after import = 3

========================================================================
Received Import Request.
  Time since last request: 0.019523 seconds.
  path: Assets/Third-Party/Pastel Icons/resource/style02/shape053_style02_color11.png
  artifactKey: Guid(ced4c4d94ee8f244489bf3d7cb3962c2) Importer(815301076,1909f56bfc062723c751e8b465ee728b)
Start importing Assets/Third-Party/Pastel Icons/resource/style02/shape053_style02_color11.png using Guid(ced4c4d94ee8f244489bf3d7cb3962c2) Importer(815301076,1909f56bfc062723c751e8b465ee728b) (PreviewImporter) -> (artifact id: '93fdeb31f25f35e4bf8c0e300333963d') in 0.0137105 seconds
Number of updated asset objects reloaded before import = 0Number of asset objects unloaded after import = 3

========================================================================
Received Import Request.
  Time since last request: 0.018619 seconds.
  path: Assets/Third-Party/Pastel Icons/resource/style03/shape053_style03_color02.png
  artifactKey: Guid(1b3749886e0d379479e70677e83bdaba) Importer(815301076,1909f56bfc062723c751e8b465ee728b)
Start importing Assets/Third-Party/Pastel Icons/resource/style03/shape053_style03_color02.png using Guid(1b3749886e0d379479e70677e83bdaba) Importer(815301076,1909f56bfc062723c751e8b465ee728b) (PreviewImporter) -> (artifact id: 'c5a07c23b52fcacb351842bc101c493d') in 0.0147277 seconds
Number of updated asset objects reloaded before import = 0Number of asset objects unloaded after import = 3

========================================================================
Received Import Request.
  Time since last request: 0.000016 seconds.
  path: Assets/Third-Party/Pastel Icons/resource/style03/shape053_style03_color10.png
  artifactKey: Guid(9cfb6db0d4f899645b1528294142fca5) Importer(815301076,1909f56bfc062723c751e8b465ee728b)
Start importing Assets/Third-Party/Pastel Icons/resource/style03/shape053_style03_color10.png using Guid(9cfb6db0d4f899645b1528294142fca5) Importer(815301076,1909f56bfc062723c751e8b465ee728b) (PreviewImporter) -> (artifact id: 'e22a3f90cc52c3dd0ea3e104ab8ce910') in 0.0138097 seconds
Number of updated asset objects reloaded before import = 0Number of asset objects unloaded after import = 3

========================================================================
Received Import Request.
  Time since last request: 0.019946 seconds.
  path: Assets/Third-Party/Pastel Icons/resource/style03/shape053_style03_color12.png
  artifactKey: Guid(995685c3083ed1e48bc5ceb6f7d66e9f) Importer(815301076,1909f56bfc062723c751e8b465ee728b)
Start importing Assets/Third-Party/Pastel Icons/resource/style03/shape053_style03_color12.png using Guid(995685c3083ed1e48bc5ceb6f7d66e9f) Importer(815301076,1909f56bfc062723c751e8b465ee728b) (PreviewImporter) -> (artifact id: '5e12bebae529969c6b8f102294861401') in 0.0143154 seconds
Number of updated asset objects reloaded before import = 0Number of asset objects unloaded after import = 3

========================================================================
Received Import Request.
  Time since last request: 0.000014 seconds.
  path: Assets/Third-Party/Pastel Icons/resource/style01/shape054_style01_color08.png
  artifactKey: Guid(eefb119346f14a54eadfef395d0fdf7f) Importer(815301076,1909f56bfc062723c751e8b465ee728b)
Start importing Assets/Third-Party/Pastel Icons/resource/style01/shape054_style01_color08.png using Guid(eefb119346f14a54eadfef395d0fdf7f) Importer(815301076,1909f56bfc062723c751e8b465ee728b) (PreviewImporter) -> (artifact id: '950be9bf07d70c18cfbe04065257e18d') in 0.0143911 seconds
Number of updated asset objects reloaded before import = 0Number of asset objects unloaded after import = 3

========================================================================
Received Import Request.
  Time since last request: 0.000018 seconds.
  path: Assets/Third-Party/Pastel Icons/resource/style01/shape054_style01_color04.png
  artifactKey: Guid(e2e035ee06038004f8bfb1f86bfbdd94) Importer(815301076,1909f56bfc062723c751e8b465ee728b)
Start importing Assets/Third-Party/Pastel Icons/resource/style01/shape054_style01_color04.png using Guid(e2e035ee06038004f8bfb1f86bfbdd94) Importer(815301076,1909f56bfc062723c751e8b465ee728b) (PreviewImporter) -> (artifact id: '34f5e4015b295325ad93fdfdd17ec2b0') in 0.1756535 seconds
Number of updated asset objects reloaded before import = 0Number of asset objects unloaded after import = 3

========================================================================
Received Import Request.
  Time since last request: 0.000024 seconds.
  path: Assets/Third-Party/Pastel Icons/resource/style01/shape054_style01_color05.png
  artifactKey: Guid(82516bb1b9e8d004bafa030149f18922) Importer(815301076,1909f56bfc062723c751e8b465ee728b)
Start importing Assets/Third-Party/Pastel Icons/resource/style01/shape054_style01_color05.png using Guid(82516bb1b9e8d004bafa030149f18922) Importer(815301076,1909f56bfc062723c751e8b465ee728b) (PreviewImporter) -> (artifact id: 'fb08e20672b8b7be51c96a93da59e640') in 0.0134193 seconds
Number of updated asset objects reloaded before import = 0Number of asset objects unloaded after import = 3

========================================================================
Received Import Request.
  Time since last request: 0.180059 seconds.
  path: Assets/Third-Party/Pastel Icons/resource/style01/shape054_style01_color10.png
  artifactKey: Guid(96afd0373e2ce094ca1c5f4cfe33cf7e) Importer(815301076,1909f56bfc062723c751e8b465ee728b)
Start importing Assets/Third-Party/Pastel Icons/resource/style01/shape054_style01_color10.png using Guid(96afd0373e2ce094ca1c5f4cfe33cf7e) Importer(815301076,1909f56bfc062723c751e8b465ee728b) (PreviewImporter) -> (artifact id: 'ec6bd8e15bc6f8c0b952941f9e54344a') in 0.0147019 seconds
Number of updated asset objects reloaded before import = 0Number of asset objects unloaded after import = 3

========================================================================
Received Import Request.
  Time since last request: 0.000017 seconds.
  path: Assets/Third-Party/Pastel Icons/resource/style02/shape054_style02_color02.png
  artifactKey: Guid(a25576b47ab2f7141be26e23ee72b2bc) Importer(815301076,1909f56bfc062723c751e8b465ee728b)
Start importing Assets/Third-Party/Pastel Icons/resource/style02/shape054_style02_color02.png using Guid(a25576b47ab2f7141be26e23ee72b2bc) Importer(815301076,1909f56bfc062723c751e8b465ee728b) (PreviewImporter) -> (artifact id: '26201257cbd218cb77badc0135f530e6') in 0.0131306 seconds
Number of updated asset objects reloaded before import = 0Number of asset objects unloaded after import = 3

========================================================================
Received Import Request.
  Time since last request: 0.017708 seconds.
  path: Assets/Third-Party/Pastel Icons/resource/style02/shape054_style02_color03.png
  artifactKey: Guid(5f088605def47cb40beccf48ae566a6a) Importer(815301076,1909f56bfc062723c751e8b465ee728b)
Start importing Assets/Third-Party/Pastel Icons/resource/style02/shape054_style02_color03.png using Guid(5f088605def47cb40beccf48ae566a6a) Importer(815301076,1909f56bfc062723c751e8b465ee728b) (PreviewImporter) -> (artifact id: '4b2959e69e27886fb70e7f82acff15b3') in 0.0146986 seconds
Number of updated asset objects reloaded before import = 0Number of asset objects unloaded after import = 3

========================================================================
Received Import Request.
  Time since last request: 0.000016 seconds.
  path: Assets/Third-Party/Pastel Icons/resource/style02/shape054_style02_color08.png
  artifactKey: Guid(54f7ad37b3b0cc6429a1250eca26c339) Importer(815301076,1909f56bfc062723c751e8b465ee728b)
Start importing Assets/Third-Party/Pastel Icons/resource/style02/shape054_style02_color08.png using Guid(54f7ad37b3b0cc6429a1250eca26c339) Importer(815301076,1909f56bfc062723c751e8b465ee728b) (PreviewImporter) -> (artifact id: '455046f490336418eeb022770cee80f6') in 0.0150073 seconds
Number of updated asset objects reloaded before import = 0Number of asset objects unloaded after import = 3

========================================================================
Received Import Request.
  Time since last request: 0.000019 seconds.
  path: Assets/Third-Party/Pastel Icons/resource/style02/shape054_style02_color07.png
  artifactKey: Guid(406fb1a65ad8c994db47e356d12559d0) Importer(815301076,1909f56bfc062723c751e8b465ee728b)
Start importing Assets/Third-Party/Pastel Icons/resource/style02/shape054_style02_color07.png using Guid(406fb1a65ad8c994db47e356d12559d0) Importer(815301076,1909f56bfc062723c751e8b465ee728b) (PreviewImporter) -> (artifact id: '1f7ce283deb2d8c6ed79a89d7b855eef') in 0.0150901 seconds
Number of updated asset objects reloaded before import = 0Number of asset objects unloaded after import = 3

========================================================================
Received Import Request.
  Time since last request: 0.006135 seconds.
  path: Assets/Third-Party/Pastel Icons/resource/style03/shape054_style03_color01.png
  artifactKey: Guid(712e56199e3ded84d8b0edce50720547) Importer(815301076,1909f56bfc062723c751e8b465ee728b)
Start importing Assets/Third-Party/Pastel Icons/resource/style03/shape054_style03_color01.png using Guid(712e56199e3ded84d8b0edce50720547) Importer(815301076,1909f56bfc062723c751e8b465ee728b) (PreviewImporter) -> (artifact id: '64bfc8501978e5b8c897a1389dd0f8e6') in 0.0132819 seconds
Number of updated asset objects reloaded before import = 0Number of asset objects unloaded after import = 3

========================================================================
Received Import Request.
  Time since last request: 0.000017 seconds.
  path: Assets/Third-Party/Pastel Icons/resource/style03/shape054_style03_color05.png
  artifactKey: Guid(03f0b687eb9ab5c46bf77c384b02c901) Importer(815301076,1909f56bfc062723c751e8b465ee728b)
Start importing Assets/Third-Party/Pastel Icons/resource/style03/shape054_style03_color05.png using Guid(03f0b687eb9ab5c46bf77c384b02c901) Importer(815301076,1909f56bfc062723c751e8b465ee728b) (PreviewImporter) -> (artifact id: 'bd56849600540df7aea5a6c174d190d7') in 0.0143157 seconds
Number of updated asset objects reloaded before import = 0Number of asset objects unloaded after import = 3

========================================================================
Received Import Request.
  Time since last request: 0.000019 seconds.
  path: Assets/Third-Party/Pastel Icons/resource/style03/shape054_style03_color08.png
  artifactKey: Guid(3ee43edef4a8b364eb16b9ea8845b146) Importer(815301076,1909f56bfc062723c751e8b465ee728b)
Start importing Assets/Third-Party/Pastel Icons/resource/style03/shape054_style03_color08.png using Guid(3ee43edef4a8b364eb16b9ea8845b146) Importer(815301076,1909f56bfc062723c751e8b465ee728b) (PreviewImporter) -> (artifact id: 'b1f805489946e787711b390cd3b878a5') in 0.0132275 seconds
Number of updated asset objects reloaded before import = 0Number of asset objects unloaded after import = 3

========================================================================
Received Import Request.
  Time since last request: 0.000018 seconds.
  path: Assets/Third-Party/Pastel Icons/resource/style03/shape054_style03_color07.png
  artifactKey: Guid(12af2ef7089792f479e7c0c88e06f201) Importer(815301076,1909f56bfc062723c751e8b465ee728b)
Start importing Assets/Third-Party/Pastel Icons/resource/style03/shape054_style03_color07.png using Guid(12af2ef7089792f479e7c0c88e06f201) Importer(815301076,1909f56bfc062723c751e8b465ee728b) (PreviewImporter) -> (artifact id: '89756a1bfe239e91c47b0ea05f031334') in 0.0128591 seconds
Number of updated asset objects reloaded before import = 0Number of asset objects unloaded after import = 3

========================================================================
Received Import Request.
  Time since last request: 0.237882 seconds.
  path: Assets/Third-Party/Pastel Icons/resource/style03/shape054_style03_color11.png
  artifactKey: Guid(3e81a1efbc32dcf4c9570d3db9bd5827) Importer(815301076,1909f56bfc062723c751e8b465ee728b)
Start importing Assets/Third-Party/Pastel Icons/resource/style03/shape054_style03_color11.png using Guid(3e81a1efbc32dcf4c9570d3db9bd5827) Importer(815301076,1909f56bfc062723c751e8b465ee728b) (PreviewImporter) -> (artifact id: '9f716b4cdb9812c421b55f79665c06fc') in 0.0160586 seconds
Number of updated asset objects reloaded before import = 0Number of asset objects unloaded after import = 3

========================================================================
Received Import Request.
  Time since last request: 0.000016 seconds.
  path: Assets/Third-Party/Pastel Icons/resource/style01/shape055_style01_color02.png
  artifactKey: Guid(26e4d1c8a53d49f49ab3656a894c1aa2) Importer(815301076,1909f56bfc062723c751e8b465ee728b)
Start importing Assets/Third-Party/Pastel Icons/resource/style01/shape055_style01_color02.png using Guid(26e4d1c8a53d49f49ab3656a894c1aa2) Importer(815301076,1909f56bfc062723c751e8b465ee728b) (PreviewImporter) -> (artifact id: '1afe8e82fdc25506cd85ef327207cb1c') in 0.0141754 seconds
Number of updated asset objects reloaded before import = 0Number of asset objects unloaded after import = 3

========================================================================
Received Import Request.
  Time since last request: 0.000015 seconds.
  path: Assets/Third-Party/Pastel Icons/resource/style01/shape055_style01_color03.png
  artifactKey: Guid(504e6f4adc8f74740b8268a9293c2b01) Importer(815301076,1909f56bfc062723c751e8b465ee728b)
Start importing Assets/Third-Party/Pastel Icons/resource/style01/shape055_style01_color03.png using Guid(504e6f4adc8f74740b8268a9293c2b01) Importer(815301076,1909f56bfc062723c751e8b465ee728b) (PreviewImporter) -> (artifact id: 'fd10160b0791f7e60b34c90fe8f0265c') in 0.0144101 seconds
Number of updated asset objects reloaded before import = 0Number of asset objects unloaded after import = 3

========================================================================
Received Import Request.
  Time since last request: 0.000017 seconds.
  path: Assets/Third-Party/Pastel Icons/resource/style01/shape055_style01_color04.png
  artifactKey: Guid(ad832ecdf43187441b2d3dfc1460b41b) Importer(815301076,1909f56bfc062723c751e8b465ee728b)
Start importing Assets/Third-Party/Pastel Icons/resource/style01/shape055_style01_color04.png using Guid(ad832ecdf43187441b2d3dfc1460b41b) Importer(815301076,1909f56bfc062723c751e8b465ee728b) (PreviewImporter) -> (artifact id: 'cf9865055ba8e1e96c82835b4a4df598') in 0.0132889 seconds
Number of updated asset objects reloaded before import = 0Number of asset objects unloaded after import = 3

========================================================================
Received Import Request.
  Time since last request: 0.000042 seconds.
  path: Assets/Third-Party/Pastel Icons/resource/style01/shape055_style01_color12.png
  artifactKey: Guid(08a6af3a61cd3ca4e8a0f43a3b746aea) Importer(815301076,1909f56bfc062723c751e8b465ee728b)
Start importing Assets/Third-Party/Pastel Icons/resource/style01/shape055_style01_color12.png using Guid(08a6af3a61cd3ca4e8a0f43a3b746aea) Importer(815301076,1909f56bfc062723c751e8b465ee728b) (PreviewImporter) -> (artifact id: '11b369cbb2f3da73f58fe20a68310392') in 0.0140371 seconds
Number of updated asset objects reloaded before import = 0Number of asset objects unloaded after import = 3

========================================================================
Received Import Request.
  Time since last request: 0.000017 seconds.
  path: Assets/Third-Party/Pastel Icons/resource/style02/shape055_style02_color03.png
  artifactKey: Guid(479077614f4655742aab8ce3ff88a84a) Importer(815301076,1909f56bfc062723c751e8b465ee728b)
Start importing Assets/Third-Party/Pastel Icons/resource/style02/shape055_style02_color03.png using Guid(479077614f4655742aab8ce3ff88a84a) Importer(815301076,1909f56bfc062723c751e8b465ee728b) (PreviewImporter) -> (artifact id: 'd8e6b56b2180e346e3ecb6f9ef5d1314') in 0.0149445 seconds
Number of updated asset objects reloaded before import = 0Number of asset objects unloaded after import = 3

========================================================================
Received Import Request.
  Time since last request: 0.000020 seconds.
  path: Assets/Third-Party/Pastel Icons/resource/style02/shape055_style02_color02.png
  artifactKey: Guid(b62c27ab2325aaa4c97f3764571abc13) Importer(815301076,1909f56bfc062723c751e8b465ee728b)
Start importing Assets/Third-Party/Pastel Icons/resource/style02/shape055_style02_color02.png using Guid(b62c27ab2325aaa4c97f3764571abc13) Importer(815301076,1909f56bfc062723c751e8b465ee728b) (PreviewImporter) -> (artifact id: 'bebe7f47a32c2815f12535c57d0b6357') in 0.0138586 seconds
Number of updated asset objects reloaded before import = 0Number of asset objects unloaded after import = 3

========================================================================
Received Import Request.
  Time since last request: 0.268608 seconds.
  path: Assets/Third-Party/Pastel Icons/resource/style02/shape055_style02_color07.png
  artifactKey: Guid(b08cfda449e715f4a8e4087ed7504e81) Importer(815301076,1909f56bfc062723c751e8b465ee728b)
Start importing Assets/Third-Party/Pastel Icons/resource/style02/shape055_style02_color07.png using Guid(b08cfda449e715f4a8e4087ed7504e81) Importer(815301076,1909f56bfc062723c751e8b465ee728b) (PreviewImporter) -> (artifact id: '7de2a7d39b278645d85094aa2fcc22f5') in 0.0161453 seconds
Number of updated asset objects reloaded before import = 0Number of asset objects unloaded after import = 3

========================================================================
Received Import Request.
  Time since last request: 0.000019 seconds.
  path: Assets/Third-Party/Pastel Icons/resource/style02/shape055_style02_color10.png
  artifactKey: Guid(9fcae89a9f6a87147b9a836c70cd8f76) Importer(815301076,1909f56bfc062723c751e8b465ee728b)
Start importing Assets/Third-Party/Pastel Icons/resource/style02/shape055_style02_color10.png using Guid(9fcae89a9f6a87147b9a836c70cd8f76) Importer(815301076,1909f56bfc062723c751e8b465ee728b) (PreviewImporter) -> (artifact id: '310a395ef4fb8992d81633223d17a733') in 0.0140318 seconds
Number of updated asset objects reloaded before import = 0Number of asset objects unloaded after import = 3

========================================================================
Received Import Request.
  Time since last request: 0.016490 seconds.
  path: Assets/Third-Party/Pastel Icons/resource/style02/shape055_style02_color12.png
  artifactKey: Guid(f6dc76bbca3fe7c44a230f45e6bc8f1f) Importer(815301076,1909f56bfc062723c751e8b465ee728b)
Start importing Assets/Third-Party/Pastel Icons/resource/style02/shape055_style02_color12.png using Guid(f6dc76bbca3fe7c44a230f45e6bc8f1f) Importer(815301076,1909f56bfc062723c751e8b465ee728b) (PreviewImporter) -> (artifact id: '5ce45ad075651884e5c9e48ce36f58bb') in 0.0144987 seconds
Number of updated asset objects reloaded before import = 0Number of asset objects unloaded after import = 3

========================================================================
Received Import Request.
  Time since last request: 0.000015 seconds.
  path: Assets/Third-Party/Pastel Icons/resource/style03/shape055_style03_color08.png
  artifactKey: Guid(a2a84ee9d73d68b4dbad86a3704a1dae) Importer(815301076,1909f56bfc062723c751e8b465ee728b)
Start importing Assets/Third-Party/Pastel Icons/resource/style03/shape055_style03_color08.png using Guid(a2a84ee9d73d68b4dbad86a3704a1dae) Importer(815301076,1909f56bfc062723c751e8b465ee728b) (PreviewImporter) -> (artifact id: '4e1e757a9ea57d0fa94590d552c805c8') in 0.0144741 seconds
Number of updated asset objects reloaded before import = 0Number of asset objects unloaded after import = 3

========================================================================
Received Import Request.
  Time since last request: 0.000018 seconds.
  path: Assets/Third-Party/Pastel Icons/resource/style03/shape055_style03_color11.png
  artifactKey: Guid(c903d87bdb953a547bac201a386dae9d) Importer(815301076,1909f56bfc062723c751e8b465ee728b)
Start importing Assets/Third-Party/Pastel Icons/resource/style03/shape055_style03_color11.png using Guid(c903d87bdb953a547bac201a386dae9d) Importer(815301076,1909f56bfc062723c751e8b465ee728b) (PreviewImporter) -> (artifact id: '4f1abb3c48db9f22392bc889b633f895') in 0.0144284 seconds
Number of updated asset objects reloaded before import = 0Number of asset objects unloaded after import = 3

========================================================================
Received Import Request.
  Time since last request: 0.000017 seconds.
  path: Assets/Third-Party/Pastel Icons/resource/style03/shape055_style03_color04.png
  artifactKey: Guid(9129d10970ca59e4d89a6b681b1820e3) Importer(815301076,1909f56bfc062723c751e8b465ee728b)
Start importing Assets/Third-Party/Pastel Icons/resource/style03/shape055_style03_color04.png using Guid(9129d10970ca59e4d89a6b681b1820e3) Importer(815301076,1909f56bfc062723c751e8b465ee728b) (PreviewImporter) -> (artifact id: '12c1eceb86ea844d5cc37deaefd0312a') in 0.0140457 seconds
Number of updated asset objects reloaded before import = 0Number of asset objects unloaded after import = 3

========================================================================
Received Import Request.
  Time since last request: 0.000029 seconds.
  path: Assets/Third-Party/Pastel Icons/resource/style01/shape056_style01_color07.png
  artifactKey: Guid(8bb003d37960bb143b18a2390d35122c) Importer(815301076,1909f56bfc062723c751e8b465ee728b)
Start importing Assets/Third-Party/Pastel Icons/resource/style01/shape056_style01_color07.png using Guid(8bb003d37960bb143b18a2390d35122c) Importer(815301076,1909f56bfc062723c751e8b465ee728b) (PreviewImporter) -> (artifact id: '382d8be943a665649398f1b5bdd1de14') in 0.0238418 seconds
Number of updated asset objects reloaded before import = 0Number of asset objects unloaded after import = 3

========================================================================
Received Import Request.
  Time since last request: 0.000016 seconds.
  path: Assets/Third-Party/Pastel Icons/resource/style01/shape056_style01_color05.png
  artifactKey: Guid(043c099c5dae1df4282067d5767256ed) Importer(815301076,1909f56bfc062723c751e8b465ee728b)
Start importing Assets/Third-Party/Pastel Icons/resource/style01/shape056_style01_color05.png using Guid(043c099c5dae1df4282067d5767256ed) Importer(815301076,1909f56bfc062723c751e8b465ee728b) (PreviewImporter) -> (artifact id: '34461829643c7f55d7298d0e4679ea83') in 0.0142054 seconds
Number of updated asset objects reloaded before import = 0Number of asset objects unloaded after import = 3

========================================================================
Received Import Request.
  Time since last request: 0.000017 seconds.
  path: Assets/Third-Party/Pastel Icons/resource/style01/shape056_style01_color01.png
  artifactKey: Guid(29e136c531b7cff42940c3c098b9d3ae) Importer(815301076,1909f56bfc062723c751e8b465ee728b)
Start importing Assets/Third-Party/Pastel Icons/resource/style01/shape056_style01_color01.png using Guid(29e136c531b7cff42940c3c098b9d3ae) Importer(815301076,1909f56bfc062723c751e8b465ee728b) (PreviewImporter) -> (artifact id: 'ea68c43564740cc5e7d5ecc71de68b3c') in 0.0128274 seconds
Number of updated asset objects reloaded before import = 0Number of asset objects unloaded after import = 3

========================================================================
Received Import Request.
  Time since last request: 0.224627 seconds.
  path: Assets/Third-Party/Pastel Icons/resource/style01/shape056_style01_color08.png
  artifactKey: Guid(7a58b111c86a53945a6da8fad2c4058b) Importer(815301076,1909f56bfc062723c751e8b465ee728b)
Start importing Assets/Third-Party/Pastel Icons/resource/style01/shape056_style01_color08.png using Guid(7a58b111c86a53945a6da8fad2c4058b) Importer(815301076,1909f56bfc062723c751e8b465ee728b) (PreviewImporter) -> (artifact id: '1ce30944af3363958fe9fbaefc05bb54') in 0.0158064 seconds
Number of updated asset objects reloaded before import = 0Number of asset objects unloaded after import = 3

========================================================================
Received Import Request.
  Time since last request: 0.000018 seconds.
  path: Assets/Third-Party/Pastel Icons/resource/style02/shape056_style02_color02.png
  artifactKey: Guid(5abe6c03e0147fd47ba431608a56319b) Importer(815301076,1909f56bfc062723c751e8b465ee728b)
Start importing Assets/Third-Party/Pastel Icons/resource/style02/shape056_style02_color02.png using Guid(5abe6c03e0147fd47ba431608a56319b) Importer(815301076,1909f56bfc062723c751e8b465ee728b) (PreviewImporter) -> (artifact id: 'a3f3cf72e4c4f1170f91582f17dd1084') in 0.0148565 seconds
Number of updated asset objects reloaded before import = 0Number of asset objects unloaded after import = 3

========================================================================
Received Import Request.
  Time since last request: 0.000017 seconds.
  path: Assets/Third-Party/Pastel Icons/resource/style02/shape056_style02_color04.png
  artifactKey: Guid(b81df5ec83e26e844b6cea363bbde3dc) Importer(815301076,1909f56bfc062723c751e8b465ee728b)
Start importing Assets/Third-Party/Pastel Icons/resource/style02/shape056_style02_color04.png using Guid(b81df5ec83e26e844b6cea363bbde3dc) Importer(815301076,1909f56bfc062723c751e8b465ee728b) (PreviewImporter) -> (artifact id: '4746cb0f16e519468e7da9ba6eeac24a') in 0.0145551 seconds
Number of updated asset objects reloaded before import = 0Number of asset objects unloaded after import = 3

========================================================================
Received Import Request.
  Time since last request: 0.000016 seconds.
  path: Assets/Third-Party/Pastel Icons/resource/style01/shape056_style01_color11.png
  artifactKey: Guid(67b654a64684c4840ab21cbedf4d25b4) Importer(815301076,1909f56bfc062723c751e8b465ee728b)
Start importing Assets/Third-Party/Pastel Icons/resource/style01/shape056_style01_color11.png using Guid(67b654a64684c4840ab21cbedf4d25b4) Importer(815301076,1909f56bfc062723c751e8b465ee728b) (PreviewImporter) -> (artifact id: '35813bea3e700e944c4b236a8a13c669') in 0.0140601 seconds
Number of updated asset objects reloaded before import = 0Number of asset objects unloaded after import = 3

========================================================================
Received Import Request.
  Time since last request: 0.000018 seconds.
  path: Assets/Third-Party/Pastel Icons/resource/style02/shape056_style02_color10.png
  artifactKey: Guid(d00e189429bfcfb43998992ff8b347b4) Importer(815301076,1909f56bfc062723c751e8b465ee728b)
Start importing Assets/Third-Party/Pastel Icons/resource/style02/shape056_style02_color10.png using Guid(d00e189429bfcfb43998992ff8b347b4) Importer(815301076,1909f56bfc062723c751e8b465ee728b) (PreviewImporter) -> (artifact id: '58d8fe251cef03638fea37f55d78f94b') in 0.0147067 seconds
Number of updated asset objects reloaded before import = 0Number of asset objects unloaded after import = 3

========================================================================
Received Import Request.
  Time since last request: 0.000017 seconds.
  path: Assets/Third-Party/Pastel Icons/resource/style02/shape056_style02_color11.png
  artifactKey: Guid(ec8dbbb5290bae045aaa973622bf1a96) Importer(815301076,1909f56bfc062723c751e8b465ee728b)
Start importing Assets/Third-Party/Pastel Icons/resource/style02/shape056_style02_color11.png using Guid(ec8dbbb5290bae045aaa973622bf1a96) Importer(815301076,1909f56bfc062723c751e8b465ee728b) (PreviewImporter) -> (artifact id: '61d789a32d068a3778f4790924ff0691') in 0.0152346 seconds
Number of updated asset objects reloaded before import = 0Number of asset objects unloaded after import = 3

========================================================================
Received Import Request.
  Time since last request: 0.000017 seconds.
  path: Assets/Third-Party/Pastel Icons/resource/style02/shape056_style02_color12.png
  artifactKey: Guid(a713b0b2bf7cc8742834b68b30bd36ad) Importer(815301076,1909f56bfc062723c751e8b465ee728b)
Start importing Assets/Third-Party/Pastel Icons/resource/style02/shape056_style02_color12.png using Guid(a713b0b2bf7cc8742834b68b30bd36ad) Importer(815301076,1909f56bfc062723c751e8b465ee728b) (PreviewImporter) -> (artifact id: '91d1e7a93eaf8981dfb923983bcec141') in 0.0132784 seconds
Number of updated asset objects reloaded before import = 0Number of asset objects unloaded after import = 3

========================================================================
Received Import Request.
  Time since last request: 0.316992 seconds.
  path: Assets/Third-Party/Pastel Icons/resource/style03/shape056_style03_color04.png
  artifactKey: Guid(530b44ea15f91594f95f9a4549fb8199) Importer(815301076,1909f56bfc062723c751e8b465ee728b)
Start importing Assets/Third-Party/Pastel Icons/resource/style03/shape056_style03_color04.png using Guid(530b44ea15f91594f95f9a4549fb8199) Importer(815301076,1909f56bfc062723c751e8b465ee728b) (PreviewImporter) -> (artifact id: '8d5fc326564fcc71dba276420609df97') in 0.0158935 seconds
Number of updated asset objects reloaded before import = 0Number of asset objects unloaded after import = 3

========================================================================
Received Import Request.
  Time since last request: 0.000014 seconds.
  path: Assets/Third-Party/Pastel Icons/resource/style03/shape056_style03_color07.png
  artifactKey: Guid(483b7eb958388bd42a1dbddd3f28d6c4) Importer(815301076,1909f56bfc062723c751e8b465ee728b)
Start importing Assets/Third-Party/Pastel Icons/resource/style03/shape056_style03_color07.png using Guid(483b7eb958388bd42a1dbddd3f28d6c4) Importer(815301076,1909f56bfc062723c751e8b465ee728b) (PreviewImporter) -> (artifact id: 'e2f508885339346cdc4bd20d8ff09eb1') in 0.0151611 seconds
Number of updated asset objects reloaded before import = 0Number of asset objects unloaded after import = 3

========================================================================
Received Import Request.
  Time since last request: 0.000017 seconds.
  path: Assets/Third-Party/Pastel Icons/resource/style03/shape056_style03_color11.png
  artifactKey: Guid(c547e3857b92bd74d820ee455508bf86) Importer(815301076,1909f56bfc062723c751e8b465ee728b)
Start importing Assets/Third-Party/Pastel Icons/resource/style03/shape056_style03_color11.png using Guid(c547e3857b92bd74d820ee455508bf86) Importer(815301076,1909f56bfc062723c751e8b465ee728b) (PreviewImporter) -> (artifact id: 'c68dd0017d10d44af1a4a11f1391790b') in 0.0143224 seconds
Number of updated asset objects reloaded before import = 0Number of asset objects unloaded after import = 3

========================================================================
Received Import Request.
  Time since last request: 0.000022 seconds.
  path: Assets/Third-Party/Pastel Icons/resource/style03/shape056_style03_color12.png
  artifactKey: Guid(01517f8f0701739439744750a41ac988) Importer(815301076,1909f56bfc062723c751e8b465ee728b)
Start importing Assets/Third-Party/Pastel Icons/resource/style03/shape056_style03_color12.png using Guid(01517f8f0701739439744750a41ac988) Importer(815301076,1909f56bfc062723c751e8b465ee728b) (PreviewImporter) -> (artifact id: '0e4406e5e938849162f8fa82e0264710') in 0.0127239 seconds
Number of updated asset objects reloaded before import = 0Number of asset objects unloaded after import = 3

========================================================================
Received Import Request.
  Time since last request: 0.000015 seconds.
  path: Assets/Third-Party/Pastel Icons/resource/style01/shape057_style01_color04.png
  artifactKey: Guid(4ef9815f74348d4489e4b3eadcce1139) Importer(815301076,1909f56bfc062723c751e8b465ee728b)
Start importing Assets/Third-Party/Pastel Icons/resource/style01/shape057_style01_color04.png using Guid(4ef9815f74348d4489e4b3eadcce1139) Importer(815301076,1909f56bfc062723c751e8b465ee728b) (PreviewImporter) -> (artifact id: '1294231e9ec69f54bc15b84291105a7d') in 0.012088 seconds
Number of updated asset objects reloaded before import = 0Number of asset objects unloaded after import = 3

========================================================================
Received Import Request.
  Time since last request: 0.019279 seconds.
  path: Assets/Third-Party/Pastel Icons/resource/style01/shape057_style01_color07.png
  artifactKey: Guid(2947afad00e9a8b4daff076bb68bc6d2) Importer(815301076,1909f56bfc062723c751e8b465ee728b)
Start importing Assets/Third-Party/Pastel Icons/resource/style01/shape057_style01_color07.png using Guid(2947afad00e9a8b4daff076bb68bc6d2) Importer(815301076,1909f56bfc062723c751e8b465ee728b) (PreviewImporter) -> (artifact id: 'f63d530987f7e0e7eb6d2600bfab6ca7') in 0.0192747 seconds
Number of updated asset objects reloaded before import = 0Number of asset objects unloaded after import = 3

========================================================================
Received Import Request.
  Time since last request: 0.000022 seconds.
  path: Assets/Third-Party/Pastel Icons/resource/style01/shape057_style01_color09.png
  artifactKey: Guid(af6f70d14fb7f3e4583c710840fcc59f) Importer(815301076,1909f56bfc062723c751e8b465ee728b)
Start importing Assets/Third-Party/Pastel Icons/resource/style01/shape057_style01_color09.png using Guid(af6f70d14fb7f3e4583c710840fcc59f) Importer(815301076,1909f56bfc062723c751e8b465ee728b) (PreviewImporter) -> (artifact id: 'f600cab545dbebd971da3deb2f8ebfbd') in 0.0130053 seconds
Number of updated asset objects reloaded before import = 0Number of asset objects unloaded after import = 3

========================================================================
Received Import Request.
  Time since last request: 0.000026 seconds.
  path: Assets/Third-Party/Pastel Icons/resource/style02/shape057_style02_color03.png
  artifactKey: Guid(3311363a09eeeda469a9478cc592ed8b) Importer(815301076,1909f56bfc062723c751e8b465ee728b)
Start importing Assets/Third-Party/Pastel Icons/resource/style02/shape057_style02_color03.png using Guid(3311363a09eeeda469a9478cc592ed8b) Importer(815301076,1909f56bfc062723c751e8b465ee728b) (PreviewImporter) -> (artifact id: 'bce82993d8020e5c6366f392db23d8e7') in 0.0498664 seconds
Number of updated asset objects reloaded before import = 0Number of asset objects unloaded after import = 3

========================================================================
Received Import Request.
  Time since last request: 0.000016 seconds.
  path: Assets/Third-Party/Pastel Icons/resource/style02/shape057_style02_color02.png
  artifactKey: Guid(5969fbd7a62d6b34aa8487a42763e3ce) Importer(815301076,1909f56bfc062723c751e8b465ee728b)
Start importing Assets/Third-Party/Pastel Icons/resource/style02/shape057_style02_color02.png using Guid(5969fbd7a62d6b34aa8487a42763e3ce) Importer(815301076,1909f56bfc062723c751e8b465ee728b) (PreviewImporter) -> (artifact id: '66a18cbdd9a5482bffa679458a46698f') in 0.0116116 seconds
Number of updated asset objects reloaded before import = 0Number of asset objects unloaded after import = 3

========================================================================
Received Import Request.
  Time since last request: 0.206153 seconds.
  path: Assets/Third-Party/Pastel Icons/resource/style02/shape057_style02_color05.png
  artifactKey: Guid(39c19ce95e9b6e84dbd2f6cc262be339) Importer(815301076,1909f56bfc062723c751e8b465ee728b)
Start importing Assets/Third-Party/Pastel Icons/resource/style02/shape057_style02_color05.png using Guid(39c19ce95e9b6e84dbd2f6cc262be339) Importer(815301076,1909f56bfc062723c751e8b465ee728b) (PreviewImporter) -> (artifact id: '081568c2bf686ef20505630371bed156') in 0.014996 seconds
Number of updated asset objects reloaded before import = 0Number of asset objects unloaded after import = 3

========================================================================
Received Import Request.
  Time since last request: 0.000015 seconds.
  path: Assets/Third-Party/Pastel Icons/resource/style02/shape057_style02_color09.png
  artifactKey: Guid(4a8c97819cd8fb74fa0efe0ad10df18d) Importer(815301076,1909f56bfc062723c751e8b465ee728b)
Start importing Assets/Third-Party/Pastel Icons/resource/style02/shape057_style02_color09.png using Guid(4a8c97819cd8fb74fa0efe0ad10df18d) Importer(815301076,1909f56bfc062723c751e8b465ee728b) (PreviewImporter) -> (artifact id: 'a2626312c0db99f271970cd210b9cb69') in 0.0694058 seconds
Number of updated asset objects reloaded before import = 0Number of asset objects unloaded after import = 3

========================================================================
Received Import Request.
  Time since last request: 0.000015 seconds.
  path: Assets/Third-Party/Pastel Icons/resource/style03/shape057_style03_color08.png
  artifactKey: Guid(473c48636e7698b4f9d55990d5af8c26) Importer(815301076,1909f56bfc062723c751e8b465ee728b)
Start importing Assets/Third-Party/Pastel Icons/resource/style03/shape057_style03_color08.png using Guid(473c48636e7698b4f9d55990d5af8c26) Importer(815301076,1909f56bfc062723c751e8b465ee728b) (PreviewImporter) -> (artifact id: 'c7a9bdb78d91dfb214ea839dfaba7538') in 0.0148525 seconds
Number of updated asset objects reloaded before import = 0Number of asset objects unloaded after import = 3

========================================================================
Received Import Request.
  Time since last request: 0.000019 seconds.
  path: Assets/Third-Party/Pastel Icons/resource/style02/shape057_style02_color11.png
  artifactKey: Guid(38e96b0dcbe202140ae6abb3ae51c966) Importer(815301076,1909f56bfc062723c751e8b465ee728b)
Start importing Assets/Third-Party/Pastel Icons/resource/style02/shape057_style02_color11.png using Guid(38e96b0dcbe202140ae6abb3ae51c966) Importer(815301076,1909f56bfc062723c751e8b465ee728b) (PreviewImporter) -> (artifact id: '6e2f7544053d702f7323d92ad4ea7513') in 0.0147114 seconds
Number of updated asset objects reloaded before import = 0Number of asset objects unloaded after import = 3

========================================================================
Received Import Request.
  Time since last request: 0.000016 seconds.
  path: Assets/Third-Party/Pastel Icons/resource/style03/shape057_style03_color05.png
  artifactKey: Guid(322f624a6974ebf458ed342fbadbdb3a) Importer(815301076,1909f56bfc062723c751e8b465ee728b)
Start importing Assets/Third-Party/Pastel Icons/resource/style03/shape057_style03_color05.png using Guid(322f624a6974ebf458ed342fbadbdb3a) Importer(815301076,1909f56bfc062723c751e8b465ee728b) (PreviewImporter) -> (artifact id: '189d6be2a206ed3b950414363f9705a1') in 0.013349 seconds
Number of updated asset objects reloaded before import = 0Number of asset objects unloaded after import = 3

========================================================================
Received Import Request.
  Time since last request: 0.000016 seconds.
  path: Assets/Third-Party/Pastel Icons/resource/style03/shape057_style03_color09.png
  artifactKey: Guid(79f60ba7cf6842743bf1a381e44b6d55) Importer(815301076,1909f56bfc062723c751e8b465ee728b)
Start importing Assets/Third-Party/Pastel Icons/resource/style03/shape057_style03_color09.png using Guid(79f60ba7cf6842743bf1a381e44b6d55) Importer(815301076,1909f56bfc062723c751e8b465ee728b) (PreviewImporter) -> (artifact id: '574ca410c7c9ccd8a3b52ff18dbc51a5') in 0.0140147 seconds
Number of updated asset objects reloaded before import = 0Number of asset objects unloaded after import = 3

========================================================================
Received Import Request.
  Time since last request: 0.000021 seconds.
  path: Assets/Third-Party/Pastel Icons/resource/style03/shape057_style03_color07.png
  artifactKey: Guid(42f336902a165434ab8347c03b3377db) Importer(815301076,1909f56bfc062723c751e8b465ee728b)
Start importing Assets/Third-Party/Pastel Icons/resource/style03/shape057_style03_color07.png using Guid(42f336902a165434ab8347c03b3377db) Importer(815301076,1909f56bfc062723c751e8b465ee728b) (PreviewImporter) -> (artifact id: '9261355e2c30b35526ae622daf04f680') in 0.0139575 seconds
Number of updated asset objects reloaded before import = 0Number of asset objects unloaded after import = 3

========================================================================
Received Import Request.
  Time since last request: 0.209579 seconds.
  path: Assets/Third-Party/Pastel Icons/resource/style01/shape058_style01_color01.png
  artifactKey: Guid(0676505dce9fc714885afc0bbd65af4d) Importer(815301076,1909f56bfc062723c751e8b465ee728b)
Start importing Assets/Third-Party/Pastel Icons/resource/style01/shape058_style01_color01.png using Guid(0676505dce9fc714885afc0bbd65af4d) Importer(815301076,1909f56bfc062723c751e8b465ee728b) (PreviewImporter) -> (artifact id: '55880d36ce626147fd828f04f7a707ad') in 0.1482302 seconds
Number of updated asset objects reloaded before import = 0Number of asset objects unloaded after import = 3

========================================================================
Received Import Request.
  Time since last request: 0.000016 seconds.
  path: Assets/Third-Party/Pastel Icons/resource/style03/shape058_style03_color01.png
  artifactKey: Guid(b09aaf2e5e4ec524f90307b42ab0b176) Importer(815301076,1909f56bfc062723c751e8b465ee728b)
Start importing Assets/Third-Party/Pastel Icons/resource/style03/shape058_style03_color01.png using Guid(b09aaf2e5e4ec524f90307b42ab0b176) Importer(815301076,1909f56bfc062723c751e8b465ee728b) (PreviewImporter) -> (artifact id: '5e05bc93caffdc15b03b5ee99ea91c2c') in 0.0151072 seconds
Number of updated asset objects reloaded before import = 0Number of asset objects unloaded after import = 3

========================================================================
Received Import Request.
  Time since last request: 0.000019 seconds.
  path: Assets/Third-Party/Pastel Icons/resource/style02/shape058_style02_color06.png
  artifactKey: Guid(41c4f7ec15ce5b44eabcaeb2404bbde4) Importer(815301076,1909f56bfc062723c751e8b465ee728b)
Start importing Assets/Third-Party/Pastel Icons/resource/style02/shape058_style02_color06.png using Guid(41c4f7ec15ce5b44eabcaeb2404bbde4) Importer(815301076,1909f56bfc062723c751e8b465ee728b) (PreviewImporter) -> (artifact id: '1cc88ae41ce21ebf91d3143224bcc5e2') in 0.0150821 seconds
Number of updated asset objects reloaded before import = 0Number of asset objects unloaded after import = 3

========================================================================
Received Import Request.
  Time since last request: 0.000018 seconds.
  path: Assets/Third-Party/Pastel Icons/resource/style01/shape058_style01_color12.png
  artifactKey: Guid(6ae4925c9f7b6b34ca495f65cc47ae78) Importer(815301076,1909f56bfc062723c751e8b465ee728b)
Start importing Assets/Third-Party/Pastel Icons/resource/style01/shape058_style01_color12.png using Guid(6ae4925c9f7b6b34ca495f65cc47ae78) Importer(815301076,1909f56bfc062723c751e8b465ee728b) (PreviewImporter) -> (artifact id: 'c2a3393a656f9e8cd1d1b566ae872682') in 0.0148036 seconds
Number of updated asset objects reloaded before import = 0Number of asset objects unloaded after import = 3

========================================================================
Received Import Request.
  Time since last request: 0.000016 seconds.
  path: Assets/Third-Party/Pastel Icons/resource/style01/shape058_style01_color05.png
  artifactKey: Guid(75f61a57643cfb34792f4e05fb663cf5) Importer(815301076,1909f56bfc062723c751e8b465ee728b)
Start importing Assets/Third-Party/Pastel Icons/resource/style01/shape058_style01_color05.png using Guid(75f61a57643cfb34792f4e05fb663cf5) Importer(815301076,1909f56bfc062723c751e8b465ee728b) (PreviewImporter) -> (artifact id: '20750948c1e9067cd5fecbc700998c5b') in 0.0142745 seconds
Number of updated asset objects reloaded before import = 0Number of asset objects unloaded after import = 3

========================================================================
Received Import Request.
  Time since last request: 0.000028 seconds.
  path: Assets/Third-Party/Pastel Icons/resource/style02/shape058_style02_color12.png
  artifactKey: Guid(52f15c7673c4e8f49a8eb3a6184d3380) Importer(815301076,1909f56bfc062723c751e8b465ee728b)
Start importing Assets/Third-Party/Pastel Icons/resource/style02/shape058_style02_color12.png using Guid(52f15c7673c4e8f49a8eb3a6184d3380) Importer(815301076,1909f56bfc062723c751e8b465ee728b) (PreviewImporter) -> (artifact id: '6cce014334b1a8285cf35873efa90a82') in 0.0139878 seconds
Number of updated asset objects reloaded before import = 0Number of asset objects unloaded after import = 3

========================================================================
Received Import Request.
  Time since last request: 0.000018 seconds.
  path: Assets/Third-Party/Pastel Icons/resource/style01/shape058_style01_color09.png
  artifactKey: Guid(d1a0c83a7c317884fb171642aa2f1d0d) Importer(815301076,1909f56bfc062723c751e8b465ee728b)
Start importing Assets/Third-Party/Pastel Icons/resource/style01/shape058_style01_color09.png using Guid(d1a0c83a7c317884fb171642aa2f1d0d) Importer(815301076,1909f56bfc062723c751e8b465ee728b) (PreviewImporter) -> (artifact id: 'd422b31eda2baa7108507c0e6a7f598f') in 0.0146127 seconds
Number of updated asset objects reloaded before import = 0Number of asset objects unloaded after import = 3

========================================================================
Received Import Request.
  Time since last request: 0.000016 seconds.
  path: Assets/Third-Party/Pastel Icons/resource/style02/shape058_style02_color01.png
  artifactKey: Guid(e32469e15b216824e97cf5b4f3fb2a55) Importer(815301076,1909f56bfc062723c751e8b465ee728b)
Start importing Assets/Third-Party/Pastel Icons/resource/style02/shape058_style02_color01.png using Guid(e32469e15b216824e97cf5b4f3fb2a55) Importer(815301076,1909f56bfc062723c751e8b465ee728b) (PreviewImporter) -> (artifact id: 'a754e7dafb1d37760a66ea284632744a') in 0.0142955 seconds
Number of updated asset objects reloaded before import = 0Number of asset objects unloaded after import = 3

========================================================================
Received Import Request.
  Time since last request: 0.000016 seconds.
  path: Assets/Third-Party/Pastel Icons/resource/style02/shape058_style02_color11.png
  artifactKey: Guid(594576481e6175149ba1c762c96cc863) Importer(815301076,1909f56bfc062723c751e8b465ee728b)
Start importing Assets/Third-Party/Pastel Icons/resource/style02/shape058_style02_color11.png using Guid(594576481e6175149ba1c762c96cc863) Importer(815301076,1909f56bfc062723c751e8b465ee728b) (PreviewImporter) -> (artifact id: '64837d2e8e28f1fb802c24660f4f2f31') in 0.0137355 seconds
Number of updated asset objects reloaded before import = 0Number of asset objects unloaded after import = 3

========================================================================
Received Import Request.
  Time since last request: 0.128034 seconds.
  path: Assets/Third-Party/Pastel Icons/resource/style03/shape058_style03_color02.png
  artifactKey: Guid(24a07284b1c80fd4fb6487c5960d6ed1) Importer(815301076,1909f56bfc062723c751e8b465ee728b)
Start importing Assets/Third-Party/Pastel Icons/resource/style03/shape058_style03_color02.png using Guid(24a07284b1c80fd4fb6487c5960d6ed1) Importer(815301076,1909f56bfc062723c751e8b465ee728b) (PreviewImporter) -> (artifact id: '598bca7d4202da939851668d41b62a58') in 0.016389 seconds
Number of updated asset objects reloaded before import = 0Number of asset objects unloaded after import = 3

========================================================================
Received Import Request.
  Time since last request: 0.000020 seconds.
  path: Assets/Third-Party/Pastel Icons/resource/style03/shape058_style03_color05.png
  artifactKey: Guid(8b9db2cfa4a824a438cc3b18903a62d5) Importer(815301076,1909f56bfc062723c751e8b465ee728b)
Start importing Assets/Third-Party/Pastel Icons/resource/style03/shape058_style03_color05.png using Guid(8b9db2cfa4a824a438cc3b18903a62d5) Importer(815301076,1909f56bfc062723c751e8b465ee728b) (PreviewImporter) -> (artifact id: 'b5eb385cce75a1cf49b186f4173753f6') in 0.0143367 seconds
Number of updated asset objects reloaded before import = 0Number of asset objects unloaded after import = 3

========================================================================
Received Import Request.
  Time since last request: 0.001609 seconds.
  path: Assets/Third-Party/Pastel Icons/resource/style03/shape058_style03_color07.png
  artifactKey: Guid(56431ad48eb36194ea04cb84d15dbe5d) Importer(815301076,1909f56bfc062723c751e8b465ee728b)
Start importing Assets/Third-Party/Pastel Icons/resource/style03/shape058_style03_color07.png using Guid(56431ad48eb36194ea04cb84d15dbe5d) Importer(815301076,1909f56bfc062723c751e8b465ee728b) (PreviewImporter) -> (artifact id: 'd443644b4fe9a17f2ee9ab3c0b9b614e') in 0.0144826 seconds
Number of updated asset objects reloaded before import = 0Number of asset objects unloaded after import = 3

========================================================================
Received Import Request.
  Time since last request: 0.000017 seconds.
  path: Assets/Third-Party/Pastel Icons/resource/style03/shape058_style03_color10.png
  artifactKey: Guid(94f39f0acf9004d42bfeb13e2a98c950) Importer(815301076,1909f56bfc062723c751e8b465ee728b)
Start importing Assets/Third-Party/Pastel Icons/resource/style03/shape058_style03_color10.png using Guid(94f39f0acf9004d42bfeb13e2a98c950) Importer(815301076,1909f56bfc062723c751e8b465ee728b) (PreviewImporter) -> (artifact id: '5c7b8381a7403a31af0f0d8869ff5f11') in 0.07057 seconds
Number of updated asset objects reloaded before import = 0Number of asset objects unloaded after import = 3

========================================================================
Received Import Request.
  Time since last request: 0.000015 seconds.
  path: Assets/Third-Party/Pastel Icons/resource/style01/shape059_style01_color06.png
  artifactKey: Guid(6d94e749609157b4d932bd5411d37a60) Importer(815301076,1909f56bfc062723c751e8b465ee728b)
Start importing Assets/Third-Party/Pastel Icons/resource/style01/shape059_style01_color06.png using Guid(6d94e749609157b4d932bd5411d37a60) Importer(815301076,1909f56bfc062723c751e8b465ee728b) (PreviewImporter) -> (artifact id: '7ac9cd232916fded2f928266de1f7174') in 0.0136714 seconds
Number of updated asset objects reloaded before import = 0Number of asset objects unloaded after import = 3

========================================================================
Received Import Request.
  Time since last request: 0.000017 seconds.
  path: Assets/Third-Party/Pastel Icons/resource/style01/shape059_style01_color08.png
  artifactKey: Guid(8cbcaccc834da9549948130c77d3f104) Importer(815301076,1909f56bfc062723c751e8b465ee728b)
Start importing Assets/Third-Party/Pastel Icons/resource/style01/shape059_style01_color08.png using Guid(8cbcaccc834da9549948130c77d3f104) Importer(815301076,1909f56bfc062723c751e8b465ee728b) (PreviewImporter) -> (artifact id: 'f5c8ea6675e939e461bbf9139774817b') in 0.0122584 seconds
Number of updated asset objects reloaded before import = 0Number of asset objects unloaded after import = 3

========================================================================
Received Import Request.
  Time since last request: 0.000013 seconds.
  path: Assets/Third-Party/Pastel Icons/resource/style01/shape059_style01_color09.png
  artifactKey: Guid(ccf31c952b06ddf408a44d67b2137edf) Importer(815301076,1909f56bfc062723c751e8b465ee728b)
Start importing Assets/Third-Party/Pastel Icons/resource/style01/shape059_style01_color09.png using Guid(ccf31c952b06ddf408a44d67b2137edf) Importer(815301076,1909f56bfc062723c751e8b465ee728b) (PreviewImporter) -> (artifact id: 'c09f5aa4d9873334cb48fdbe0ebe8a0d') in 0.0130457 seconds
Number of updated asset objects reloaded before import = 0Number of asset objects unloaded after import = 3

========================================================================
Received Import Request.
  Time since last request: 0.000017 seconds.
  path: Assets/Third-Party/Pastel Icons/resource/style01/shape059_style01_color03.png
  artifactKey: Guid(553c3721b8dfc404498635c131fb71dd) Importer(815301076,1909f56bfc062723c751e8b465ee728b)
Start importing Assets/Third-Party/Pastel Icons/resource/style01/shape059_style01_color03.png using Guid(553c3721b8dfc404498635c131fb71dd) Importer(815301076,1909f56bfc062723c751e8b465ee728b) (PreviewImporter) -> (artifact id: 'aa1167ca3d7322d676abad5d272329de') in 0.0151581 seconds
Number of updated asset objects reloaded before import = 0Number of asset objects unloaded after import = 3

========================================================================
Received Import Request.
  Time since last request: 0.236166 seconds.
  path: Assets/Third-Party/Pastel Icons/resource/style01/shape059_style01_color10.png
  artifactKey: Guid(ef6967068ed976549b2476613a3ca15e) Importer(815301076,1909f56bfc062723c751e8b465ee728b)
Start importing Assets/Third-Party/Pastel Icons/resource/style01/shape059_style01_color10.png using Guid(ef6967068ed976549b2476613a3ca15e) Importer(815301076,1909f56bfc062723c751e8b465ee728b) (PreviewImporter) -> (artifact id: 'be24cb8e08c5858684a635e5c1dab08a') in 0.0155771 seconds
Number of updated asset objects reloaded before import = 0Number of asset objects unloaded after import = 3

========================================================================
Received Import Request.
  Time since last request: 0.000017 seconds.
  path: Assets/Third-Party/Pastel Icons/resource/style02/shape059_style02_color01.png
  artifactKey: Guid(040c74cb9ea7b0540a34cb9cb44edbcc) Importer(815301076,1909f56bfc062723c751e8b465ee728b)
Start importing Assets/Third-Party/Pastel Icons/resource/style02/shape059_style02_color01.png using Guid(040c74cb9ea7b0540a34cb9cb44edbcc) Importer(815301076,1909f56bfc062723c751e8b465ee728b) (PreviewImporter) -> (artifact id: '3538351dde3e1b1a569509e492707a52') in 0.0133695 seconds
Number of updated asset objects reloaded before import = 0Number of asset objects unloaded after import = 3

========================================================================
Received Import Request.
  Time since last request: 0.017204 seconds.
  path: Assets/Third-Party/Pastel Icons/resource/style02/shape059_style02_color03.png
  artifactKey: Guid(f3889cd444d142b4891268519c5152f3) Importer(815301076,1909f56bfc062723c751e8b465ee728b)
Start importing Assets/Third-Party/Pastel Icons/resource/style02/shape059_style02_color03.png using Guid(f3889cd444d142b4891268519c5152f3) Importer(815301076,1909f56bfc062723c751e8b465ee728b) (PreviewImporter) -> (artifact id: 'fbde4b281ff5b7da1cfa77baf7b94df1') in 0.0144376 seconds
Number of updated asset objects reloaded before import = 0Number of asset objects unloaded after import = 3

========================================================================
Received Import Request.
  Time since last request: 0.000013 seconds.
  path: Assets/Third-Party/Pastel Icons/resource/style03/shape059_style03_color05.png
  artifactKey: Guid(3eb24b005e488944aacd70bb90a00b78) Importer(815301076,1909f56bfc062723c751e8b465ee728b)
Start importing Assets/Third-Party/Pastel Icons/resource/style03/shape059_style03_color05.png using Guid(3eb24b005e488944aacd70bb90a00b78) Importer(815301076,1909f56bfc062723c751e8b465ee728b) (PreviewImporter) -> (artifact id: 'dbf9b88fb1a1bf9b40b7f2ab90ed966f') in 0.0151154 seconds
Number of updated asset objects reloaded before import = 0Number of asset objects unloaded after import = 3

========================================================================
Received Import Request.
  Time since last request: 0.000015 seconds.
  path: Assets/Third-Party/Pastel Icons/resource/style03/shape059_style03_color03.png
  artifactKey: Guid(8820f6d06d2e506499fb84c660e78364) Importer(815301076,1909f56bfc062723c751e8b465ee728b)
Start importing Assets/Third-Party/Pastel Icons/resource/style03/shape059_style03_color03.png using Guid(8820f6d06d2e506499fb84c660e78364) Importer(815301076,1909f56bfc062723c751e8b465ee728b) (PreviewImporter) -> (artifact id: '12604fdff715bcfad3045f25a2cea900') in 0.0148114 seconds
Number of updated asset objects reloaded before import = 0Number of asset objects unloaded after import = 3

========================================================================
Received Import Request.
  Time since last request: 0.000019 seconds.
  path: Assets/Third-Party/Pastel Icons/resource/style02/shape059_style02_color06.png
  artifactKey: Guid(d7ca2b1dc865cbf46963b74eb1bcf1b2) Importer(815301076,1909f56bfc062723c751e8b465ee728b)
Start importing Assets/Third-Party/Pastel Icons/resource/style02/shape059_style02_color06.png using Guid(d7ca2b1dc865cbf46963b74eb1bcf1b2) Importer(815301076,1909f56bfc062723c751e8b465ee728b) (PreviewImporter) -> (artifact id: 'a663a1cdec8c38e198bd4e98fa73e854') in 0.0146322 seconds
Number of updated asset objects reloaded before import = 0Number of asset objects unloaded after import = 3

========================================================================
Received Import Request.
  Time since last request: 0.000015 seconds.
  path: Assets/Third-Party/Pastel Icons/resource/style02/shape059_style02_color09.png
  artifactKey: Guid(edd1fd873cd8992468b0112e7ca6e5e4) Importer(815301076,1909f56bfc062723c751e8b465ee728b)
Start importing Assets/Third-Party/Pastel Icons/resource/style02/shape059_style02_color09.png using Guid(edd1fd873cd8992468b0112e7ca6e5e4) Importer(815301076,1909f56bfc062723c751e8b465ee728b) (PreviewImporter) -> (artifact id: '7e39a24ebdcf318b8ca2e6f377eade2e') in 0.0583795 seconds
Number of updated asset objects reloaded before import = 0Number of asset objects unloaded after import = 3

========================================================================
Received Import Request.
  Time since last request: 0.000013 seconds.
  path: Assets/Third-Party/Pastel Icons/resource/style03/shape059_style03_color09.png
  artifactKey: Guid(634e1578422819a4f8e6d85fd9de5c30) Importer(815301076,1909f56bfc062723c751e8b465ee728b)
Start importing Assets/Third-Party/Pastel Icons/resource/style03/shape059_style03_color09.png using Guid(634e1578422819a4f8e6d85fd9de5c30) Importer(815301076,1909f56bfc062723c751e8b465ee728b) (PreviewImporter) -> (artifact id: '15a2c53ba8920c031f82dfbf8e66fc19') in 0.0145125 seconds
Number of updated asset objects reloaded before import = 0Number of asset objects unloaded after import = 3

========================================================================
Received Import Request.
  Time since last request: 0.000015 seconds.
  path: Assets/Third-Party/Pastel Icons/resource/style03/shape059_style03_color06.png
  artifactKey: Guid(5936add79d98f7b439ef6e6f2959dc57) Importer(815301076,1909f56bfc062723c751e8b465ee728b)
Start importing Assets/Third-Party/Pastel Icons/resource/style03/shape059_style03_color06.png using Guid(5936add79d98f7b439ef6e6f2959dc57) Importer(815301076,1909f56bfc062723c751e8b465ee728b) (PreviewImporter) -> (artifact id: 'dacc1af5a82337b4d097d2752a457c55') in 0.0140799 seconds
Number of updated asset objects reloaded before import = 0Number of asset objects unloaded after import = 3

========================================================================
Received Import Request.
  Time since last request: 0.198554 seconds.
  path: Assets/Third-Party/Pastel Icons/resource/style03/shape059_style03_color11.png
  artifactKey: Guid(401876cbefb59aa4b94ac1531ba7a08f) Importer(815301076,1909f56bfc062723c751e8b465ee728b)
Start importing Assets/Third-Party/Pastel Icons/resource/style03/shape059_style03_color11.png using Guid(401876cbefb59aa4b94ac1531ba7a08f) Importer(815301076,1909f56bfc062723c751e8b465ee728b) (PreviewImporter) -> (artifact id: '89440d7310aa7e21a2f13ed114304272') in 0.0149239 seconds
Number of updated asset objects reloaded before import = 0Number of asset objects unloaded after import = 3

========================================================================
Received Import Request.
  Time since last request: 0.000015 seconds.
  path: Assets/Third-Party/Pastel Icons/resource/style01/shape060_style01_color02.png
  artifactKey: Guid(67badd031ef1023419f07ca927714355) Importer(815301076,1909f56bfc062723c751e8b465ee728b)
Start importing Assets/Third-Party/Pastel Icons/resource/style01/shape060_style01_color02.png using Guid(67badd031ef1023419f07ca927714355) Importer(815301076,1909f56bfc062723c751e8b465ee728b) (PreviewImporter) -> (artifact id: '5e916754bd220867943547c4b47f2bb3') in 0.0148764 seconds
Number of updated asset objects reloaded before import = 0Number of asset objects unloaded after import = 3

========================================================================
Received Import Request.
  Time since last request: 0.000019 seconds.
  path: Assets/Third-Party/Pastel Icons/resource/style01/shape060_style01_color05.png
  artifactKey: Guid(fecc9ae3d5434b64a814b281782a6a9d) Importer(815301076,1909f56bfc062723c751e8b465ee728b)
Start importing Assets/Third-Party/Pastel Icons/resource/style01/shape060_style01_color05.png using Guid(fecc9ae3d5434b64a814b281782a6a9d) Importer(815301076,1909f56bfc062723c751e8b465ee728b) (PreviewImporter) -> (artifact id: 'ea0f23d4369bd44017aa21ddb896a9a2') in 0.0509887 seconds
Number of updated asset objects reloaded before import = 0Number of asset objects unloaded after import = 3

========================================================================
Received Import Request.
  Time since last request: 0.000019 seconds.
  path: Assets/Third-Party/Pastel Icons/resource/style02/shape060_style02_color04.png
  artifactKey: Guid(c7f6457cc89dae64ca9c1d10acd0e5b0) Importer(815301076,1909f56bfc062723c751e8b465ee728b)
Start importing Assets/Third-Party/Pastel Icons/resource/style02/shape060_style02_color04.png using Guid(c7f6457cc89dae64ca9c1d10acd0e5b0) Importer(815301076,1909f56bfc062723c751e8b465ee728b) (PreviewImporter) -> (artifact id: 'c016603a6c5bf9fa3c7cdfcb26cc3638') in 0.0943086 seconds
Number of updated asset objects reloaded before import = 0Number of asset objects unloaded after import = 3

========================================================================
Received Import Request.
  Time since last request: 0.000024 seconds.
  path: Assets/Third-Party/Pastel Icons/resource/style02/shape060_style02_color02.png
  artifactKey: Guid(ae8034ca1a4418d4ba5390363d2f620e) Importer(815301076,1909f56bfc062723c751e8b465ee728b)
Start importing Assets/Third-Party/Pastel Icons/resource/style02/shape060_style02_color02.png using Guid(ae8034ca1a4418d4ba5390363d2f620e) Importer(815301076,1909f56bfc062723c751e8b465ee728b) (PreviewImporter) -> (artifact id: '87cf3a31955460b2bffc4dc5e1f87d07') in 0.0137794 seconds
Number of updated asset objects reloaded before import = 0Number of asset objects unloaded after import = 3

========================================================================
Received Import Request.
  Time since last request: 0.000016 seconds.
  path: Assets/Third-Party/Pastel Icons/resource/style01/shape060_style01_color11.png
  artifactKey: Guid(b23da7c2b73275e4d842e530030be5d0) Importer(815301076,1909f56bfc062723c751e8b465ee728b)
Start importing Assets/Third-Party/Pastel Icons/resource/style01/shape060_style01_color11.png using Guid(b23da7c2b73275e4d842e530030be5d0) Importer(815301076,1909f56bfc062723c751e8b465ee728b) (PreviewImporter) -> (artifact id: '96f776b33197195e369d9767969d3c92') in 0.0131412 seconds
Number of updated asset objects reloaded before import = 0Number of asset objects unloaded after import = 3

========================================================================
Received Import Request.
  Time since last request: 0.000018 seconds.
  path: Assets/Third-Party/Pastel Icons/resource/style02/shape060_style02_color06.png
  artifactKey: Guid(78a1e281b32a64e4da0401e1d11ca71b) Importer(815301076,1909f56bfc062723c751e8b465ee728b)
Start importing Assets/Third-Party/Pastel Icons/resource/style02/shape060_style02_color06.png using Guid(78a1e281b32a64e4da0401e1d11ca71b) Importer(815301076,1909f56bfc062723c751e8b465ee728b) (PreviewImporter) -> (artifact id: '6b87fb44364a97dc148261ffbd817730') in 0.0111805 seconds
Number of updated asset objects reloaded before import = 0Number of asset objects unloaded after import = 3

========================================================================
Received Import Request.
  Time since last request: 0.194133 seconds.
  path: Assets/Third-Party/Pastel Icons/resource/style02/shape060_style02_color07.png
  artifactKey: Guid(3c136b819252683459620804cdf5adb5) Importer(815301076,1909f56bfc062723c751e8b465ee728b)
Start importing Assets/Third-Party/Pastel Icons/resource/style02/shape060_style02_color07.png using Guid(3c136b819252683459620804cdf5adb5) Importer(815301076,1909f56bfc062723c751e8b465ee728b) (PreviewImporter) -> (artifact id: '9b5c2cc5aee79ff96e34d1bd0c36f7da') in 0.0151623 seconds
Number of updated asset objects reloaded before import = 0Number of asset objects unloaded after import = 3

========================================================================
Received Import Request.
  Time since last request: 0.000021 seconds.
  path: Assets/Third-Party/Pastel Icons/resource/style02/shape060_style02_color10.png
  artifactKey: Guid(7005492bdc5099949bffce0499e5fddf) Importer(815301076,1909f56bfc062723c751e8b465ee728b)
Start importing Assets/Third-Party/Pastel Icons/resource/style02/shape060_style02_color10.png using Guid(7005492bdc5099949bffce0499e5fddf) Importer(815301076,1909f56bfc062723c751e8b465ee728b) (PreviewImporter) -> (artifact id: '3eb99c28be3d875634139c33655a229a') in 0.0133663 seconds
Number of updated asset objects reloaded before import = 0Number of asset objects unloaded after import = 3

========================================================================
Received Import Request.
  Time since last request: 0.000015 seconds.
  path: Assets/Third-Party/Pastel Icons/resource/style03/shape060_style03_color04.png
  artifactKey: Guid(222cb3c64cffcb54e9f59f092fcfcea8) Importer(815301076,1909f56bfc062723c751e8b465ee728b)
Start importing Assets/Third-Party/Pastel Icons/resource/style03/shape060_style03_color04.png using Guid(222cb3c64cffcb54e9f59f092fcfcea8) Importer(815301076,1909f56bfc062723c751e8b465ee728b) (PreviewImporter) -> (artifact id: '67091d01134465e21956d3a01bc2c3ba') in 0.0153468 seconds
Number of updated asset objects reloaded before import = 0Number of asset objects unloaded after import = 3

========================================================================
Received Import Request.
  Time since last request: 0.000018 seconds.
  path: Assets/Third-Party/Pastel Icons/resource/style03/shape060_style03_color03.png
  artifactKey: Guid(541fe5e6c1528cd4e97eb2cbf47edbc1) Importer(815301076,1909f56bfc062723c751e8b465ee728b)
Start importing Assets/Third-Party/Pastel Icons/resource/style03/shape060_style03_color03.png using Guid(541fe5e6c1528cd4e97eb2cbf47edbc1) Importer(815301076,1909f56bfc062723c751e8b465ee728b) (PreviewImporter) -> (artifact id: '4abcfcbf71d424d65952050ee2690fbc') in 0.0162234 seconds
Number of updated asset objects reloaded before import = 0Number of asset objects unloaded after import = 3

========================================================================
Received Import Request.
  Time since last request: 0.000016 seconds.
  path: Assets/Third-Party/Pastel Icons/resource/style03/shape060_style03_color09.png
  artifactKey: Guid(32250b916a39cd0479903b260ec4c3d5) Importer(815301076,1909f56bfc062723c751e8b465ee728b)
Start importing Assets/Third-Party/Pastel Icons/resource/style03/shape060_style03_color09.png using Guid(32250b916a39cd0479903b260ec4c3d5) Importer(815301076,1909f56bfc062723c751e8b465ee728b) (PreviewImporter) -> (artifact id: '9fb730b8715a57b28ca565c32762657f') in 0.0145549 seconds
Number of updated asset objects reloaded before import = 0Number of asset objects unloaded after import = 3

========================================================================
Received Import Request.
  Time since last request: 0.000017 seconds.
  path: Assets/Third-Party/Pastel Icons/resource/style01/shape061_style01_color01.png
  artifactKey: Guid(1449815514c84534c9860b156bfda506) Importer(815301076,1909f56bfc062723c751e8b465ee728b)
Start importing Assets/Third-Party/Pastel Icons/resource/style01/shape061_style01_color01.png using Guid(1449815514c84534c9860b156bfda506) Importer(815301076,1909f56bfc062723c751e8b465ee728b) (PreviewImporter) -> (artifact id: '6ce8d0b06a7aed4d812a5f1cdb70a890') in 0.0150343 seconds
Number of updated asset objects reloaded before import = 0Number of asset objects unloaded after import = 3

========================================================================
Received Import Request.
  Time since last request: 0.000016 seconds.
  path: Assets/Third-Party/Pastel Icons/resource/style03/shape060_style03_color10.png
  artifactKey: Guid(f8b5daac82844054e8fe7585ca0067bb) Importer(815301076,1909f56bfc062723c751e8b465ee728b)
Start importing Assets/Third-Party/Pastel Icons/resource/style03/shape060_style03_color10.png using Guid(f8b5daac82844054e8fe7585ca0067bb) Importer(815301076,1909f56bfc062723c751e8b465ee728b) (PreviewImporter) -> (artifact id: 'e912b6330f8f3b4179f9eef889721e1c') in 0.0141873 seconds
Number of updated asset objects reloaded before import = 0Number of asset objects unloaded after import = 3

========================================================================
Received Import Request.
  Time since last request: 0.293024 seconds.
  path: Assets/Third-Party/Pastel Icons/resource/style01/shape061_style01_color03.png
  artifactKey: Guid(2d4ee84116aa4974eacd323c7fc1c65f) Importer(815301076,1909f56bfc062723c751e8b465ee728b)
Start importing Assets/Third-Party/Pastel Icons/resource/style01/shape061_style01_color03.png using Guid(2d4ee84116aa4974eacd323c7fc1c65f) Importer(815301076,1909f56bfc062723c751e8b465ee728b) (PreviewImporter) -> (artifact id: '0cd2fecda86e1e0da3ca29888955b8e0') in 0.0166488 seconds
Number of updated asset objects reloaded before import = 0Number of asset objects unloaded after import = 3

========================================================================
Received Import Request.
  Time since last request: 0.000016 seconds.
  path: Assets/Third-Party/Pastel Icons/resource/style01/shape061_style01_color07.png
  artifactKey: Guid(f51183d7101c2bd469e8c87498d0f421) Importer(815301076,1909f56bfc062723c751e8b465ee728b)
Start importing Assets/Third-Party/Pastel Icons/resource/style01/shape061_style01_color07.png using Guid(f51183d7101c2bd469e8c87498d0f421) Importer(815301076,1909f56bfc062723c751e8b465ee728b) (PreviewImporter) -> (artifact id: '9ee03b76f2c2ea36cc047333d6f43e12') in 0.014346 seconds
Number of updated asset objects reloaded before import = 0Number of asset objects unloaded after import = 3

========================================================================
Received Import Request.
  Time since last request: 0.014520 seconds.
  path: Assets/Third-Party/Pastel Icons/resource/style01/shape061_style01_color08.png
  artifactKey: Guid(e30a6abb7a5b50f42b28104f248bb817) Importer(815301076,1909f56bfc062723c751e8b465ee728b)
Start importing Assets/Third-Party/Pastel Icons/resource/style01/shape061_style01_color08.png using Guid(e30a6abb7a5b50f42b28104f248bb817) Importer(815301076,1909f56bfc062723c751e8b465ee728b) (PreviewImporter) -> (artifact id: 'ef43541bb448ae21ee97c4006be66f98') in 0.0147241 seconds
Number of updated asset objects reloaded before import = 0Number of asset objects unloaded after import = 3

========================================================================
Received Import Request.
  Time since last request: 0.000017 seconds.
  path: Assets/Third-Party/Pastel Icons/resource/style02/shape061_style02_color04.png
  artifactKey: Guid(4a88f3fa8978e9a47afe59227f577d92) Importer(815301076,1909f56bfc062723c751e8b465ee728b)
Start importing Assets/Third-Party/Pastel Icons/resource/style02/shape061_style02_color04.png using Guid(4a88f3fa8978e9a47afe59227f577d92) Importer(815301076,1909f56bfc062723c751e8b465ee728b) (PreviewImporter) -> (artifact id: '2cdd53cf46de50e8f4862948043caa93') in 0.0145921 seconds
Number of updated asset objects reloaded before import = 0Number of asset objects unloaded after import = 3

========================================================================
Received Import Request.
  Time since last request: 0.000020 seconds.
  path: Assets/Third-Party/Pastel Icons/resource/style02/shape061_style02_color03.png
  artifactKey: Guid(7bc67a5654517894793eecabda77e640) Importer(815301076,1909f56bfc062723c751e8b465ee728b)
Start importing Assets/Third-Party/Pastel Icons/resource/style02/shape061_style02_color03.png using Guid(7bc67a5654517894793eecabda77e640) Importer(815301076,1909f56bfc062723c751e8b465ee728b) (PreviewImporter) -> (artifact id: '839452592bf7fd9ddf623c3ff85f30e3') in 0.1229373 seconds
Number of updated asset objects reloaded before import = 0Number of asset objects unloaded after import = 3

========================================================================
Received Import Request.
  Time since last request: 0.000017 seconds.
  path: Assets/Third-Party/Pastel Icons/resource/style02/shape061_style02_color08.png
  artifactKey: Guid(1a2cbdbc5fc06924b803ec8a696f6e64) Importer(815301076,1909f56bfc062723c751e8b465ee728b)
Start importing Assets/Third-Party/Pastel Icons/resource/style02/shape061_style02_color08.png using Guid(1a2cbdbc5fc06924b803ec8a696f6e64) Importer(815301076,1909f56bfc062723c751e8b465ee728b) (PreviewImporter) -> (artifact id: 'e1d781dfcf0513ab10e63bcb4c106a58') in 0.0131583 seconds
Number of updated asset objects reloaded before import = 0Number of asset objects unloaded after import = 3

========================================================================
Received Import Request.
  Time since last request: 0.000023 seconds.
  path: Assets/Third-Party/Pastel Icons/resource/style03/shape061_style03_color03.png
  artifactKey: Guid(2e49c4316da4a284e88bdb8a081fad7a) Importer(815301076,1909f56bfc062723c751e8b465ee728b)
Start importing Assets/Third-Party/Pastel Icons/resource/style03/shape061_style03_color03.png using Guid(2e49c4316da4a284e88bdb8a081fad7a) Importer(815301076,1909f56bfc062723c751e8b465ee728b) (PreviewImporter) -> (artifact id: 'ee8a74f965358214468515a048233c97') in 0.1084716 seconds
Number of updated asset objects reloaded before import = 0Number of asset objects unloaded after import = 3

========================================================================
Received Import Request.
  Time since last request: 0.000016 seconds.
  path: Assets/Third-Party/Pastel Icons/resource/style02/shape061_style02_color11.png
  artifactKey: Guid(4da6d547fefdabc4996efe076ee7632d) Importer(815301076,1909f56bfc062723c751e8b465ee728b)
Start importing Assets/Third-Party/Pastel Icons/resource/style02/shape061_style02_color11.png using Guid(4da6d547fefdabc4996efe076ee7632d) Importer(815301076,1909f56bfc062723c751e8b465ee728b) (PreviewImporter) -> (artifact id: 'bb677278b299ed67d2cf376f07ac81ad') in 0.0164257 seconds
Number of updated asset objects reloaded before import = 0Number of asset objects unloaded after import = 3

========================================================================
Received Import Request.
  Time since last request: 0.000020 seconds.
  path: Assets/Third-Party/Pastel Icons/resource/style02/shape061_style02_color07.png
  artifactKey: Guid(4e1e173d7ce00844d871770e44a8ec10) Importer(815301076,1909f56bfc062723c751e8b465ee728b)
Start importing Assets/Third-Party/Pastel Icons/resource/style02/shape061_style02_color07.png using Guid(4e1e173d7ce00844d871770e44a8ec10) Importer(815301076,1909f56bfc062723c751e8b465ee728b) (PreviewImporter) -> (artifact id: 'a5e9ce5f1a1ea37d831c14cede9055d9') in 0.0146908 seconds
Number of updated asset objects reloaded before import = 0Number of asset objects unloaded after import = 3

========================================================================
Received Import Request.
  Time since last request: 0.000017 seconds.
  path: Assets/Third-Party/Pastel Icons/resource/style01/shape061_style01_color12.png
  artifactKey: Guid(9d6389dbfc433e546930ad34f9831aa2) Importer(815301076,1909f56bfc062723c751e8b465ee728b)
Start importing Assets/Third-Party/Pastel Icons/resource/style01/shape061_style01_color12.png using Guid(9d6389dbfc433e546930ad34f9831aa2) Importer(815301076,1909f56bfc062723c751e8b465ee728b) (PreviewImporter) -> (artifact id: '9a271354e5ed4141383d0fedafb88554') in 0.0132505 seconds
Number of updated asset objects reloaded before import = 0Number of asset objects unloaded after import = 3

========================================================================
Received Import Request.
  Time since last request: 0.024661 seconds.
  path: Assets/Third-Party/Pastel Icons/resource/style03/shape061_style03_color04.png
  artifactKey: Guid(a10ad3bfa21c8da4e9b3bafa259aa9cd) Importer(815301076,1909f56bfc062723c751e8b465ee728b)
Start importing Assets/Third-Party/Pastel Icons/resource/style03/shape061_style03_color04.png using Guid(a10ad3bfa21c8da4e9b3bafa259aa9cd) Importer(815301076,1909f56bfc062723c751e8b465ee728b) (PreviewImporter) -> (artifact id: 'e726957be4506e455088a52385487511') in 0.0144427 seconds
Number of updated asset objects reloaded before import = 0Number of asset objects unloaded after import = 3

========================================================================
Received Import Request.
  Time since last request: 0.000018 seconds.
  path: Assets/Third-Party/Pastel Icons/resource/style03/shape061_style03_color09.png
  artifactKey: Guid(bddfecd954292834c8bdb0c3b59b289f) Importer(815301076,1909f56bfc062723c751e8b465ee728b)
Start importing Assets/Third-Party/Pastel Icons/resource/style03/shape061_style03_color09.png using Guid(bddfecd954292834c8bdb0c3b59b289f) Importer(815301076,1909f56bfc062723c751e8b465ee728b) (PreviewImporter) -> (artifact id: '60972c4fc22917669835e0cd71b6302f') in 0.0144528 seconds
Number of updated asset objects reloaded before import = 0Number of asset objects unloaded after import = 3

========================================================================
Received Import Request.
  Time since last request: 0.000023 seconds.
  path: Assets/Third-Party/Pastel Icons/resource/style03/shape061_style03_color10.png
  artifactKey: Guid(a321d9de9229f634f80cfd88f16cdcfc) Importer(815301076,1909f56bfc062723c751e8b465ee728b)
Start importing Assets/Third-Party/Pastel Icons/resource/style03/shape061_style03_color10.png using Guid(a321d9de9229f634f80cfd88f16cdcfc) Importer(815301076,1909f56bfc062723c751e8b465ee728b) (PreviewImporter) -> (artifact id: 'c222b09fd66c6e706b26086444d913a0') in 0.0146119 seconds
Number of updated asset objects reloaded before import = 0Number of asset objects unloaded after import = 3

========================================================================
Received Import Request.
  Time since last request: 0.000024 seconds.
  path: Assets/Third-Party/Pastel Icons/resource/style03/shape061_style03_color07.png
  artifactKey: Guid(3862a0cc7fed87e4cb71965ec73fa323) Importer(815301076,1909f56bfc062723c751e8b465ee728b)
Start importing Assets/Third-Party/Pastel Icons/resource/style03/shape061_style03_color07.png using Guid(3862a0cc7fed87e4cb71965ec73fa323) Importer(815301076,1909f56bfc062723c751e8b465ee728b) (PreviewImporter) -> (artifact id: 'de3f50327283dd5606f5b4f911204e4a') in 0.0140675 seconds
Number of updated asset objects reloaded before import = 0Number of asset objects unloaded after import = 3

========================================================================
Received Import Request.
  Time since last request: 0.000015 seconds.
  path: Assets/Third-Party/Pastel Icons/resource/style01/shape062_style01_color06.png
  artifactKey: Guid(e78d244af97e5e34ab02260a663975c9) Importer(815301076,1909f56bfc062723c751e8b465ee728b)
Start importing Assets/Third-Party/Pastel Icons/resource/style01/shape062_style01_color06.png using Guid(e78d244af97e5e34ab02260a663975c9) Importer(815301076,1909f56bfc062723c751e8b465ee728b) (PreviewImporter) -> (artifact id: '2c221b6e26b19be77d9aa4dc51365fd7') in 0.0146026 seconds
Number of updated asset objects reloaded before import = 0Number of asset objects unloaded after import = 3

========================================================================
Received Import Request.
  Time since last request: 0.000015 seconds.
  path: Assets/Third-Party/Pastel Icons/resource/style01/shape062_style01_color11.png
  artifactKey: Guid(e1d01c2ceebf2a74b8c2afa393028cae) Importer(815301076,1909f56bfc062723c751e8b465ee728b)
Start importing Assets/Third-Party/Pastel Icons/resource/style01/shape062_style01_color11.png using Guid(e1d01c2ceebf2a74b8c2afa393028cae) Importer(815301076,1909f56bfc062723c751e8b465ee728b) (PreviewImporter) -> (artifact id: '1d8fe52a500d1d27b47543d6186b24cf') in 0.0151588 seconds
Number of updated asset objects reloaded before import = 0Number of asset objects unloaded after import = 3

========================================================================
Received Import Request.
  Time since last request: 0.000015 seconds.
  path: Assets/Third-Party/Pastel Icons/resource/style01/shape062_style01_color07.png
  artifactKey: Guid(d8649ed3e5be12049857aeab0e9eb0b1) Importer(815301076,1909f56bfc062723c751e8b465ee728b)
Start importing Assets/Third-Party/Pastel Icons/resource/style01/shape062_style01_color07.png using Guid(d8649ed3e5be12049857aeab0e9eb0b1) Importer(815301076,1909f56bfc062723c751e8b465ee728b) (PreviewImporter) -> (artifact id: '74bfced9cbc8f483c709c2c9e0d50dec') in 0.0136035 seconds
Number of updated asset objects reloaded before import = 0Number of asset objects unloaded after import = 3

========================================================================
Received Import Request.
  Time since last request: 0.263287 seconds.
  path: Assets/Third-Party/Pastel Icons/resource/style01/shape062_style01_color12.png
  artifactKey: Guid(e959f20cb6e874a43a541058357ae935) Importer(815301076,1909f56bfc062723c751e8b465ee728b)
Start importing Assets/Third-Party/Pastel Icons/resource/style01/shape062_style01_color12.png using Guid(e959f20cb6e874a43a541058357ae935) Importer(815301076,1909f56bfc062723c751e8b465ee728b) (PreviewImporter) -> (artifact id: '5c39fbb155f09d77b9bfb14e61bfb2ec') in 0.015905 seconds
Number of updated asset objects reloaded before import = 0Number of asset objects unloaded after import = 3

========================================================================
Received Import Request.
  Time since last request: 0.020258 seconds.
  path: Assets/Third-Party/Pastel Icons/resource/style02/shape062_style02_color05.png
  artifactKey: Guid(18e06ada2a854e4489b70e17bd8a4c30) Importer(815301076,1909f56bfc062723c751e8b465ee728b)
Start importing Assets/Third-Party/Pastel Icons/resource/style02/shape062_style02_color05.png using Guid(18e06ada2a854e4489b70e17bd8a4c30) Importer(815301076,1909f56bfc062723c751e8b465ee728b) (PreviewImporter) -> (artifact id: 'd88f025a59dd803da3ed93a5339138fe') in 0.0144569 seconds
Number of updated asset objects reloaded before import = 0Number of asset objects unloaded after import = 3

========================================================================
Received Import Request.
  Time since last request: 0.000017 seconds.
  path: Assets/Third-Party/Pastel Icons/resource/style02/shape062_style02_color08.png
  artifactKey: Guid(ed1f4ebf57dda814d9b8a705c50ca5b3) Importer(815301076,1909f56bfc062723c751e8b465ee728b)
Start importing Assets/Third-Party/Pastel Icons/resource/style02/shape062_style02_color08.png using Guid(ed1f4ebf57dda814d9b8a705c50ca5b3) Importer(815301076,1909f56bfc062723c751e8b465ee728b) (PreviewImporter) -> (artifact id: '36e0a907d35b153dadd48d0cb0c2953c') in 0.0131309 seconds
Number of updated asset objects reloaded before import = 0Number of asset objects unloaded after import = 3

========================================================================
Received Import Request.
  Time since last request: 0.005515 seconds.
  path: Assets/Third-Party/Pastel Icons/resource/style02/shape062_style02_color10.png
  artifactKey: Guid(29483a4bb0702cf4d96bf1d12cc14814) Importer(815301076,1909f56bfc062723c751e8b465ee728b)
Start importing Assets/Third-Party/Pastel Icons/resource/style02/shape062_style02_color10.png using Guid(29483a4bb0702cf4d96bf1d12cc14814) Importer(815301076,1909f56bfc062723c751e8b465ee728b) (PreviewImporter) -> (artifact id: '5783710b0cca2f9c8579eb49d9e5e17d') in 0.0141762 seconds
Number of updated asset objects reloaded before import = 0Number of asset objects unloaded after import = 3

========================================================================
Received Import Request.
  Time since last request: 0.000018 seconds.
  path: Assets/Third-Party/Pastel Icons/resource/style03/shape062_style03_color02.png
  artifactKey: Guid(d3a72c27fd218524ca0fdaa603661a51) Importer(815301076,1909f56bfc062723c751e8b465ee728b)
Start importing Assets/Third-Party/Pastel Icons/resource/style03/shape062_style03_color02.png using Guid(d3a72c27fd218524ca0fdaa603661a51) Importer(815301076,1909f56bfc062723c751e8b465ee728b) (PreviewImporter) -> (artifact id: '27be0e4f79aecc1150da778c1266f159') in 0.0137294 seconds
Number of updated asset objects reloaded before import = 0Number of asset objects unloaded after import = 3

========================================================================
Received Import Request.
  Time since last request: 0.006106 seconds.
  path: Assets/Third-Party/Pastel Icons/resource/style03/shape062_style03_color03.png
  artifactKey: Guid(dded90e2c10ceec46ac2b3b041e371c2) Importer(815301076,1909f56bfc062723c751e8b465ee728b)
Start importing Assets/Third-Party/Pastel Icons/resource/style03/shape062_style03_color03.png using Guid(dded90e2c10ceec46ac2b3b041e371c2) Importer(815301076,1909f56bfc062723c751e8b465ee728b) (PreviewImporter) -> (artifact id: 'f75fd7cbec4d13ce85ad707c72a63fc7') in 0.021841 seconds
Number of updated asset objects reloaded before import = 0Number of asset objects unloaded after import = 3

========================================================================
Received Import Request.
  Time since last request: 0.000015 seconds.
  path: Assets/Third-Party/Pastel Icons/resource/style03/shape062_style03_color07.png
  artifactKey: Guid(989af9d0b2a54864e80f0a3c05702d10) Importer(815301076,1909f56bfc062723c751e8b465ee728b)
Start importing Assets/Third-Party/Pastel Icons/resource/style03/shape062_style03_color07.png using Guid(989af9d0b2a54864e80f0a3c05702d10) Importer(815301076,1909f56bfc062723c751e8b465ee728b) (PreviewImporter) -> (artifact id: 'bc3a5f2d3e8e8c027ca6e939cd1a8746') in 0.0162373 seconds
Number of updated asset objects reloaded before import = 0Number of asset objects unloaded after import = 3

========================================================================
Received Import Request.
  Time since last request: 0.000019 seconds.
  path: Assets/Third-Party/Pastel Icons/resource/style03/shape062_style03_color10.png
  artifactKey: Guid(ede5f4087a7f92042b857af32461d1d1) Importer(815301076,1909f56bfc062723c751e8b465ee728b)
Start importing Assets/Third-Party/Pastel Icons/resource/style03/shape062_style03_color10.png using Guid(ede5f4087a7f92042b857af32461d1d1) Importer(815301076,1909f56bfc062723c751e8b465ee728b) (PreviewImporter) -> (artifact id: '171fe0ff31bacf9b8f3e4de9bde08c62') in 0.0616537 seconds
Number of updated asset objects reloaded before import = 0Number of asset objects unloaded after import = 3

========================================================================
Received Import Request.
  Time since last request: 0.000016 seconds.
  path: Assets/Third-Party/Pastel Icons/resource/style03/shape062_style03_color11.png
  artifactKey: Guid(2fbea5ee327bdbb48bac59baf1eace6c) Importer(815301076,1909f56bfc062723c751e8b465ee728b)
Start importing Assets/Third-Party/Pastel Icons/resource/style03/shape062_style03_color11.png using Guid(2fbea5ee327bdbb48bac59baf1eace6c) Importer(815301076,1909f56bfc062723c751e8b465ee728b) (PreviewImporter) -> (artifact id: '6281c885749dd6c0b7f1a002f8f48cad') in 0.0132064 seconds
Number of updated asset objects reloaded before import = 0Number of asset objects unloaded after import = 3

========================================================================
Received Import Request.
  Time since last request: 0.305535 seconds.
  path: Assets/Third-Party/Pastel Icons/resource/style01/shape063_style01_color01.png
  artifactKey: Guid(2457741e6d851304cb2cf7f2a89d653c) Importer(815301076,1909f56bfc062723c751e8b465ee728b)
Start importing Assets/Third-Party/Pastel Icons/resource/style01/shape063_style01_color01.png using Guid(2457741e6d851304cb2cf7f2a89d653c) Importer(815301076,1909f56bfc062723c751e8b465ee728b) (PreviewImporter) -> (artifact id: '2e435cfba1209d157ea1ef6462247c19') in 0.0153055 seconds
Number of updated asset objects reloaded before import = 0Number of asset objects unloaded after import = 3

========================================================================
Received Import Request.
  Time since last request: 0.041666 seconds.
  path: Assets/Third-Party/Pastel Icons/resource/style01/shape063_style01_color06.png
  artifactKey: Guid(e03c3f2bf16bac449bb738a8ba8da937) Importer(815301076,1909f56bfc062723c751e8b465ee728b)
Start importing Assets/Third-Party/Pastel Icons/resource/style01/shape063_style01_color06.png using Guid(e03c3f2bf16bac449bb738a8ba8da937) Importer(815301076,1909f56bfc062723c751e8b465ee728b) (PreviewImporter) -> (artifact id: 'f571f0873bd1f50659dd9973ab91cfae') in 0.015015 seconds
Number of updated asset objects reloaded before import = 0Number of asset objects unloaded after import = 3

========================================================================
Received Import Request.
  Time since last request: 0.000014 seconds.
  path: Assets/Third-Party/Pastel Icons/resource/style01/shape063_style01_color12.png
  artifactKey: Guid(57619b1ccbcfc8b4b8e5bc3d0bb2c931) Importer(815301076,1909f56bfc062723c751e8b465ee728b)
Start importing Assets/Third-Party/Pastel Icons/resource/style01/shape063_style01_color12.png using Guid(57619b1ccbcfc8b4b8e5bc3d0bb2c931) Importer(815301076,1909f56bfc062723c751e8b465ee728b) (PreviewImporter) -> (artifact id: '0309eabb22521e1afcf23317c8470fb2') in 0.0141161 seconds
Number of updated asset objects reloaded before import = 0Number of asset objects unloaded after import = 3

========================================================================
Received Import Request.
  Time since last request: 0.000018 seconds.
  path: Assets/Third-Party/Pastel Icons/resource/style01/shape063_style01_color10.png
  artifactKey: Guid(119961efd6f6a9444b970fc395c35ef2) Importer(815301076,1909f56bfc062723c751e8b465ee728b)
Start importing Assets/Third-Party/Pastel Icons/resource/style01/shape063_style01_color10.png using Guid(119961efd6f6a9444b970fc395c35ef2) Importer(815301076,1909f56bfc062723c751e8b465ee728b) (PreviewImporter) -> (artifact id: '2d234a307b4d608586e50ec9a13a48b3') in 0.0136567 seconds
Number of updated asset objects reloaded before import = 0Number of asset objects unloaded after import = 3

========================================================================
Received Import Request.
  Time since last request: 0.000016 seconds.
  path: Assets/Third-Party/Pastel Icons/resource/style02/shape063_style02_color02.png
  artifactKey: Guid(4d2ee5637624b3643a5181181b8e6e9c) Importer(815301076,1909f56bfc062723c751e8b465ee728b)
Start importing Assets/Third-Party/Pastel Icons/resource/style02/shape063_style02_color02.png using Guid(4d2ee5637624b3643a5181181b8e6e9c) Importer(815301076,1909f56bfc062723c751e8b465ee728b) (PreviewImporter) -> (artifact id: 'f6aaa7f3749ee074feae197c83144132') in 0.2305453 seconds
Number of updated asset objects reloaded before import = 0Number of asset objects unloaded after import = 3

========================================================================
Received Import Request.
  Time since last request: 0.000019 seconds.
  path: Assets/Third-Party/Pastel Icons/resource/style02/shape063_style02_color07.png
  artifactKey: Guid(3f168f910c9aa2c418e77cea31d62723) Importer(815301076,1909f56bfc062723c751e8b465ee728b)
Start importing Assets/Third-Party/Pastel Icons/resource/style02/shape063_style02_color07.png using Guid(3f168f910c9aa2c418e77cea31d62723) Importer(815301076,1909f56bfc062723c751e8b465ee728b) (PreviewImporter) -> (artifact id: '8a58d10d6e75f397bf9838754fcb21c1') in 0.0147964 seconds
Number of updated asset objects reloaded before import = 0Number of asset objects unloaded after import = 3

========================================================================
Received Import Request.
  Time since last request: 0.185541 seconds.
  path: Assets/Third-Party/Pastel Icons/resource/style02/shape063_style02_color09.png
  artifactKey: Guid(e9d188fff4f538a4a8080d55153f410c) Importer(815301076,1909f56bfc062723c751e8b465ee728b)
Start importing Assets/Third-Party/Pastel Icons/resource/style02/shape063_style02_color09.png using Guid(e9d188fff4f538a4a8080d55153f410c) Importer(815301076,1909f56bfc062723c751e8b465ee728b) (PreviewImporter) -> (artifact id: 'e887be9146409703f10fa541b4635748') in 0.0156437 seconds
Number of updated asset objects reloaded before import = 0Number of asset objects unloaded after import = 3

========================================================================
Received Import Request.
  Time since last request: 0.000017 seconds.
  path: Assets/Third-Party/Pastel Icons/resource/style02/shape063_style02_color12.png
  artifactKey: Guid(7dc1fd053ed549340a9018c6ec6d1458) Importer(815301076,1909f56bfc062723c751e8b465ee728b)
Start importing Assets/Third-Party/Pastel Icons/resource/style02/shape063_style02_color12.png using Guid(7dc1fd053ed549340a9018c6ec6d1458) Importer(815301076,1909f56bfc062723c751e8b465ee728b) (PreviewImporter) -> (artifact id: 'fe90562d62d27b2faa640f8c3842337e') in 0.0138419 seconds
Number of updated asset objects reloaded before import = 0Number of asset objects unloaded after import = 3

========================================================================
Received Import Request.
  Time since last request: 0.004055 seconds.
  path: Assets/Third-Party/Pastel Icons/resource/style03/shape063_style03_color02.png
  artifactKey: Guid(296388bd6be4084468efdee97fba977e) Importer(815301076,1909f56bfc062723c751e8b465ee728b)
Start importing Assets/Third-Party/Pastel Icons/resource/style03/shape063_style03_color02.png using Guid(296388bd6be4084468efdee97fba977e) Importer(815301076,1909f56bfc062723c751e8b465ee728b) (PreviewImporter) -> (artifact id: '488fed4b3c1f32b135a2481c24f6ec84') in 0.014889 seconds
Number of updated asset objects reloaded before import = 0Number of asset objects unloaded after import = 3

========================================================================
Received Import Request.
  Time since last request: 0.000016 seconds.
  path: Assets/Third-Party/Pastel Icons/resource/style03/shape063_style03_color06.png
  artifactKey: Guid(40a2a97d99dc1e745848349ce7fdcb76) Importer(815301076,1909f56bfc062723c751e8b465ee728b)
Start importing Assets/Third-Party/Pastel Icons/resource/style03/shape063_style03_color06.png using Guid(40a2a97d99dc1e745848349ce7fdcb76) Importer(815301076,1909f56bfc062723c751e8b465ee728b) (PreviewImporter) -> (artifact id: '1a37b291749361f85b3bd8725bfcaa8c') in 0.0135324 seconds
Number of updated asset objects reloaded before import = 0Number of asset objects unloaded after import = 3

========================================================================
Received Import Request.
  Time since last request: 0.004733 seconds.
  path: Assets/Third-Party/Pastel Icons/resource/style03/shape063_style03_color07.png
  artifactKey: Guid(f52b559ed71cca848a997b527ec282a2) Importer(815301076,1909f56bfc062723c751e8b465ee728b)
Start importing Assets/Third-Party/Pastel Icons/resource/style03/shape063_style03_color07.png using Guid(f52b559ed71cca848a997b527ec282a2) Importer(815301076,1909f56bfc062723c751e8b465ee728b) (PreviewImporter) -> (artifact id: '5f717f079f848fcba1b7c80cd868a816') in 0.0143995 seconds
Number of updated asset objects reloaded before import = 0Number of asset objects unloaded after import = 3

========================================================================
Received Import Request.
  Time since last request: 0.000018 seconds.
  path: Assets/Third-Party/Pastel Icons/resource/style03/shape063_style03_color11.png
  artifactKey: Guid(8d3faa77b5854d04e8b0f5eac4877272) Importer(815301076,1909f56bfc062723c751e8b465ee728b)
Start importing Assets/Third-Party/Pastel Icons/resource/style03/shape063_style03_color11.png using Guid(8d3faa77b5854d04e8b0f5eac4877272) Importer(815301076,1909f56bfc062723c751e8b465ee728b) (PreviewImporter) -> (artifact id: 'b43bf83234ad1324c6a80bb8a1c130a4') in 0.0133619 seconds
Number of updated asset objects reloaded before import = 0Number of asset objects unloaded after import = 3

========================================================================
Received Import Request.
  Time since last request: 0.006848 seconds.
  path: Assets/Third-Party/Pastel Icons/resource/style03/shape063_style03_color12.png
  artifactKey: Guid(51794ab170945264489e7de749c2dbb3) Importer(815301076,1909f56bfc062723c751e8b465ee728b)
Start importing Assets/Third-Party/Pastel Icons/resource/style03/shape063_style03_color12.png using Guid(51794ab170945264489e7de749c2dbb3) Importer(815301076,1909f56bfc062723c751e8b465ee728b) (PreviewImporter) -> (artifact id: 'e953f8fe3856fba9b1815517a50e27b8') in 0.0149893 seconds
Number of updated asset objects reloaded before import = 0Number of asset objects unloaded after import = 3

========================================================================
Received Import Request.
  Time since last request: 0.000020 seconds.
  path: Assets/Third-Party/Pastel Icons/resource/style01/shape064_style01_color04.png
  artifactKey: Guid(4757cca51c4e00c4cb6fde7f4849d0b3) Importer(815301076,1909f56bfc062723c751e8b465ee728b)
Start importing Assets/Third-Party/Pastel Icons/resource/style01/shape064_style01_color04.png using Guid(4757cca51c4e00c4cb6fde7f4849d0b3) Importer(815301076,1909f56bfc062723c751e8b465ee728b) (PreviewImporter) -> (artifact id: 'ee837d705ab5491ae0774eaa780b14c6') in 0.0139676 seconds
Number of updated asset objects reloaded before import = 0Number of asset objects unloaded after import = 3

========================================================================
Received Import Request.
  Time since last request: 0.000016 seconds.
  path: Assets/Third-Party/Pastel Icons/resource/style01/shape064_style01_color07.png
  artifactKey: Guid(7ccb4360bc511104d916334d7b988b32) Importer(815301076,1909f56bfc062723c751e8b465ee728b)
Start importing Assets/Third-Party/Pastel Icons/resource/style01/shape064_style01_color07.png using Guid(7ccb4360bc511104d916334d7b988b32) Importer(815301076,1909f56bfc062723c751e8b465ee728b) (PreviewImporter) -> (artifact id: '97ced05d9900b4a931620b4c02553c68') in 0.0267546 seconds
Number of updated asset objects reloaded before import = 0Number of asset objects unloaded after import = 3

========================================================================
Received Import Request.
  Time since last request: 0.000018 seconds.
  path: Assets/Third-Party/Pastel Icons/resource/style01/shape064_style01_color06.png
  artifactKey: Guid(ce0bccf9f56339341a4ff31b6cc1caa7) Importer(815301076,1909f56bfc062723c751e8b465ee728b)
Start importing Assets/Third-Party/Pastel Icons/resource/style01/shape064_style01_color06.png using Guid(ce0bccf9f56339341a4ff31b6cc1caa7) Importer(815301076,1909f56bfc062723c751e8b465ee728b) (PreviewImporter) -> (artifact id: '114871ae5987fd1df33f84b2ca6b6c66') in 0.0131047 seconds
Number of updated asset objects reloaded before import = 0Number of asset objects unloaded after import = 3

========================================================================
Received Import Request.
  Time since last request: 0.326709 seconds.
  path: Assets/Third-Party/Pastel Icons/resource/style01/shape064_style01_color10.png
  artifactKey: Guid(ab885e5add422fa4b81d1b3b8bfd085d) Importer(815301076,1909f56bfc062723c751e8b465ee728b)
Start importing Assets/Third-Party/Pastel Icons/resource/style01/shape064_style01_color10.png using Guid(ab885e5add422fa4b81d1b3b8bfd085d) Importer(815301076,1909f56bfc062723c751e8b465ee728b) (PreviewImporter) -> (artifact id: '374bc8097093d91a2326aa405367c2c9') in 0.0147122 seconds
Number of updated asset objects reloaded before import = 0Number of asset objects unloaded after import = 3

========================================================================
Received Import Request.
  Time since last request: 0.000014 seconds.
  path: Assets/Third-Party/Pastel Icons/resource/style02/shape064_style02_color02.png
  artifactKey: Guid(54d6160e565c38344918cbab649bb3fc) Importer(815301076,1909f56bfc062723c751e8b465ee728b)
Start importing Assets/Third-Party/Pastel Icons/resource/style02/shape064_style02_color02.png using Guid(54d6160e565c38344918cbab649bb3fc) Importer(815301076,1909f56bfc062723c751e8b465ee728b) (PreviewImporter) -> (artifact id: '2206b6e88cb5922cee40dbb788427a2e') in 0.0133498 seconds
Number of updated asset objects reloaded before import = 0Number of asset objects unloaded after import = 3

========================================================================
Received Import Request.
  Time since last request: 0.002409 seconds.
  path: Assets/Third-Party/Pastel Icons/resource/style02/shape064_style02_color03.png
  artifactKey: Guid(8462410d4b849dc41b6f3a67a2365cdd) Importer(815301076,1909f56bfc062723c751e8b465ee728b)
Start importing Assets/Third-Party/Pastel Icons/resource/style02/shape064_style02_color03.png using Guid(8462410d4b849dc41b6f3a67a2365cdd) Importer(815301076,1909f56bfc062723c751e8b465ee728b) (PreviewImporter) -> (artifact id: '8d17f2b60a919edc32048ea78ca21361') in 0.0137213 seconds
Number of updated asset objects reloaded before import = 0Number of asset objects unloaded after import = 3

========================================================================
Received Import Request.
  Time since last request: 0.000021 seconds.
  path: Assets/Third-Party/Pastel Icons/resource/style02/shape064_style02_color06.png
  artifactKey: Guid(86775d60bb7309c48be367e77ec02f5e) Importer(815301076,1909f56bfc062723c751e8b465ee728b)
Start importing Assets/Third-Party/Pastel Icons/resource/style02/shape064_style02_color06.png using Guid(86775d60bb7309c48be367e77ec02f5e) Importer(815301076,1909f56bfc062723c751e8b465ee728b) (PreviewImporter) -> (artifact id: '2f4f5125f77bc3e269310b2dfbd48b5f') in 0.0131769 seconds
Number of updated asset objects reloaded before import = 0Number of asset objects unloaded after import = 3

========================================================================
Received Import Request.
  Time since last request: 0.008091 seconds.
  path: Assets/Third-Party/Pastel Icons/resource/style02/shape064_style02_color08.png
  artifactKey: Guid(4f1a51763e7168c4bbc2eed6fd3332e8) Importer(815301076,1909f56bfc062723c751e8b465ee728b)
Start importing Assets/Third-Party/Pastel Icons/resource/style02/shape064_style02_color08.png using Guid(4f1a51763e7168c4bbc2eed6fd3332e8) Importer(815301076,1909f56bfc062723c751e8b465ee728b) (PreviewImporter) -> (artifact id: '82b2ab02c87480a7d03de57f3ea1f154') in 0.0895026 seconds
Number of updated asset objects reloaded before import = 0Number of asset objects unloaded after import = 3

========================================================================
Received Import Request.
  Time since last request: 0.000017 seconds.
  path: Assets/Third-Party/Pastel Icons/resource/style02/shape064_style02_color12.png
  artifactKey: Guid(6795b1515f620e9459fbe04af169d36d) Importer(815301076,1909f56bfc062723c751e8b465ee728b)
Start importing Assets/Third-Party/Pastel Icons/resource/style02/shape064_style02_color12.png using Guid(6795b1515f620e9459fbe04af169d36d) Importer(815301076,1909f56bfc062723c751e8b465ee728b) (PreviewImporter) -> (artifact id: '4744b02c51f38b99cddbdee646a7539f') in 0.015271 seconds
Number of updated asset objects reloaded before import = 0Number of asset objects unloaded after import = 3

========================================================================
Received Import Request.
  Time since last request: 0.000030 seconds.
  path: Assets/Third-Party/Pastel Icons/resource/style03/shape064_style03_color04.png
  artifactKey: Guid(edcd1048c6b86d84da37706229e18fb7) Importer(815301076,1909f56bfc062723c751e8b465ee728b)
Start importing Assets/Third-Party/Pastel Icons/resource/style03/shape064_style03_color04.png using Guid(edcd1048c6b86d84da37706229e18fb7) Importer(815301076,1909f56bfc062723c751e8b465ee728b) (PreviewImporter) -> (artifact id: '615ad269f213d346bddc885aae772618') in 0.0141018 seconds
Number of updated asset objects reloaded before import = 0Number of asset objects unloaded after import = 3

========================================================================
Received Import Request.
  Time since last request: 0.000016 seconds.
  path: Assets/Third-Party/Pastel Icons/resource/style03/shape064_style03_color02.png
  artifactKey: Guid(620029c3d8afa334f90b67de3d0e6800) Importer(815301076,1909f56bfc062723c751e8b465ee728b)
Start importing Assets/Third-Party/Pastel Icons/resource/style03/shape064_style03_color02.png using Guid(620029c3d8afa334f90b67de3d0e6800) Importer(815301076,1909f56bfc062723c751e8b465ee728b) (PreviewImporter) -> (artifact id: '9b98bdcf714f72a55c37a2dbed466b5c') in 0.0133577 seconds
Number of updated asset objects reloaded before import = 0Number of asset objects unloaded after import = 3

========================================================================
Received Import Request.
  Time since last request: 0.189248 seconds.
  path: Assets/Third-Party/Pastel Icons/resource/style03/shape064_style03_color06.png
  artifactKey: Guid(b89f138a15caa6742a8c0dfd05d455d1) Importer(815301076,1909f56bfc062723c751e8b465ee728b)
Start importing Assets/Third-Party/Pastel Icons/resource/style03/shape064_style03_color06.png using Guid(b89f138a15caa6742a8c0dfd05d455d1) Importer(815301076,1909f56bfc062723c751e8b465ee728b) (PreviewImporter) -> (artifact id: 'ee7022442fed8807e1a622f12db61577') in 0.0160601 seconds
Number of updated asset objects reloaded before import = 0Number of asset objects unloaded after import = 3

========================================================================
Received Import Request.
  Time since last request: 0.000015 seconds.
  path: Assets/Third-Party/Pastel Icons/resource/style03/shape064_style03_color11.png
  artifactKey: Guid(25c64d1253040c24c986ecf11a0f7db0) Importer(815301076,1909f56bfc062723c751e8b465ee728b)
Start importing Assets/Third-Party/Pastel Icons/resource/style03/shape064_style03_color11.png using Guid(25c64d1253040c24c986ecf11a0f7db0) Importer(815301076,1909f56bfc062723c751e8b465ee728b) (PreviewImporter) -> (artifact id: 'd8e90c5117a4ed42af7a3ad4f4ffb488') in 0.0130767 seconds
Number of updated asset objects reloaded before import = 0Number of asset objects unloaded after import = 3

========================================================================
Received Import Request.
  Time since last request: 0.000016 seconds.
  path: Assets/Third-Party/Pastel Icons/resource/style01/shape065_style01_color01.png
  artifactKey: Guid(f823ab5f4b8844645bf58f3929de1c5a) Importer(815301076,1909f56bfc062723c751e8b465ee728b)
Start importing Assets/Third-Party/Pastel Icons/resource/style01/shape065_style01_color01.png using Guid(f823ab5f4b8844645bf58f3929de1c5a) Importer(815301076,1909f56bfc062723c751e8b465ee728b) (PreviewImporter) -> (artifact id: '16d2b8f2038e755dd17e860c6445567b') in 0.0145768 seconds
Number of updated asset objects reloaded before import = 0Number of asset objects unloaded after import = 3

========================================================================
Received Import Request.
  Time since last request: 0.023115 seconds.
  path: Assets/Third-Party/Pastel Icons/resource/style01/shape065_style01_color04.png
  artifactKey: Guid(49f7eb322d840bc43ad54e39b1e9e233) Importer(815301076,1909f56bfc062723c751e8b465ee728b)
Start importing Assets/Third-Party/Pastel Icons/resource/style01/shape065_style01_color04.png using Guid(49f7eb322d840bc43ad54e39b1e9e233) Importer(815301076,1909f56bfc062723c751e8b465ee728b) (PreviewImporter) -> (artifact id: '6597d34241470d8329b185423ffcafe4') in 0.0150948 seconds
Number of updated asset objects reloaded before import = 0Number of asset objects unloaded after import = 3

========================================================================
Received Import Request.
  Time since last request: 0.000018 seconds.
  path: Assets/Third-Party/Pastel Icons/resource/style01/shape065_style01_color09.png
  artifactKey: Guid(2aefd51f2e2c0964492cf55b59dfb6d9) Importer(815301076,1909f56bfc062723c751e8b465ee728b)
Start importing Assets/Third-Party/Pastel Icons/resource/style01/shape065_style01_color09.png using Guid(2aefd51f2e2c0964492cf55b59dfb6d9) Importer(815301076,1909f56bfc062723c751e8b465ee728b) (PreviewImporter) -> (artifact id: 'e6c0fff40bac6851c7a11ad33b5f4cb6') in 0.0143854 seconds
Number of updated asset objects reloaded before import = 0Number of asset objects unloaded after import = 3

========================================================================
Received Import Request.
  Time since last request: 0.000014 seconds.
  path: Assets/Third-Party/Pastel Icons/resource/style01/shape065_style01_color08.png
  artifactKey: Guid(9b234f9ea3679e44bbf5570bae41207f) Importer(815301076,1909f56bfc062723c751e8b465ee728b)
Start importing Assets/Third-Party/Pastel Icons/resource/style01/shape065_style01_color08.png using Guid(9b234f9ea3679e44bbf5570bae41207f) Importer(815301076,1909f56bfc062723c751e8b465ee728b) (PreviewImporter) -> (artifact id: '87937f0c95c9a450acf6f05b239c0ecf') in 0.013851 seconds
Number of updated asset objects reloaded before import = 0Number of asset objects unloaded after import = 3

========================================================================
Received Import Request.
  Time since last request: 0.000014 seconds.
  path: Assets/Third-Party/Pastel Icons/resource/style02/shape065_style02_color02.png
  artifactKey: Guid(9cca0a08c77731c439f7cedb9c03dd89) Importer(815301076,1909f56bfc062723c751e8b465ee728b)
Start importing Assets/Third-Party/Pastel Icons/resource/style02/shape065_style02_color02.png using Guid(9cca0a08c77731c439f7cedb9c03dd89) Importer(815301076,1909f56bfc062723c751e8b465ee728b) (PreviewImporter) -> (artifact id: '7f735096baa4ff3218b756acbb72af2c') in 0.01427 seconds
Number of updated asset objects reloaded before import = 0Number of asset objects unloaded after import = 3

========================================================================
Received Import Request.
  Time since last request: 0.000015 seconds.
  path: Assets/Third-Party/Pastel Icons/resource/style02/shape065_style02_color05.png
  artifactKey: Guid(796ca70a6ad228841a7400a12734d9f5) Importer(815301076,1909f56bfc062723c751e8b465ee728b)
Start importing Assets/Third-Party/Pastel Icons/resource/style02/shape065_style02_color05.png using Guid(796ca70a6ad228841a7400a12734d9f5) Importer(815301076,1909f56bfc062723c751e8b465ee728b) (PreviewImporter) -> (artifact id: '01f61dd19dd30e31756903e40b9d0ffd') in 0.0138392 seconds
Number of updated asset objects reloaded before import = 0Number of asset objects unloaded after import = 3

========================================================================
Received Import Request.
  Time since last request: 0.299636 seconds.
  path: Assets/Third-Party/Pastel Icons/resource/style02/shape065_style02_color07.png
  artifactKey: Guid(aff018bb35cc6564baa6e8308375d0d2) Importer(815301076,1909f56bfc062723c751e8b465ee728b)
Start importing Assets/Third-Party/Pastel Icons/resource/style02/shape065_style02_color07.png using Guid(aff018bb35cc6564baa6e8308375d0d2) Importer(815301076,1909f56bfc062723c751e8b465ee728b) (PreviewImporter) -> (artifact id: '9ebf15d35d23d04758a3d82d4e252efe') in 0.0159566 seconds
Number of updated asset objects reloaded before import = 0Number of asset objects unloaded after import = 3

========================================================================
Received Import Request.
  Time since last request: 0.000014 seconds.
  path: Assets/Third-Party/Pastel Icons/resource/style02/shape065_style02_color10.png
  artifactKey: Guid(a1e66987677c97b4a9b187966d380ee8) Importer(815301076,1909f56bfc062723c751e8b465ee728b)
Start importing Assets/Third-Party/Pastel Icons/resource/style02/shape065_style02_color10.png using Guid(a1e66987677c97b4a9b187966d380ee8) Importer(815301076,1909f56bfc062723c751e8b465ee728b) (PreviewImporter) -> (artifact id: 'd661562ea6a58810b4f218e825851803') in 0.0270967 seconds
Number of updated asset objects reloaded before import = 0Number of asset objects unloaded after import = 3

========================================================================
Received Import Request.
  Time since last request: 0.000014 seconds.
  path: Assets/Third-Party/Pastel Icons/resource/style03/shape065_style03_color05.png
  artifactKey: Guid(98e09b46ad675fd42b59cb3e0307aabd) Importer(815301076,1909f56bfc062723c751e8b465ee728b)
Start importing Assets/Third-Party/Pastel Icons/resource/style03/shape065_style03_color05.png using Guid(98e09b46ad675fd42b59cb3e0307aabd) Importer(815301076,1909f56bfc062723c751e8b465ee728b) (PreviewImporter) -> (artifact id: 'e6e9f47712ab2b00790064ec305ce61a') in 0.0143762 seconds
Number of updated asset objects reloaded before import = 0Number of asset objects unloaded after import = 3

========================================================================
Received Import Request.
  Time since last request: 0.000016 seconds.
  path: Assets/Third-Party/Pastel Icons/resource/style03/shape065_style03_color03.png
  artifactKey: Guid(fd51e58df62428945821bff4a98043a9) Importer(815301076,1909f56bfc062723c751e8b465ee728b)
Start importing Assets/Third-Party/Pastel Icons/resource/style03/shape065_style03_color03.png using Guid(fd51e58df62428945821bff4a98043a9) Importer(815301076,1909f56bfc062723c751e8b465ee728b) (PreviewImporter) -> (artifact id: '6d3d406607b80d20daf8cf8e11590bfb') in 0.0141709 seconds
Number of updated asset objects reloaded before import = 0Number of asset objects unloaded after import = 3

========================================================================
Received Import Request.
  Time since last request: 0.000017 seconds.
  path: Assets/Third-Party/Pastel Icons/resource/style02/shape065_style02_color12.png
  artifactKey: Guid(d8494f7d86892404b9d719bbb603d927) Importer(815301076,1909f56bfc062723c751e8b465ee728b)
Start importing Assets/Third-Party/Pastel Icons/resource/style02/shape065_style02_color12.png using Guid(d8494f7d86892404b9d719bbb603d927) Importer(815301076,1909f56bfc062723c751e8b465ee728b) (PreviewImporter) -> (artifact id: 'aa293201b2c4cf7f4f5771af8f00c40c') in 0.01453 seconds
Number of updated asset objects reloaded before import = 0Number of asset objects unloaded after import = 3

========================================================================
Received Import Request.
  Time since last request: 0.000017 seconds.
  path: Assets/Third-Party/Pastel Icons/resource/style01/shape066_style01_color01.png
  artifactKey: Guid(47413178af46e7e43b803212ec156099) Importer(815301076,1909f56bfc062723c751e8b465ee728b)
Start importing Assets/Third-Party/Pastel Icons/resource/style01/shape066_style01_color01.png using Guid(47413178af46e7e43b803212ec156099) Importer(815301076,1909f56bfc062723c751e8b465ee728b) (PreviewImporter) -> (artifact id: '338f9e6b99c252b5e29d9788f1a54115') in 0.0140322 seconds
Number of updated asset objects reloaded before import = 0Number of asset objects unloaded after import = 3

========================================================================
Received Import Request.
  Time since last request: 0.000017 seconds.
  path: Assets/Third-Party/Pastel Icons/resource/style01/shape066_style01_color02.png
  artifactKey: Guid(fbd89e7a0c9b24e4289c6a07a0dfff54) Importer(815301076,1909f56bfc062723c751e8b465ee728b)
Start importing Assets/Third-Party/Pastel Icons/resource/style01/shape066_style01_color02.png using Guid(fbd89e7a0c9b24e4289c6a07a0dfff54) Importer(815301076,1909f56bfc062723c751e8b465ee728b) (PreviewImporter) -> (artifact id: '31cb34b7dd1d58ed5866da9532c5af83') in 0.0134287 seconds
Number of updated asset objects reloaded before import = 0Number of asset objects unloaded after import = 3

========================================================================
Received Import Request.
  Time since last request: 0.256462 seconds.
  path: Assets/Third-Party/Pastel Icons/resource/style01/shape066_style01_color03.png
  artifactKey: Guid(1895f9c85fb92c2418a707f0583053ea) Importer(815301076,1909f56bfc062723c751e8b465ee728b)
Start importing Assets/Third-Party/Pastel Icons/resource/style01/shape066_style01_color03.png using Guid(1895f9c85fb92c2418a707f0583053ea) Importer(815301076,1909f56bfc062723c751e8b465ee728b) (PreviewImporter) -> (artifact id: '246368ec7205f0c47d2eb4b402934351') in 0.0161631 seconds
Number of updated asset objects reloaded before import = 0Number of asset objects unloaded after import = 3

========================================================================
Received Import Request.
  Time since last request: 0.000019 seconds.
  path: Assets/Third-Party/Pastel Icons/resource/style01/shape066_style01_color07.png
  artifactKey: Guid(12d09af328bc89a4084eca54639b80f4) Importer(815301076,1909f56bfc062723c751e8b465ee728b)
Start importing Assets/Third-Party/Pastel Icons/resource/style01/shape066_style01_color07.png using Guid(12d09af328bc89a4084eca54639b80f4) Importer(815301076,1909f56bfc062723c751e8b465ee728b) (PreviewImporter) -> (artifact id: '45e68372261f25e51296509149d8e3f8') in 0.0130384 seconds
Number of updated asset objects reloaded before import = 0Number of asset objects unloaded after import = 3

========================================================================
Received Import Request.
  Time since last request: 0.003487 seconds.
  path: Assets/Third-Party/Pastel Icons/resource/style01/shape066_style01_color08.png
  artifactKey: Guid(f3cfe4bf8181a674cb6264a953cb0333) Importer(815301076,1909f56bfc062723c751e8b465ee728b)
Start importing Assets/Third-Party/Pastel Icons/resource/style01/shape066_style01_color08.png using Guid(f3cfe4bf8181a674cb6264a953cb0333) Importer(815301076,1909f56bfc062723c751e8b465ee728b) (PreviewImporter) -> (artifact id: '9661292f944141726b001abfed305a08') in 0.0145749 seconds
Number of updated asset objects reloaded before import = 0Number of asset objects unloaded after import = 3

========================================================================
Received Import Request.
  Time since last request: 0.019984 seconds.
  path: Assets/Third-Party/Pastel Icons/resource/style02/shape066_style02_color01.png
  artifactKey: Guid(d1e6d3fb59019f14687c3afad23a89ad) Importer(815301076,1909f56bfc062723c751e8b465ee728b)
Start importing Assets/Third-Party/Pastel Icons/resource/style02/shape066_style02_color01.png using Guid(d1e6d3fb59019f14687c3afad23a89ad) Importer(815301076,1909f56bfc062723c751e8b465ee728b) (PreviewImporter) -> (artifact id: '6cc900ca682074d7e6472c4ccc394ca6') in 0.0149358 seconds
Number of updated asset objects reloaded before import = 0Number of asset objects unloaded after import = 3

========================================================================
Received Import Request.
  Time since last request: 0.000016 seconds.
  path: Assets/Third-Party/Pastel Icons/resource/style02/shape066_style02_color04.png
  artifactKey: Guid(f8b33eeccf0c1754494f853449e317ff) Importer(815301076,1909f56bfc062723c751e8b465ee728b)
Start importing Assets/Third-Party/Pastel Icons/resource/style02/shape066_style02_color04.png using Guid(f8b33eeccf0c1754494f853449e317ff) Importer(815301076,1909f56bfc062723c751e8b465ee728b) (PreviewImporter) -> (artifact id: '4ae03afa94a70a8dae1810d5b727c34e') in 0.0143562 seconds
Number of updated asset objects reloaded before import = 0Number of asset objects unloaded after import = 3

========================================================================
Received Import Request.
  Time since last request: 0.000016 seconds.
  path: Assets/Third-Party/Pastel Icons/resource/style02/shape066_style02_color05.png
  artifactKey: Guid(11e61edb28bd4bb419f9bc250c85f93e) Importer(815301076,1909f56bfc062723c751e8b465ee728b)
Start importing Assets/Third-Party/Pastel Icons/resource/style02/shape066_style02_color05.png using Guid(11e61edb28bd4bb419f9bc250c85f93e) Importer(815301076,1909f56bfc062723c751e8b465ee728b) (PreviewImporter) -> (artifact id: '7baa2ebb74ba6eedcf5f754f0fe0e11a') in 0.0134896 seconds
Number of updated asset objects reloaded before import = 0Number of asset objects unloaded after import = 3

========================================================================
Received Import Request.
  Time since last request: 0.295575 seconds.
  path: Assets/Third-Party/Pastel Icons/resource/style03/shape066_style03_color04.png
  artifactKey: Guid(ccd64c5c1fcceee49ae32cb5bbe6d333) Importer(815301076,1909f56bfc062723c751e8b465ee728b)
Start importing Assets/Third-Party/Pastel Icons/resource/style03/shape066_style03_color04.png using Guid(ccd64c5c1fcceee49ae32cb5bbe6d333) Importer(815301076,1909f56bfc062723c751e8b465ee728b) (PreviewImporter) -> (artifact id: '6e06c5ced26f998bdd1246b430f9726d') in 0.0152987 seconds
Number of updated asset objects reloaded before import = 0Number of asset objects unloaded after import = 3

========================================================================
Received Import Request.
  Time since last request: 0.000015 seconds.
  path: Assets/Third-Party/Pastel Icons/resource/style03/shape066_style03_color09.png
  artifactKey: Guid(a5b34843557197c408d28a5dae89f83e) Importer(815301076,1909f56bfc062723c751e8b465ee728b)
Start importing Assets/Third-Party/Pastel Icons/resource/style03/shape066_style03_color09.png using Guid(a5b34843557197c408d28a5dae89f83e) Importer(815301076,1909f56bfc062723c751e8b465ee728b) (PreviewImporter) -> (artifact id: '24d5037e21df92326fa313fa66a36c8e') in 0.0141032 seconds
Number of updated asset objects reloaded before import = 0Number of asset objects unloaded after import = 3

========================================================================
Received Import Request.
  Time since last request: 0.018826 seconds.
  path: Assets/Third-Party/Pastel Icons/resource/style01/shape067_style01_color02.png
  artifactKey: Guid(c368e5bd3bd81644681187f94fe6d420) Importer(815301076,1909f56bfc062723c751e8b465ee728b)
Start importing Assets/Third-Party/Pastel Icons/resource/style01/shape067_style01_color02.png using Guid(c368e5bd3bd81644681187f94fe6d420) Importer(815301076,1909f56bfc062723c751e8b465ee728b) (PreviewImporter) -> (artifact id: 'd4381cfb8e5c339d3afc4097ffe43dbb') in 0.1270887 seconds
Number of updated asset objects reloaded before import = 0Number of asset objects unloaded after import = 3

========================================================================
Received Import Request.
  Time since last request: 0.000018 seconds.
  path: Assets/Third-Party/Pastel Icons/resource/style01/shape067_style01_color11.png
  artifactKey: Guid(430d614035eb30748acd45542494d264) Importer(815301076,1909f56bfc062723c751e8b465ee728b)
Start importing Assets/Third-Party/Pastel Icons/resource/style01/shape067_style01_color11.png using Guid(430d614035eb30748acd45542494d264) Importer(815301076,1909f56bfc062723c751e8b465ee728b) (PreviewImporter) -> (artifact id: '83c28c4e0f15e4732bc3cc83c9f1bf7e') in 0.0148769 seconds
Number of updated asset objects reloaded before import = 0Number of asset objects unloaded after import = 3

========================================================================
Received Import Request.
  Time since last request: 0.000025 seconds.
  path: Assets/Third-Party/Pastel Icons/resource/style01/shape067_style01_color09.png
  artifactKey: Guid(616f4fc4e97de2345b222c326b93c8bd) Importer(815301076,1909f56bfc062723c751e8b465ee728b)
Start importing Assets/Third-Party/Pastel Icons/resource/style01/shape067_style01_color09.png using Guid(616f4fc4e97de2345b222c326b93c8bd) Importer(815301076,1909f56bfc062723c751e8b465ee728b) (PreviewImporter) -> (artifact id: '570f88dad0ef7a2782dca92ea5b6a26a') in 0.0709933 seconds
Number of updated asset objects reloaded before import = 0Number of asset objects unloaded after import = 3

========================================================================
Received Import Request.
  Time since last request: 0.000017 seconds.
  path: Assets/Third-Party/Pastel Icons/resource/style01/shape067_style01_color10.png
  artifactKey: Guid(035d0eff7702d6345b342f630c454a1e) Importer(815301076,1909f56bfc062723c751e8b465ee728b)
Start importing Assets/Third-Party/Pastel Icons/resource/style01/shape067_style01_color10.png using Guid(035d0eff7702d6345b342f630c454a1e) Importer(815301076,1909f56bfc062723c751e8b465ee728b) (PreviewImporter) -> (artifact id: '615bac51eb49bf9cecf2b7cd39cab7cf') in 0.0138941 seconds
Number of updated asset objects reloaded before import = 0Number of asset objects unloaded after import = 3

========================================================================
Received Import Request.
  Time since last request: 0.121331 seconds.
  path: Assets/Third-Party/Pastel Icons/resource/style01/shape067_style01_color12.png
  artifactKey: Guid(b9b5ca5c80f51d24b94c4c8a814b22e0) Importer(815301076,1909f56bfc062723c751e8b465ee728b)
Start importing Assets/Third-Party/Pastel Icons/resource/style01/shape067_style01_color12.png using Guid(b9b5ca5c80f51d24b94c4c8a814b22e0) Importer(815301076,1909f56bfc062723c751e8b465ee728b) (PreviewImporter) -> (artifact id: 'f765ea2e2c64634324fd3821f4e46e45') in 0.0157818 seconds
Number of updated asset objects reloaded before import = 0Number of asset objects unloaded after import = 3

========================================================================
Received Import Request.
  Time since last request: 0.017805 seconds.
  path: Assets/Third-Party/Pastel Icons/resource/style02/shape067_style02_color05.png
  artifactKey: Guid(b35195dc3890fc04fab65b43ef9881a9) Importer(815301076,1909f56bfc062723c751e8b465ee728b)
Start importing Assets/Third-Party/Pastel Icons/resource/style02/shape067_style02_color05.png using Guid(b35195dc3890fc04fab65b43ef9881a9) Importer(815301076,1909f56bfc062723c751e8b465ee728b) (PreviewImporter) -> (artifact id: 'ad6a46c976ee811d96b8e4d301c16cdc') in 0.0147514 seconds
Number of updated asset objects reloaded before import = 0Number of asset objects unloaded after import = 3

========================================================================
Received Import Request.
  Time since last request: 0.000017 seconds.
  path: Assets/Third-Party/Pastel Icons/resource/style02/shape067_style02_color09.png
  artifactKey: Guid(04c55a1dd16eee14ebf1e5a9f82d5220) Importer(815301076,1909f56bfc062723c751e8b465ee728b)
Start importing Assets/Third-Party/Pastel Icons/resource/style02/shape067_style02_color09.png using Guid(04c55a1dd16eee14ebf1e5a9f82d5220) Importer(815301076,1909f56bfc062723c751e8b465ee728b) (PreviewImporter) -> (artifact id: '273f6bd93c809210960be42c0e41658c') in 0.014116 seconds
Number of updated asset objects reloaded before import = 0Number of asset objects unloaded after import = 3

========================================================================
Received Import Request.
  Time since last request: 0.005595 seconds.
  path: Assets/Third-Party/Pastel Icons/resource/style02/shape067_style02_color10.png
  artifactKey: Guid(1089d5643a68a3d449c3352b66698301) Importer(815301076,1909f56bfc062723c751e8b465ee728b)
Start importing Assets/Third-Party/Pastel Icons/resource/style02/shape067_style02_color10.png using Guid(1089d5643a68a3d449c3352b66698301) Importer(815301076,1909f56bfc062723c751e8b465ee728b) (PreviewImporter) -> (artifact id: '7c26b9c6ebbba501272169c739069fa4') in 0.0144991 seconds
Number of updated asset objects reloaded before import = 0Number of asset objects unloaded after import = 3

========================================================================
Received Import Request.
  Time since last request: 0.000014 seconds.
  path: Assets/Third-Party/Pastel Icons/resource/style03/shape067_style03_color01.png
  artifactKey: Guid(c4b1209f85dbf254d82f8a2c4f876879) Importer(815301076,1909f56bfc062723c751e8b465ee728b)
Start importing Assets/Third-Party/Pastel Icons/resource/style03/shape067_style03_color01.png using Guid(c4b1209f85dbf254d82f8a2c4f876879) Importer(815301076,1909f56bfc062723c751e8b465ee728b) (PreviewImporter) -> (artifact id: '1b210bae210c4fe1ff8d1b15318eb2d8') in 0.0242717 seconds
Number of updated asset objects reloaded before import = 0Number of asset objects unloaded after import = 3

========================================================================
Received Import Request.
  Time since last request: 0.000016 seconds.
  path: Assets/Third-Party/Pastel Icons/resource/style03/shape067_style03_color05.png
  artifactKey: Guid(60cced29cd6cea04394055b2fd4e3835) Importer(815301076,1909f56bfc062723c751e8b465ee728b)
Start importing Assets/Third-Party/Pastel Icons/resource/style03/shape067_style03_color05.png using Guid(60cced29cd6cea04394055b2fd4e3835) Importer(815301076,1909f56bfc062723c751e8b465ee728b) (PreviewImporter) -> (artifact id: 'b2e1cc8b0500ad2c2cc41e23d4288a42') in 0.0162622 seconds
Number of updated asset objects reloaded before import = 0Number of asset objects unloaded after import = 3

========================================================================
Received Import Request.
  Time since last request: 0.000020 seconds.
  path: Assets/Third-Party/Pastel Icons/resource/style03/shape067_style03_color04.png
  artifactKey: Guid(b0026b29fe0a415489a80d3568c43598) Importer(815301076,1909f56bfc062723c751e8b465ee728b)
Start importing Assets/Third-Party/Pastel Icons/resource/style03/shape067_style03_color04.png using Guid(b0026b29fe0a415489a80d3568c43598) Importer(815301076,1909f56bfc062723c751e8b465ee728b) (PreviewImporter) -> (artifact id: 'dd8dd8709ddf0dd37ae080ad8a8693e0') in 0.0130068 seconds
Number of updated asset objects reloaded before import = 0Number of asset objects unloaded after import = 3

========================================================================
Received Import Request.
  Time since last request: 0.263106 seconds.
  path: Assets/Third-Party/Pastel Icons/resource/style03/shape067_style03_color08.png
  artifactKey: Guid(a6875994eacfcaa4baa2bb0e16d37a44) Importer(815301076,1909f56bfc062723c751e8b465ee728b)
Start importing Assets/Third-Party/Pastel Icons/resource/style03/shape067_style03_color08.png using Guid(a6875994eacfcaa4baa2bb0e16d37a44) Importer(815301076,1909f56bfc062723c751e8b465ee728b) (PreviewImporter) -> (artifact id: '3f1cb66b20d087046d78b0c741676ddc') in 0.0242833 seconds
Number of updated asset objects reloaded before import = 0Number of asset objects unloaded after import = 3

========================================================================
Received Import Request.
  Time since last request: 0.000015 seconds.
  path: Assets/Third-Party/Pastel Icons/resource/style03/shape067_style03_color12.png
  artifactKey: Guid(b178cdfae65e8a04c9a1236ea6871cfa) Importer(815301076,1909f56bfc062723c751e8b465ee728b)
Start importing Assets/Third-Party/Pastel Icons/resource/style03/shape067_style03_color12.png using Guid(b178cdfae65e8a04c9a1236ea6871cfa) Importer(815301076,1909f56bfc062723c751e8b465ee728b) (PreviewImporter) -> (artifact id: '39725cd35be6eed0d4d4f953f555cebb') in 0.013979 seconds
Number of updated asset objects reloaded before import = 0Number of asset objects unloaded after import = 3

========================================================================
Received Import Request.
  Time since last request: 0.000805 seconds.
  path: Assets/Third-Party/Pastel Icons/resource/style01/shape068_style01_color01.png
  artifactKey: Guid(36051418007f9e64f984170477470a5f) Importer(815301076,1909f56bfc062723c751e8b465ee728b)
Start importing Assets/Third-Party/Pastel Icons/resource/style01/shape068_style01_color01.png using Guid(36051418007f9e64f984170477470a5f) Importer(815301076,1909f56bfc062723c751e8b465ee728b) (PreviewImporter) -> (artifact id: '6860afa4b3ba1a19331b708c4b1ae0df') in 0.0153189 seconds
Number of updated asset objects reloaded before import = 0Number of asset objects unloaded after import = 3

========================================================================
Received Import Request.
  Time since last request: 0.000015 seconds.
  path: Assets/Third-Party/Pastel Icons/resource/style01/shape068_style01_color04.png
  artifactKey: Guid(4327b2296224728419bb5cc86a4ed50a) Importer(815301076,1909f56bfc062723c751e8b465ee728b)
Start importing Assets/Third-Party/Pastel Icons/resource/style01/shape068_style01_color04.png using Guid(4327b2296224728419bb5cc86a4ed50a) Importer(815301076,1909f56bfc062723c751e8b465ee728b) (PreviewImporter) -> (artifact id: 'b73bbf047744baa684c336f523244a8e') in 0.0134084 seconds
Number of updated asset objects reloaded before import = 0Number of asset objects unloaded after import = 3

========================================================================
Received Import Request.
  Time since last request: 0.005787 seconds.
  path: Assets/Third-Party/Pastel Icons/resource/style01/shape068_style01_color06.png
  artifactKey: Guid(958907f8ed3962744bb5825fbd35140d) Importer(815301076,1909f56bfc062723c751e8b465ee728b)
Start importing Assets/Third-Party/Pastel Icons/resource/style01/shape068_style01_color06.png using Guid(958907f8ed3962744bb5825fbd35140d) Importer(815301076,1909f56bfc062723c751e8b465ee728b) (PreviewImporter) -> (artifact id: 'df49c613686b4bdce160546c9f7ccc95') in 0.0146592 seconds
Number of updated asset objects reloaded before import = 0Number of asset objects unloaded after import = 3

========================================================================
Received Import Request.
  Time since last request: 0.000017 seconds.
  path: Assets/Third-Party/Pastel Icons/resource/style01/shape068_style01_color09.png
  artifactKey: Guid(ed1b3eb0ca6024742bbf95ed2b8bf13c) Importer(815301076,1909f56bfc062723c751e8b465ee728b)
Start importing Assets/Third-Party/Pastel Icons/resource/style01/shape068_style01_color09.png using Guid(ed1b3eb0ca6024742bbf95ed2b8bf13c) Importer(815301076,1909f56bfc062723c751e8b465ee728b) (PreviewImporter) -> (artifact id: '1d2f18c4769663a4860419ef823e5a72') in 0.014243 seconds
Number of updated asset objects reloaded before import = 0Number of asset objects unloaded after import = 3

========================================================================
Received Import Request.
  Time since last request: 0.000016 seconds.
  path: Assets/Third-Party/Pastel Icons/resource/style02/shape068_style02_color01.png
  artifactKey: Guid(b67429ac496da6b4f83697941f7dab14) Importer(815301076,1909f56bfc062723c751e8b465ee728b)
Start importing Assets/Third-Party/Pastel Icons/resource/style02/shape068_style02_color01.png using Guid(b67429ac496da6b4f83697941f7dab14) Importer(815301076,1909f56bfc062723c751e8b465ee728b) (PreviewImporter) -> (artifact id: 'f0d69619ce41c608398070211c8393de') in 0.0292695 seconds
Number of updated asset objects reloaded before import = 0Number of asset objects unloaded after import = 3

========================================================================
Received Import Request.
  Time since last request: 0.000019 seconds.
  path: Assets/Third-Party/Pastel Icons/resource/style02/shape068_style02_color06.png
  artifactKey: Guid(b487638cb19c4fd4a8818d13fa861dcd) Importer(815301076,1909f56bfc062723c751e8b465ee728b)
Start importing Assets/Third-Party/Pastel Icons/resource/style02/shape068_style02_color06.png using Guid(b487638cb19c4fd4a8818d13fa861dcd) Importer(815301076,1909f56bfc062723c751e8b465ee728b) (PreviewImporter) -> (artifact id: 'b1ac82348249ca121706ed65faa8fb2b') in 0.0133204 seconds
Number of updated asset objects reloaded before import = 0Number of asset objects unloaded after import = 3

========================================================================
Received Import Request.
  Time since last request: 0.000014 seconds.
  path: Assets/Third-Party/Pastel Icons/resource/style01/shape068_style01_color12.png
  artifactKey: Guid(54eafa89c8ba6cd48957b0af8d88fcd5) Importer(815301076,1909f56bfc062723c751e8b465ee728b)
Start importing Assets/Third-Party/Pastel Icons/resource/style01/shape068_style01_color12.png using Guid(54eafa89c8ba6cd48957b0af8d88fcd5) Importer(815301076,1909f56bfc062723c751e8b465ee728b) (PreviewImporter) -> (artifact id: '22e8e86bc89510132044262e4eb5b78d') in 0.0130495 seconds
Number of updated asset objects reloaded before import = 0Number of asset objects unloaded after import = 3

========================================================================
Received Import Request.
  Time since last request: 0.229481 seconds.
  path: Assets/Third-Party/Pastel Icons/resource/style02/shape068_style02_color09.png
  artifactKey: Guid(23ca4df1c1c4f604e9ca3d8ff64da698) Importer(815301076,1909f56bfc062723c751e8b465ee728b)
Start importing Assets/Third-Party/Pastel Icons/resource/style02/shape068_style02_color09.png using Guid(23ca4df1c1c4f604e9ca3d8ff64da698) Importer(815301076,1909f56bfc062723c751e8b465ee728b) (PreviewImporter) -> (artifact id: '025a6ffb6132929738585d2f29921826') in 0.0161182 seconds
Number of updated asset objects reloaded before import = 0Number of asset objects unloaded after import = 3

========================================================================
Received Import Request.
  Time since last request: 0.000016 seconds.
  path: Assets/Third-Party/Pastel Icons/resource/style03/shape068_style03_color02.png
  artifactKey: Guid(34e7973c8faeaba4b9bb1eb359d64a44) Importer(815301076,1909f56bfc062723c751e8b465ee728b)
Start importing Assets/Third-Party/Pastel Icons/resource/style03/shape068_style03_color02.png using Guid(34e7973c8faeaba4b9bb1eb359d64a44) Importer(815301076,1909f56bfc062723c751e8b465ee728b) (PreviewImporter) -> (artifact id: 'c1f986894e91a5f9942aef7475e581f4') in 0.0146951 seconds
Number of updated asset objects reloaded before import = 0Number of asset objects unloaded after import = 3

========================================================================
Received Import Request.
  Time since last request: 0.000014 seconds.
  path: Assets/Third-Party/Pastel Icons/resource/style03/shape068_style03_color06.png
  artifactKey: Guid(c12b1ded51ce26a43bc96877288e70ee) Importer(815301076,1909f56bfc062723c751e8b465ee728b)
Start importing Assets/Third-Party/Pastel Icons/resource/style03/shape068_style03_color06.png using Guid(c12b1ded51ce26a43bc96877288e70ee) Importer(815301076,1909f56bfc062723c751e8b465ee728b) (PreviewImporter) -> (artifact id: '53e1cda84e3667858d664532bffcff5c') in 0.0144659 seconds
Number of updated asset objects reloaded before import = 0Number of asset objects unloaded after import = 3

========================================================================
Received Import Request.
  Time since last request: 0.000016 seconds.
  path: Assets/Third-Party/Pastel Icons/resource/style03/shape068_style03_color03.png
  artifactKey: Guid(99059f7c9ca7dc44f97efd51a1dea95e) Importer(815301076,1909f56bfc062723c751e8b465ee728b)
Start importing Assets/Third-Party/Pastel Icons/resource/style03/shape068_style03_color03.png using Guid(99059f7c9ca7dc44f97efd51a1dea95e) Importer(815301076,1909f56bfc062723c751e8b465ee728b) (PreviewImporter) -> (artifact id: 'b1033041bf2b1a240714aa3d98959001') in 0.0129015 seconds
Number of updated asset objects reloaded before import = 0Number of asset objects unloaded after import = 3

========================================================================
Received Import Request.
  Time since last request: 0.006726 seconds.
  path: Assets/Third-Party/Pastel Icons/resource/style03/shape068_style03_color07.png
  artifactKey: Guid(35fcab3d60be0da49bc108585a2227f1) Importer(815301076,1909f56bfc062723c751e8b465ee728b)
Start importing Assets/Third-Party/Pastel Icons/resource/style03/shape068_style03_color07.png using Guid(35fcab3d60be0da49bc108585a2227f1) Importer(815301076,1909f56bfc062723c751e8b465ee728b) (PreviewImporter) -> (artifact id: 'af33db52320add8be3cdad96971701a6') in 0.0146108 seconds
Number of updated asset objects reloaded before import = 0Number of asset objects unloaded after import = 3

========================================================================
Received Import Request.
  Time since last request: 0.000019 seconds.
  path: Assets/Third-Party/Pastel Icons/resource/style01/shape069_style01_color02.png
  artifactKey: Guid(d920849e4ea8e9f46bb3725232971a3b) Importer(815301076,1909f56bfc062723c751e8b465ee728b)
Start importing Assets/Third-Party/Pastel Icons/resource/style01/shape069_style01_color02.png using Guid(d920849e4ea8e9f46bb3725232971a3b) Importer(815301076,1909f56bfc062723c751e8b465ee728b) (PreviewImporter) -> (artifact id: 'b324a2d6767e8ce8f40a58fb7fa508fc') in 0.014834 seconds
Number of updated asset objects reloaded before import = 0Number of asset objects unloaded after import = 3

========================================================================
Received Import Request.
  Time since last request: 0.000015 seconds.
  path: Assets/Third-Party/Pastel Icons/resource/style03/shape068_style03_color12.png
  artifactKey: Guid(79794843cf976c44e87db2e6b8bdc87a) Importer(815301076,1909f56bfc062723c751e8b465ee728b)
Start importing Assets/Third-Party/Pastel Icons/resource/style03/shape068_style03_color12.png using Guid(79794843cf976c44e87db2e6b8bdc87a) Importer(815301076,1909f56bfc062723c751e8b465ee728b) (PreviewImporter) -> (artifact id: 'b01765acc2cf3b9fc4eadfaed0ee21d5') in 0.0149089 seconds
Number of updated asset objects reloaded before import = 0Number of asset objects unloaded after import = 3

========================================================================
Received Import Request.
  Time since last request: 0.272284 seconds.
  path: Assets/Third-Party/Pastel Icons/resource/style01/shape069_style01_color05.png
  artifactKey: Guid(7fbb752fc915db74eac87b5e4d306d94) Importer(815301076,1909f56bfc062723c751e8b465ee728b)
Start importing Assets/Third-Party/Pastel Icons/resource/style01/shape069_style01_color05.png using Guid(7fbb752fc915db74eac87b5e4d306d94) Importer(815301076,1909f56bfc062723c751e8b465ee728b) (PreviewImporter) -> (artifact id: '46ea9472fa560478c2caba7398796bf1') in 0.0159737 seconds
Number of updated asset objects reloaded before import = 0Number of asset objects unloaded after import = 3

========================================================================
Received Import Request.
  Time since last request: 0.000018 seconds.
  path: Assets/Third-Party/Pastel Icons/resource/style01/shape069_style01_color10.png
  artifactKey: Guid(41882fe2c3636b34b99e7ac807eab31b) Importer(815301076,1909f56bfc062723c751e8b465ee728b)
Start importing Assets/Third-Party/Pastel Icons/resource/style01/shape069_style01_color10.png using Guid(41882fe2c3636b34b99e7ac807eab31b) Importer(815301076,1909f56bfc062723c751e8b465ee728b) (PreviewImporter) -> (artifact id: '63fe95dcafef52d32a30b9162a5f3b05') in 0.0146995 seconds
Number of updated asset objects reloaded before import = 0Number of asset objects unloaded after import = 3

========================================================================
Received Import Request.
  Time since last request: 0.000027 seconds.
  path: Assets/Third-Party/Pastel Icons/resource/style02/shape069_style02_color01.png
  artifactKey: Guid(d01a41d54ef8d98479f2e87e63384ca4) Importer(815301076,1909f56bfc062723c751e8b465ee728b)
Start importing Assets/Third-Party/Pastel Icons/resource/style02/shape069_style02_color01.png using Guid(d01a41d54ef8d98479f2e87e63384ca4) Importer(815301076,1909f56bfc062723c751e8b465ee728b) (PreviewImporter) -> (artifact id: '324c33d61b3e891b4d60c9e4cb72a3e0') in 0.0149745 seconds
Number of updated asset objects reloaded before import = 0Number of asset objects unloaded after import = 3

========================================================================
Received Import Request.
  Time since last request: 0.008434 seconds.
  path: Assets/Third-Party/Pastel Icons/resource/style02/shape069_style02_color03.png
  artifactKey: Guid(7bf6ba185d9f63f4dacc971267447838) Importer(815301076,1909f56bfc062723c751e8b465ee728b)
Start importing Assets/Third-Party/Pastel Icons/resource/style02/shape069_style02_color03.png using Guid(7bf6ba185d9f63f4dacc971267447838) Importer(815301076,1909f56bfc062723c751e8b465ee728b) (PreviewImporter) -> (artifact id: '3e7dde127838307e968e90463618decd') in 0.0139831 seconds
Number of updated asset objects reloaded before import = 0Number of asset objects unloaded after import = 3

========================================================================
Received Import Request.
  Time since last request: 0.000017 seconds.
  path: Assets/Third-Party/Pastel Icons/resource/style02/shape069_style02_color05.png
  artifactKey: Guid(90bd1a8a2090f914da5deb838742c6d0) Importer(815301076,1909f56bfc062723c751e8b465ee728b)
Start importing Assets/Third-Party/Pastel Icons/resource/style02/shape069_style02_color05.png using Guid(90bd1a8a2090f914da5deb838742c6d0) Importer(815301076,1909f56bfc062723c751e8b465ee728b) (PreviewImporter) -> (artifact id: 'c279ea268ba9ba79b96dabbe4fb2e294') in 0.0131149 seconds
Number of updated asset objects reloaded before import = 0Number of asset objects unloaded after import = 3

========================================================================
Received Import Request.
  Time since last request: 0.010272 seconds.
  path: Assets/Third-Party/Pastel Icons/resource/style02/shape069_style02_color08.png
  artifactKey: Guid(4a46015c42d392e44836e9b882172bed) Importer(815301076,1909f56bfc062723c751e8b465ee728b)
Start importing Assets/Third-Party/Pastel Icons/resource/style02/shape069_style02_color08.png using Guid(4a46015c42d392e44836e9b882172bed) Importer(815301076,1909f56bfc062723c751e8b465ee728b) (PreviewImporter) -> (artifact id: '728d6bc989d53ddc2a6dfb8e383da36f') in 0.0140437 seconds
Number of updated asset objects reloaded before import = 0Number of asset objects unloaded after import = 3

========================================================================
Received Import Request.
  Time since last request: 0.000021 seconds.
  path: Assets/Third-Party/Pastel Icons/resource/style03/shape069_style03_color03.png
  artifactKey: Guid(9813f29ecfbc4444786ebadd6ed53665) Importer(815301076,1909f56bfc062723c751e8b465ee728b)
Start importing Assets/Third-Party/Pastel Icons/resource/style03/shape069_style03_color03.png using Guid(9813f29ecfbc4444786ebadd6ed53665) Importer(815301076,1909f56bfc062723c751e8b465ee728b) (PreviewImporter) -> (artifact id: '4d63e1a476db47e1292206b8bf693953') in 0.0144903 seconds
Number of updated asset objects reloaded before import = 0Number of asset objects unloaded after import = 3

========================================================================
Received Import Request.
  Time since last request: 0.000024 seconds.
  path: Assets/Third-Party/Pastel Icons/resource/style03/shape069_style03_color04.png
  artifactKey: Guid(fff384c499c59444c91447228468feb2) Importer(815301076,1909f56bfc062723c751e8b465ee728b)
Start importing Assets/Third-Party/Pastel Icons/resource/style03/shape069_style03_color04.png using Guid(fff384c499c59444c91447228468feb2) Importer(815301076,1909f56bfc062723c751e8b465ee728b) (PreviewImporter) -> (artifact id: 'a0b670f377984a47ef985edb91babc6a') in 0.015684 seconds
Number of updated asset objects reloaded before import = 0Number of asset objects unloaded after import = 3

========================================================================
Received Import Request.
  Time since last request: 0.275584 seconds.
  path: Assets/Third-Party/Pastel Icons/resource/style03/shape069_style03_color06.png
  artifactKey: Guid(3a367c1779d3a934fae1eb4d4ffb1d79) Importer(815301076,1909f56bfc062723c751e8b465ee728b)
Start importing Assets/Third-Party/Pastel Icons/resource/style03/shape069_style03_color06.png using Guid(3a367c1779d3a934fae1eb4d4ffb1d79) Importer(815301076,1909f56bfc062723c751e8b465ee728b) (PreviewImporter) -> (artifact id: 'ec5157f793315a6d0b2d61f98dd39089') in 0.0166682 seconds
Number of updated asset objects reloaded before import = 0Number of asset objects unloaded after import = 3

========================================================================
Received Import Request.
  Time since last request: 0.000020 seconds.
  path: Assets/Third-Party/Pastel Icons/resource/style03/shape069_style03_color10.png
  artifactKey: Guid(727feeb09b013a140947b6cd5eb743ea) Importer(815301076,1909f56bfc062723c751e8b465ee728b)
Start importing Assets/Third-Party/Pastel Icons/resource/style03/shape069_style03_color10.png using Guid(727feeb09b013a140947b6cd5eb743ea) Importer(815301076,1909f56bfc062723c751e8b465ee728b) (PreviewImporter) -> (artifact id: '64d321df0b89d697e028005add1640f3') in 0.0155684 seconds
Number of updated asset objects reloaded before import = 0Number of asset objects unloaded after import = 3

========================================================================
Received Import Request.
  Time since last request: 0.000023 seconds.
  path: Assets/Third-Party/Pastel Icons/resource/style01/shape070_style01_color03.png
  artifactKey: Guid(b937c5895d35f1b4dab58522c596dc4e) Importer(815301076,1909f56bfc062723c751e8b465ee728b)
Start importing Assets/Third-Party/Pastel Icons/resource/style01/shape070_style01_color03.png using Guid(b937c5895d35f1b4dab58522c596dc4e) Importer(815301076,1909f56bfc062723c751e8b465ee728b) (PreviewImporter) -> (artifact id: 'abdb9837d2456c345c50fcc7970cb9e9') in 0.015062 seconds
Number of updated asset objects reloaded before import = 0Number of asset objects unloaded after import = 3

========================================================================
Received Import Request.
  Time since last request: 0.021954 seconds.
  path: Assets/Third-Party/Pastel Icons/resource/style01/shape070_style01_color04.png
  artifactKey: Guid(10e0440838d02f44a8f74ebdb4f80b28) Importer(815301076,1909f56bfc062723c751e8b465ee728b)
Start importing Assets/Third-Party/Pastel Icons/resource/style01/shape070_style01_color04.png using Guid(10e0440838d02f44a8f74ebdb4f80b28) Importer(815301076,1909f56bfc062723c751e8b465ee728b) (PreviewImporter) -> (artifact id: '839efa70116724ce0729c3e92344d5ca') in 0.0144983 seconds
Number of updated asset objects reloaded before import = 0Number of asset objects unloaded after import = 3

========================================================================
Received Import Request.
  Time since last request: 0.000019 seconds.
  path: Assets/Third-Party/Pastel Icons/resource/style01/shape070_style01_color07.png
  artifactKey: Guid(88abb339632682d4b8e15bcb7c548a35) Importer(815301076,1909f56bfc062723c751e8b465ee728b)
Start importing Assets/Third-Party/Pastel Icons/resource/style01/shape070_style01_color07.png using Guid(88abb339632682d4b8e15bcb7c548a35) Importer(815301076,1909f56bfc062723c751e8b465ee728b) (PreviewImporter) -> (artifact id: '6f9ccad7299fa23aacb7686193e6ec2e') in 0.0142799 seconds
Number of updated asset objects reloaded before import = 0Number of asset objects unloaded after import = 3

========================================================================
Received Import Request.
  Time since last request: 0.000019 seconds.
  path: Assets/Third-Party/Pastel Icons/resource/style01/shape070_style01_color12.png
  artifactKey: Guid(29c7aa34754165940836236ba6bcbff2) Importer(815301076,1909f56bfc062723c751e8b465ee728b)
Start importing Assets/Third-Party/Pastel Icons/resource/style01/shape070_style01_color12.png using Guid(29c7aa34754165940836236ba6bcbff2) Importer(815301076,1909f56bfc062723c751e8b465ee728b) (PreviewImporter) -> (artifact id: '4d35b3c209654f7e8e0cb5eb02e2de5d') in 0.0139365 seconds
Number of updated asset objects reloaded before import = 0Number of asset objects unloaded after import = 3

========================================================================
Received Import Request.
  Time since last request: 0.000018 seconds.
  path: Assets/Third-Party/Pastel Icons/resource/style01/shape070_style01_color11.png
  artifactKey: Guid(db61900887b222447be6102ce1984e7b) Importer(815301076,1909f56bfc062723c751e8b465ee728b)
Start importing Assets/Third-Party/Pastel Icons/resource/style01/shape070_style01_color11.png using Guid(db61900887b222447be6102ce1984e7b) Importer(815301076,1909f56bfc062723c751e8b465ee728b) (PreviewImporter) -> (artifact id: '7178d47cdffbb1f452973fac611a9f5c') in 0.0124015 seconds
Number of updated asset objects reloaded before import = 0Number of asset objects unloaded after import = 3

========================================================================
Received Import Request.
  Time since last request: 0.283112 seconds.
  path: Assets/Third-Party/Pastel Icons/resource/style02/shape070_style02_color02.png
  artifactKey: Guid(9a438831ffe21904eb16a52365e6cae5) Importer(815301076,1909f56bfc062723c751e8b465ee728b)
Start importing Assets/Third-Party/Pastel Icons/resource/style02/shape070_style02_color02.png using Guid(9a438831ffe21904eb16a52365e6cae5) Importer(815301076,1909f56bfc062723c751e8b465ee728b) (PreviewImporter) -> (artifact id: 'f6093b4a25c5cb9ad507e2f9fea525e7') in 0.0158024 seconds
Number of updated asset objects reloaded before import = 0Number of asset objects unloaded after import = 3

========================================================================
Received Import Request.
  Time since last request: 0.000014 seconds.
  path: Assets/Third-Party/Pastel Icons/resource/style02/shape070_style02_color09.png
  artifactKey: Guid(59355acfd49c27644866118f6154d9e5) Importer(815301076,1909f56bfc062723c751e8b465ee728b)
Start importing Assets/Third-Party/Pastel Icons/resource/style02/shape070_style02_color09.png using Guid(59355acfd49c27644866118f6154d9e5) Importer(815301076,1909f56bfc062723c751e8b465ee728b) (PreviewImporter) -> (artifact id: 'd3da7cbb6179ab5ce64998b4f05360f9') in 0.0150623 seconds
Number of updated asset objects reloaded before import = 0Number of asset objects unloaded after import = 3

========================================================================
Received Import Request.
  Time since last request: 0.000018 seconds.
  path: Assets/Third-Party/Pastel Icons/resource/style02/shape070_style02_color10.png
  artifactKey: Guid(9146b8725be1b564e8c0f3b1449cb748) Importer(815301076,1909f56bfc062723c751e8b465ee728b)
Start importing Assets/Third-Party/Pastel Icons/resource/style02/shape070_style02_color10.png using Guid(9146b8725be1b564e8c0f3b1449cb748) Importer(815301076,1909f56bfc062723c751e8b465ee728b) (PreviewImporter) -> (artifact id: '69215fd2ff8201f6516e6a5e4a09bea3') in 0.0143056 seconds
Number of updated asset objects reloaded before import = 0Number of asset objects unloaded after import = 3

========================================================================
Received Import Request.
  Time since last request: 0.000024 seconds.
  path: Assets/Third-Party/Pastel Icons/resource/style02/shape070_style02_color11.png
  artifactKey: Guid(b02e296699596474da6e9a9cebc26bdf) Importer(815301076,1909f56bfc062723c751e8b465ee728b)
Start importing Assets/Third-Party/Pastel Icons/resource/style02/shape070_style02_color11.png using Guid(b02e296699596474da6e9a9cebc26bdf) Importer(815301076,1909f56bfc062723c751e8b465ee728b) (PreviewImporter) -> (artifact id: 'ac91a1c9a0530a066ebb7aeb2723b237') in 0.0124527 seconds
Number of updated asset objects reloaded before import = 0Number of asset objects unloaded after import = 3

========================================================================
Received Import Request.
  Time since last request: 0.006881 seconds.
  path: Assets/Third-Party/Pastel Icons/resource/style02/shape070_style02_color12.png
  artifactKey: Guid(39b7d9668eecd9246b9daf6d66137b43) Importer(815301076,1909f56bfc062723c751e8b465ee728b)
Start importing Assets/Third-Party/Pastel Icons/resource/style02/shape070_style02_color12.png using Guid(39b7d9668eecd9246b9daf6d66137b43) Importer(815301076,1909f56bfc062723c751e8b465ee728b) (PreviewImporter) -> (artifact id: '68281d65282ba78cba866b2547f86723') in 0.0152885 seconds
Number of updated asset objects reloaded before import = 0Number of asset objects unloaded after import = 3

========================================================================
Received Import Request.
  Time since last request: 0.000018 seconds.
  path: Assets/Third-Party/Pastel Icons/resource/style03/shape070_style03_color07.png
  artifactKey: Guid(239e0f966f813ff4887dd1bf26dc944a) Importer(815301076,1909f56bfc062723c751e8b465ee728b)
Start importing Assets/Third-Party/Pastel Icons/resource/style03/shape070_style03_color07.png using Guid(239e0f966f813ff4887dd1bf26dc944a) Importer(815301076,1909f56bfc062723c751e8b465ee728b) (PreviewImporter) -> (artifact id: '4a8121c9fb83e179fb48d5c308d2a3b6') in 0.0154392 seconds
Number of updated asset objects reloaded before import = 0Number of asset objects unloaded after import = 3

========================================================================
Received Import Request.
  Time since last request: 0.000016 seconds.
  path: Assets/Third-Party/Pastel Icons/resource/style03/shape070_style03_color05.png
  artifactKey: Guid(d6142209b7381bf47847d926b1e3c86f) Importer(815301076,1909f56bfc062723c751e8b465ee728b)
Start importing Assets/Third-Party/Pastel Icons/resource/style03/shape070_style03_color05.png using Guid(d6142209b7381bf47847d926b1e3c86f) Importer(815301076,1909f56bfc062723c751e8b465ee728b) (PreviewImporter) -> (artifact id: '8146a73fa01bc8516525b50c914eeec2') in 0.0146267 seconds
Number of updated asset objects reloaded before import = 0Number of asset objects unloaded after import = 3

========================================================================
Received Import Request.
  Time since last request: 0.248158 seconds.
  path: Assets/Third-Party/Pastel Icons/resource/style03/shape070_style03_color10.png
  artifactKey: Guid(3bf0b69a5abacf24cb15e96a1c105b64) Importer(815301076,1909f56bfc062723c751e8b465ee728b)
Start importing Assets/Third-Party/Pastel Icons/resource/style03/shape070_style03_color10.png using Guid(3bf0b69a5abacf24cb15e96a1c105b64) Importer(815301076,1909f56bfc062723c751e8b465ee728b) (PreviewImporter) -> (artifact id: '4fb6e75b7121ca24622bb3d71feca294') in 0.0162798 seconds
Number of updated asset objects reloaded before import = 0Number of asset objects unloaded after import = 3

========================================================================
Received Import Request.
  Time since last request: 0.000014 seconds.
  path: Assets/Third-Party/Pastel Icons/resource/style01/shape071_style01_color01.png
  artifactKey: Guid(d8ba01d72b6417e408eb035e01f1b99e) Importer(815301076,1909f56bfc062723c751e8b465ee728b)
Start importing Assets/Third-Party/Pastel Icons/resource/style01/shape071_style01_color01.png using Guid(d8ba01d72b6417e408eb035e01f1b99e) Importer(815301076,1909f56bfc062723c751e8b465ee728b) (PreviewImporter) -> (artifact id: '8a9207600c9879a44752d2abe20add6a') in 0.0227071 seconds
Number of updated asset objects reloaded before import = 0Number of asset objects unloaded after import = 3

========================================================================
Received Import Request.
  Time since last request: 0.000018 seconds.
  path: Assets/Third-Party/Pastel Icons/resource/style01/shape071_style01_color05.png
  artifactKey: Guid(79d7793f71faac04ebd687f65bcf5266) Importer(815301076,1909f56bfc062723c751e8b465ee728b)
Start importing Assets/Third-Party/Pastel Icons/resource/style01/shape071_style01_color05.png using Guid(79d7793f71faac04ebd687f65bcf5266) Importer(815301076,1909f56bfc062723c751e8b465ee728b) (PreviewImporter) -> (artifact id: '8cce1450797a81b7e22239da817f340e') in 0.0127857 seconds
Number of updated asset objects reloaded before import = 0Number of asset objects unloaded after import = 3

========================================================================
Received Import Request.
  Time since last request: 0.000013 seconds.
  path: Assets/Third-Party/Pastel Icons/resource/style01/shape071_style01_color07.png
  artifactKey: Guid(75cfa2e90b152a746b13a7d912b1cbd3) Importer(815301076,1909f56bfc062723c751e8b465ee728b)
Start importing Assets/Third-Party/Pastel Icons/resource/style01/shape071_style01_color07.png using Guid(75cfa2e90b152a746b13a7d912b1cbd3) Importer(815301076,1909f56bfc062723c751e8b465ee728b) (PreviewImporter) -> (artifact id: 'c5e01ec838a123c3143e547624527c08') in 0.0137411 seconds
Number of updated asset objects reloaded before import = 0Number of asset objects unloaded after import = 3

========================================================================
Received Import Request.
  Time since last request: 0.000015 seconds.
  path: Assets/Third-Party/Pastel Icons/resource/style01/shape071_style01_color10.png
  artifactKey: Guid(5495e012720ffde4194fe778e521e877) Importer(815301076,1909f56bfc062723c751e8b465ee728b)
Start importing Assets/Third-Party/Pastel Icons/resource/style01/shape071_style01_color10.png using Guid(5495e012720ffde4194fe778e521e877) Importer(815301076,1909f56bfc062723c751e8b465ee728b) (PreviewImporter) -> (artifact id: '9af423cbc0bbc57de1bf91434bd79d31') in 0.0136148 seconds
Number of updated asset objects reloaded before import = 0Number of asset objects unloaded after import = 3

========================================================================
Received Import Request.
  Time since last request: 0.000018 seconds.
  path: Assets/Third-Party/Pastel Icons/resource/style01/shape071_style01_color11.png
  artifactKey: Guid(302bd33da6770164abdc1b03c78eb80c) Importer(815301076,1909f56bfc062723c751e8b465ee728b)
Start importing Assets/Third-Party/Pastel Icons/resource/style01/shape071_style01_color11.png using Guid(302bd33da6770164abdc1b03c78eb80c) Importer(815301076,1909f56bfc062723c751e8b465ee728b) (PreviewImporter) -> (artifact id: '30c6ae13d17808401f85d8909530fc4c') in 0.011857 seconds
Number of updated asset objects reloaded before import = 0Number of asset objects unloaded after import = 3

========================================================================
Received Import Request.
  Time since last request: 0.000076 seconds.
  path: Assets/Third-Party/Pastel Icons/resource/style02/shape071_style02_color02.png
  artifactKey: Guid(a736085fed2111445982bd06e5a3263a) Importer(815301076,1909f56bfc062723c751e8b465ee728b)
Start importing Assets/Third-Party/Pastel Icons/resource/style02/shape071_style02_color02.png using Guid(a736085fed2111445982bd06e5a3263a) Importer(815301076,1909f56bfc062723c751e8b465ee728b) (PreviewImporter) -> (artifact id: 'b12bfc47f1b497ee0132b9dfc5b09c0c') in 0.0144675 seconds
Number of updated asset objects reloaded before import = 0Number of asset objects unloaded after import = 3

========================================================================
Received Import Request.
  Time since last request: 0.000016 seconds.
  path: Assets/Third-Party/Pastel Icons/resource/style02/shape071_style02_color10.png
  artifactKey: Guid(1f576e83dde15ba4794c103e4b7a2e75) Importer(815301076,1909f56bfc062723c751e8b465ee728b)
Start importing Assets/Third-Party/Pastel Icons/resource/style02/shape071_style02_color10.png using Guid(1f576e83dde15ba4794c103e4b7a2e75) Importer(815301076,1909f56bfc062723c751e8b465ee728b) (PreviewImporter) -> (artifact id: '69e1f60ddadaf6e671a0723e3670468e') in 0.0146003 seconds
Number of updated asset objects reloaded before import = 0Number of asset objects unloaded after import = 3

========================================================================
Received Import Request.
  Time since last request: 0.000016 seconds.
  path: Assets/Third-Party/Pastel Icons/resource/style02/shape071_style02_color04.png
  artifactKey: Guid(2af9afe829d983d49bdd03b97888cd82) Importer(815301076,1909f56bfc062723c751e8b465ee728b)
Start importing Assets/Third-Party/Pastel Icons/resource/style02/shape071_style02_color04.png using Guid(2af9afe829d983d49bdd03b97888cd82) Importer(815301076,1909f56bfc062723c751e8b465ee728b) (PreviewImporter) -> (artifact id: 'b430e472938b7c2d11b48e030a5951a8') in 0.0138917 seconds
Number of updated asset objects reloaded before import = 0Number of asset objects unloaded after import = 3

========================================================================
Received Import Request.
  Time since last request: 0.259167 seconds.
  path: Assets/Third-Party/Pastel Icons/resource/style02/shape071_style02_color11.png
  artifactKey: Guid(17657273986820d419e7121176e1598b) Importer(815301076,1909f56bfc062723c751e8b465ee728b)
Start importing Assets/Third-Party/Pastel Icons/resource/style02/shape071_style02_color11.png using Guid(17657273986820d419e7121176e1598b) Importer(815301076,1909f56bfc062723c751e8b465ee728b) (PreviewImporter) -> (artifact id: '548d233f3fec2ce584babbaae4bffc7c') in 0.0167706 seconds
Number of updated asset objects reloaded before import = 0Number of asset objects unloaded after import = 3

========================================================================
Received Import Request.
  Time since last request: 0.000017 seconds.
  path: Assets/Third-Party/Pastel Icons/resource/style03/shape071_style03_color04.png
  artifactKey: Guid(ea3884977e7a24f4abe5d733165f13d2) Importer(815301076,1909f56bfc062723c751e8b465ee728b)
Start importing Assets/Third-Party/Pastel Icons/resource/style03/shape071_style03_color04.png using Guid(ea3884977e7a24f4abe5d733165f13d2) Importer(815301076,1909f56bfc062723c751e8b465ee728b) (PreviewImporter) -> (artifact id: 'dfa3b1446e77f143979de5f184735eed') in 0.0153865 seconds
Number of updated asset objects reloaded before import = 0Number of asset objects unloaded after import = 3

========================================================================
Received Import Request.
  Time since last request: 0.000016 seconds.
  path: Assets/Third-Party/Pastel Icons/resource/style03/shape071_style03_color06.png
  artifactKey: Guid(a3d744eab9bb35246a85a061044bfa6b) Importer(815301076,1909f56bfc062723c751e8b465ee728b)
Start importing Assets/Third-Party/Pastel Icons/resource/style03/shape071_style03_color06.png using Guid(a3d744eab9bb35246a85a061044bfa6b) Importer(815301076,1909f56bfc062723c751e8b465ee728b) (PreviewImporter) -> (artifact id: 'da70b8d619254c618c3dbbb1292b0e71') in 0.0144611 seconds
Number of updated asset objects reloaded before import = 0Number of asset objects unloaded after import = 3

========================================================================
Received Import Request.
  Time since last request: 0.000017 seconds.
  path: Assets/Third-Party/Pastel Icons/resource/style03/shape071_style03_color02.png
  artifactKey: Guid(4c98b6986c35ca843b4eb8c5e72e2641) Importer(815301076,1909f56bfc062723c751e8b465ee728b)
Start importing Assets/Third-Party/Pastel Icons/resource/style03/shape071_style03_color02.png using Guid(4c98b6986c35ca843b4eb8c5e72e2641) Importer(815301076,1909f56bfc062723c751e8b465ee728b) (PreviewImporter) -> (artifact id: 'd8201d0da9b637c2568cd57d47bcec68') in 0.0146312 seconds
Number of updated asset objects reloaded before import = 0Number of asset objects unloaded after import = 3

========================================================================
Received Import Request.
  Time since last request: 0.000020 seconds.
  path: Assets/Third-Party/Pastel Icons/resource/style03/shape071_style03_color11.png
  artifactKey: Guid(4502634dba0b7f946b269cffc12efc6d) Importer(815301076,1909f56bfc062723c751e8b465ee728b)
Start importing Assets/Third-Party/Pastel Icons/resource/style03/shape071_style03_color11.png using Guid(4502634dba0b7f946b269cffc12efc6d) Importer(815301076,1909f56bfc062723c751e8b465ee728b) (PreviewImporter) -> (artifact id: 'da1592b46c2b66c56b5906e4b848297d') in 0.0143166 seconds
Number of updated asset objects reloaded before import = 0Number of asset objects unloaded after import = 3

========================================================================
Received Import Request.
  Time since last request: 0.000014 seconds.
  path: Assets/Third-Party/Pastel Icons/resource/style01/shape072_style01_color05.png
  artifactKey: Guid(8e76f9dfe3e781e44bd0bf8c6ef73efd) Importer(815301076,1909f56bfc062723c751e8b465ee728b)
Start importing Assets/Third-Party/Pastel Icons/resource/style01/shape072_style01_color05.png using Guid(8e76f9dfe3e781e44bd0bf8c6ef73efd) Importer(815301076,1909f56bfc062723c751e8b465ee728b) (PreviewImporter) -> (artifact id: 'd2502dbe45a53e79097d5c0bcf586072') in 0.0225039 seconds
Number of updated asset objects reloaded before import = 0Number of asset objects unloaded after import = 3

========================================================================
Received Import Request.
  Time since last request: 0.000022 seconds.
  path: Assets/Third-Party/Pastel Icons/resource/style01/shape072_style01_color04.png
  artifactKey: Guid(b8f9b66493e3ad046a527ccbdb70a0a7) Importer(815301076,1909f56bfc062723c751e8b465ee728b)
Start importing Assets/Third-Party/Pastel Icons/resource/style01/shape072_style01_color04.png using Guid(b8f9b66493e3ad046a527ccbdb70a0a7) Importer(815301076,1909f56bfc062723c751e8b465ee728b) (PreviewImporter) -> (artifact id: 'fd6782c119f778abdb20489f4158ce35') in 0.0141658 seconds
Number of updated asset objects reloaded before import = 0Number of asset objects unloaded after import = 3

========================================================================
Received Import Request.
  Time since last request: 0.230848 seconds.
  path: Assets/Third-Party/Pastel Icons/resource/style01/shape072_style01_color07.png
  artifactKey: Guid(077480fc890661c4da005813f1e5afb3) Importer(815301076,1909f56bfc062723c751e8b465ee728b)
Start importing Assets/Third-Party/Pastel Icons/resource/style01/shape072_style01_color07.png using Guid(077480fc890661c4da005813f1e5afb3) Importer(815301076,1909f56bfc062723c751e8b465ee728b) (PreviewImporter) -> (artifact id: '27cd5c618cd96d77192e5f96e178a0c3') in 0.0147674 seconds
Number of updated asset objects reloaded before import = 0Number of asset objects unloaded after import = 3

========================================================================
Received Import Request.
  Time since last request: 0.000017 seconds.
  path: Assets/Third-Party/Pastel Icons/resource/style01/shape072_style01_color11.png
  artifactKey: Guid(a8573a614424d6b41add7f63a663e4c4) Importer(815301076,1909f56bfc062723c751e8b465ee728b)
Start importing Assets/Third-Party/Pastel Icons/resource/style01/shape072_style01_color11.png using Guid(a8573a614424d6b41add7f63a663e4c4) Importer(815301076,1909f56bfc062723c751e8b465ee728b) (PreviewImporter) -> (artifact id: 'b3a892791578683208f75bd59cca73f8') in 0.0131689 seconds
Number of updated asset objects reloaded before import = 0Number of asset objects unloaded after import = 3

========================================================================
Received Import Request.
  Time since last request: 0.016591 seconds.
  path: Assets/Third-Party/Pastel Icons/resource/style01/shape072_style01_color12.png
  artifactKey: Guid(26532683fc352034babcb0ae2a5e1592) Importer(815301076,1909f56bfc062723c751e8b465ee728b)
Start importing Assets/Third-Party/Pastel Icons/resource/style01/shape072_style01_color12.png using Guid(26532683fc352034babcb0ae2a5e1592) Importer(815301076,1909f56bfc062723c751e8b465ee728b) (PreviewImporter) -> (artifact id: '26b918470204b0971e62c914c1022de4') in 0.0139743 seconds
Number of updated asset objects reloaded before import = 0Number of asset objects unloaded after import = 3

========================================================================
Received Import Request.
  Time since last request: 0.000018 seconds.
  path: Assets/Third-Party/Pastel Icons/resource/style02/shape072_style02_color07.png
  artifactKey: Guid(ffcd71b1aca0abc48b444c30f7b05f77) Importer(815301076,1909f56bfc062723c751e8b465ee728b)
Start importing Assets/Third-Party/Pastel Icons/resource/style02/shape072_style02_color07.png using Guid(ffcd71b1aca0abc48b444c30f7b05f77) Importer(815301076,1909f56bfc062723c751e8b465ee728b) (PreviewImporter) -> (artifact id: '3fd87f047c245d650060f9dc049d8184') in 0.0138363 seconds
Number of updated asset objects reloaded before import = 0Number of asset objects unloaded after import = 3

========================================================================
Received Import Request.
  Time since last request: 0.000020 seconds.
  path: Assets/Third-Party/Pastel Icons/resource/style02/shape072_style02_color09.png
  artifactKey: Guid(95b2007de9feeda49a6ac6918673018b) Importer(815301076,1909f56bfc062723c751e8b465ee728b)
Start importing Assets/Third-Party/Pastel Icons/resource/style02/shape072_style02_color09.png using Guid(95b2007de9feeda49a6ac6918673018b) Importer(815301076,1909f56bfc062723c751e8b465ee728b) (PreviewImporter) -> (artifact id: '9859e65043a61708c726d69b6542c7a8') in 0.0141287 seconds
Number of updated asset objects reloaded before import = 0Number of asset objects unloaded after import = 3

========================================================================
Received Import Request.
  Time since last request: 0.000020 seconds.
  path: Assets/Third-Party/Pastel Icons/resource/style02/shape072_style02_color12.png
  artifactKey: Guid(f6f592501af946341b03a07305d7418f) Importer(815301076,1909f56bfc062723c751e8b465ee728b)
Start importing Assets/Third-Party/Pastel Icons/resource/style02/shape072_style02_color12.png using Guid(f6f592501af946341b03a07305d7418f) Importer(815301076,1909f56bfc062723c751e8b465ee728b) (PreviewImporter) -> (artifact id: 'cc1f014fe4f03d8120a54bc18825444a') in 0.0131013 seconds
Number of updated asset objects reloaded before import = 0Number of asset objects unloaded after import = 3

========================================================================
Received Import Request.
  Time since last request: 0.000015 seconds.
  path: Assets/Third-Party/Pastel Icons/resource/style03/shape072_style03_color06.png
  artifactKey: Guid(5bf7d56db9f15ff49aac6e754b86aa07) Importer(815301076,1909f56bfc062723c751e8b465ee728b)
Start importing Assets/Third-Party/Pastel Icons/resource/style03/shape072_style03_color06.png using Guid(5bf7d56db9f15ff49aac6e754b86aa07) Importer(815301076,1909f56bfc062723c751e8b465ee728b) (PreviewImporter) -> (artifact id: 'f9d6666ad826d0b8895039b626a77e4b') in 0.0140993 seconds
Number of updated asset objects reloaded before import = 0Number of asset objects unloaded after import = 3

========================================================================
Received Import Request.
  Time since last request: 0.000014 seconds.
  path: Assets/Third-Party/Pastel Icons/resource/style03/shape072_style03_color01.png
  artifactKey: Guid(11890d5083428204a83816ef86cf39bb) Importer(815301076,1909f56bfc062723c751e8b465ee728b)
Start importing Assets/Third-Party/Pastel Icons/resource/style03/shape072_style03_color01.png using Guid(11890d5083428204a83816ef86cf39bb) Importer(815301076,1909f56bfc062723c751e8b465ee728b) (PreviewImporter) -> (artifact id: '969e50fcfc0df2b876c708aac56ae77c') in 0.0144863 seconds
Number of updated asset objects reloaded before import = 0Number of asset objects unloaded after import = 3

========================================================================
Received Import Request.
  Time since last request: 0.232938 seconds.
  path: Assets/Third-Party/Pastel Icons/resource/style03/shape072_style03_color08.png
  artifactKey: Guid(94700f0ad17b85540b740ece540aa602) Importer(815301076,1909f56bfc062723c751e8b465ee728b)
Start importing Assets/Third-Party/Pastel Icons/resource/style03/shape072_style03_color08.png using Guid(94700f0ad17b85540b740ece540aa602) Importer(815301076,1909f56bfc062723c751e8b465ee728b) (PreviewImporter) -> (artifact id: 'b6c11a1125f2304be41aa87ea6f087f9') in 0.0157496 seconds
Number of updated asset objects reloaded before import = 0Number of asset objects unloaded after import = 3

========================================================================
Received Import Request.
  Time since last request: 0.000018 seconds.
  path: Assets/Third-Party/Pastel Icons/resource/style01/shape073_style01_color02.png
  artifactKey: Guid(f39b1e01c18623c48ad14a7360673ad0) Importer(815301076,1909f56bfc062723c751e8b465ee728b)
Start importing Assets/Third-Party/Pastel Icons/resource/style01/shape073_style01_color02.png using Guid(f39b1e01c18623c48ad14a7360673ad0) Importer(815301076,1909f56bfc062723c751e8b465ee728b) (PreviewImporter) -> (artifact id: '5954141b38bafd62b65207bb508ebd08') in 0.0142813 seconds
Number of updated asset objects reloaded before import = 0Number of asset objects unloaded after import = 3

========================================================================
Received Import Request.
  Time since last request: 0.000021 seconds.
  path: Assets/Third-Party/Pastel Icons/resource/style01/shape073_style01_color03.png
  artifactKey: Guid(090de0cb42a9e1e4bad9e975a59269c3) Importer(815301076,1909f56bfc062723c751e8b465ee728b)
Start importing Assets/Third-Party/Pastel Icons/resource/style01/shape073_style01_color03.png using Guid(090de0cb42a9e1e4bad9e975a59269c3) Importer(815301076,1909f56bfc062723c751e8b465ee728b) (PreviewImporter) -> (artifact id: '17033908e909792aac292fdbd0382f7c') in 0.0146505 seconds
Number of updated asset objects reloaded before import = 0Number of asset objects unloaded after import = 3

========================================================================
Received Import Request.
  Time since last request: 0.000019 seconds.
  path: Assets/Third-Party/Pastel Icons/resource/style03/shape072_style03_color11.png
  artifactKey: Guid(93478ea1b339f2f4499ae561870289fb) Importer(815301076,1909f56bfc062723c751e8b465ee728b)
Start importing Assets/Third-Party/Pastel Icons/resource/style03/shape072_style03_color11.png using Guid(93478ea1b339f2f4499ae561870289fb) Importer(815301076,1909f56bfc062723c751e8b465ee728b) (PreviewImporter) -> (artifact id: '8305a3010a76252cff1433cd18d8bb9b') in 0.0145399 seconds
Number of updated asset objects reloaded before import = 0Number of asset objects unloaded after import = 3

========================================================================
Received Import Request.
  Time since last request: 0.000016 seconds.
  path: Assets/Third-Party/Pastel Icons/resource/style01/shape073_style01_color10.png
  artifactKey: Guid(237d8dba8d965a04da6d65cc274166f9) Importer(815301076,1909f56bfc062723c751e8b465ee728b)
Start importing Assets/Third-Party/Pastel Icons/resource/style01/shape073_style01_color10.png using Guid(237d8dba8d965a04da6d65cc274166f9) Importer(815301076,1909f56bfc062723c751e8b465ee728b) (PreviewImporter) -> (artifact id: 'a7789b887470a7011bb042f2f3cc65eb') in 0.0138446 seconds
Number of updated asset objects reloaded before import = 0Number of asset objects unloaded after import = 3

========================================================================
Received Import Request.
  Time since last request: 0.000015 seconds.
  path: Assets/Third-Party/Pastel Icons/resource/style02/shape073_style02_color03.png
  artifactKey: Guid(061c4f93070db4345a08ca3e98c4947f) Importer(815301076,1909f56bfc062723c751e8b465ee728b)
Start importing Assets/Third-Party/Pastel Icons/resource/style02/shape073_style02_color03.png using Guid(061c4f93070db4345a08ca3e98c4947f) Importer(815301076,1909f56bfc062723c751e8b465ee728b) (PreviewImporter) -> (artifact id: '851eab6de3fc4e460d27689d6c64e6e3') in 0.0139013 seconds
Number of updated asset objects reloaded before import = 0Number of asset objects unloaded after import = 3

========================================================================
Received Import Request.
  Time since last request: 0.000015 seconds.
  path: Assets/Third-Party/Pastel Icons/resource/style02/shape073_style02_color02.png
  artifactKey: Guid(af149a8393f0d8844b85334a1e1ae98e) Importer(815301076,1909f56bfc062723c751e8b465ee728b)
Start importing Assets/Third-Party/Pastel Icons/resource/style02/shape073_style02_color02.png using Guid(af149a8393f0d8844b85334a1e1ae98e) Importer(815301076,1909f56bfc062723c751e8b465ee728b) (PreviewImporter) -> (artifact id: '8fd310e2299bc48e29af8cee078204b9') in 0.013209 seconds
Number of updated asset objects reloaded before import = 0Number of asset objects unloaded after import = 3

========================================================================
Received Import Request.
  Time since last request: 0.251552 seconds.
  path: Assets/Third-Party/Pastel Icons/resource/style02/shape073_style02_color04.png
  artifactKey: Guid(160f3e162a3ee6e4d89985ca393cca60) Importer(815301076,1909f56bfc062723c751e8b465ee728b)
Start importing Assets/Third-Party/Pastel Icons/resource/style02/shape073_style02_color04.png using Guid(160f3e162a3ee6e4d89985ca393cca60) Importer(815301076,1909f56bfc062723c751e8b465ee728b) (PreviewImporter) -> (artifact id: '47b7f64a9048d4634bdc799a84052c15') in 0.0163822 seconds
Number of updated asset objects reloaded before import = 0Number of asset objects unloaded after import = 3

========================================================================
Received Import Request.
  Time since last request: 0.000013 seconds.
  path: Assets/Third-Party/Pastel Icons/resource/style02/shape073_style02_color07.png
  artifactKey: Guid(520af6be1536d444785cfa2db99822f0) Importer(815301076,1909f56bfc062723c751e8b465ee728b)
Start importing Assets/Third-Party/Pastel Icons/resource/style02/shape073_style02_color07.png using Guid(520af6be1536d444785cfa2db99822f0) Importer(815301076,1909f56bfc062723c751e8b465ee728b) (PreviewImporter) -> (artifact id: 'dde2c04eecc2ec275ef87b71f75e7050') in 0.0136885 seconds
Number of updated asset objects reloaded before import = 0Number of asset objects unloaded after import = 3

========================================================================
Received Import Request.
  Time since last request: 0.001922 seconds.
  path: Assets/Third-Party/Pastel Icons/resource/style02/shape073_style02_color09.png
  artifactKey: Guid(331c89ce14855a242b382b2d81ab1692) Importer(815301076,1909f56bfc062723c751e8b465ee728b)
Start importing Assets/Third-Party/Pastel Icons/resource/style02/shape073_style02_color09.png using Guid(331c89ce14855a242b382b2d81ab1692) Importer(815301076,1909f56bfc062723c751e8b465ee728b) (PreviewImporter) -> (artifact id: '1ddc4186194ea02083e45a1e4b6ae53a') in 0.0144977 seconds
Number of updated asset objects reloaded before import = 0Number of asset objects unloaded after import = 3

========================================================================
Received Import Request.
  Time since last request: 0.000020 seconds.
  path: Assets/Third-Party/Pastel Icons/resource/style03/shape073_style03_color01.png
  artifactKey: Guid(4a7d6bfa8083e4046bd28ec584fadf1c) Importer(815301076,1909f56bfc062723c751e8b465ee728b)
Start importing Assets/Third-Party/Pastel Icons/resource/style03/shape073_style03_color01.png using Guid(4a7d6bfa8083e4046bd28ec584fadf1c) Importer(815301076,1909f56bfc062723c751e8b465ee728b) (PreviewImporter) -> (artifact id: '52891be4dba49af974a84840abc1784c') in 0.0127971 seconds
Number of updated asset objects reloaded before import = 0Number of asset objects unloaded after import = 3

========================================================================
Received Import Request.
  Time since last request: 0.007425 seconds.
  path: Assets/Third-Party/Pastel Icons/resource/style03/shape073_style03_color02.png
  artifactKey: Guid(9d925189bd33db94486d4eabc02294a2) Importer(815301076,1909f56bfc062723c751e8b465ee728b)
Start importing Assets/Third-Party/Pastel Icons/resource/style03/shape073_style03_color02.png using Guid(9d925189bd33db94486d4eabc02294a2) Importer(815301076,1909f56bfc062723c751e8b465ee728b) (PreviewImporter) -> (artifact id: '51d621fcdb135bd7319ae7f07d1f1db1') in 0.0146429 seconds
Number of updated asset objects reloaded before import = 0Number of asset objects unloaded after import = 3

========================================================================
Received Import Request.
  Time since last request: 0.000018 seconds.
  path: Assets/Third-Party/Pastel Icons/resource/style03/shape073_style03_color05.png
  artifactKey: Guid(aa400ba690c897648beeb5746b2c2982) Importer(815301076,1909f56bfc062723c751e8b465ee728b)
Start importing Assets/Third-Party/Pastel Icons/resource/style03/shape073_style03_color05.png using Guid(aa400ba690c897648beeb5746b2c2982) Importer(815301076,1909f56bfc062723c751e8b465ee728b) (PreviewImporter) -> (artifact id: '3ac4e0b985004b3315922d0fadfcdc58') in 0.0136709 seconds
Number of updated asset objects reloaded before import = 0Number of asset objects unloaded after import = 3

========================================================================
Received Import Request.
  Time since last request: 0.006111 seconds.
  path: Assets/Third-Party/Pastel Icons/resource/style03/shape073_style03_color07.png
  artifactKey: Guid(d9cefe7448a7a5943ad16306a649fe34) Importer(815301076,1909f56bfc062723c751e8b465ee728b)
Start importing Assets/Third-Party/Pastel Icons/resource/style03/shape073_style03_color07.png using Guid(d9cefe7448a7a5943ad16306a649fe34) Importer(815301076,1909f56bfc062723c751e8b465ee728b) (PreviewImporter) -> (artifact id: 'f55e107a108b065bf8ef4def152e4d05') in 0.0143366 seconds
Number of updated asset objects reloaded before import = 0Number of asset objects unloaded after import = 3

========================================================================
Received Import Request.
  Time since last request: 0.004719 seconds.
  path: Assets/Third-Party/Pastel Icons/resource/style03/shape073_style03_color12.png
  artifactKey: Guid(cd7d3f79ea174504c8d7795d9c831835) Importer(815301076,1909f56bfc062723c751e8b465ee728b)
Start importing Assets/Third-Party/Pastel Icons/resource/style03/shape073_style03_color12.png using Guid(cd7d3f79ea174504c8d7795d9c831835) Importer(815301076,1909f56bfc062723c751e8b465ee728b) (PreviewImporter) -> (artifact id: 'd7d2bdea04028d6fa64f4dc7d17a1fa6') in 0.0121555 seconds
Number of updated asset objects reloaded before import = 0Number of asset objects unloaded after import = 3

========================================================================
Received Import Request.
  Time since last request: 0.000014 seconds.
  path: Assets/Third-Party/Pastel Icons/resource/style01/shape074_style01_color03.png
  artifactKey: Guid(02448b3ea26f9f9458ce83a1d33572ef) Importer(815301076,1909f56bfc062723c751e8b465ee728b)
Start importing Assets/Third-Party/Pastel Icons/resource/style01/shape074_style01_color03.png using Guid(02448b3ea26f9f9458ce83a1d33572ef) Importer(815301076,1909f56bfc062723c751e8b465ee728b) (PreviewImporter) -> (artifact id: 'a0ceea553e9b096834df55501e2309f1') in 0.0110173 seconds
Number of updated asset objects reloaded before import = 0Number of asset objects unloaded after import = 3

========================================================================
Received Import Request.
  Time since last request: 0.000016 seconds.
  path: Assets/Third-Party/Pastel Icons/resource/style01/shape074_style01_color04.png
  artifactKey: Guid(1b62cd5d1e063234e9ea6c2bcd86a76f) Importer(815301076,1909f56bfc062723c751e8b465ee728b)
Start importing Assets/Third-Party/Pastel Icons/resource/style01/shape074_style01_color04.png using Guid(1b62cd5d1e063234e9ea6c2bcd86a76f) Importer(815301076,1909f56bfc062723c751e8b465ee728b) (PreviewImporter) -> (artifact id: '47f5b860688abb8a40a559adddd06909') in 0.0133427 seconds
Number of updated asset objects reloaded before import = 0Number of asset objects unloaded after import = 3

========================================================================
Received Import Request.
  Time since last request: 0.284115 seconds.
  path: Assets/Third-Party/Pastel Icons/resource/style01/shape074_style01_color05.png
  artifactKey: Guid(5e453b705eba8bd428eb48ec0a5bea02) Importer(815301076,1909f56bfc062723c751e8b465ee728b)
Start importing Assets/Third-Party/Pastel Icons/resource/style01/shape074_style01_color05.png using Guid(5e453b705eba8bd428eb48ec0a5bea02) Importer(815301076,1909f56bfc062723c751e8b465ee728b) (PreviewImporter) -> (artifact id: '270564d0c7c480010f1ba4feb8fc823a') in 0.0169101 seconds
Number of updated asset objects reloaded before import = 0Number of asset objects unloaded after import = 3

========================================================================
Received Import Request.
  Time since last request: 0.000020 seconds.
  path: Assets/Third-Party/Pastel Icons/resource/style01/shape074_style01_color09.png
  artifactKey: Guid(88cd8990cb4897f4ba10ae68a24c1500) Importer(815301076,1909f56bfc062723c751e8b465ee728b)
Start importing Assets/Third-Party/Pastel Icons/resource/style01/shape074_style01_color09.png using Guid(88cd8990cb4897f4ba10ae68a24c1500) Importer(815301076,1909f56bfc062723c751e8b465ee728b) (PreviewImporter) -> (artifact id: 'eec611eb394a1da7dd147185a2c985f3') in 0.0153424 seconds
Number of updated asset objects reloaded before import = 0Number of asset objects unloaded after import = 3

========================================================================
Received Import Request.
  Time since last request: 0.000023 seconds.
  path: Assets/Third-Party/Pastel Icons/resource/style02/shape074_style02_color02.png
  artifactKey: Guid(ea3d13a55e668b04ebe061355aa1cb8a) Importer(815301076,1909f56bfc062723c751e8b465ee728b)
Start importing Assets/Third-Party/Pastel Icons/resource/style02/shape074_style02_color02.png using Guid(ea3d13a55e668b04ebe061355aa1cb8a) Importer(815301076,1909f56bfc062723c751e8b465ee728b) (PreviewImporter) -> (artifact id: '6d05f8e546df160ce294d2ca7cec2f33') in 0.0156428 seconds
Number of updated asset objects reloaded before import = 0Number of asset objects unloaded after import = 3

========================================================================
Received Import Request.
  Time since last request: 0.000018 seconds.
  path: Assets/Third-Party/Pastel Icons/resource/style02/shape074_style02_color01.png
  artifactKey: Guid(d148691dc5055124891ade418299264a) Importer(815301076,1909f56bfc062723c751e8b465ee728b)
Start importing Assets/Third-Party/Pastel Icons/resource/style02/shape074_style02_color01.png using Guid(d148691dc5055124891ade418299264a) Importer(815301076,1909f56bfc062723c751e8b465ee728b) (PreviewImporter) -> (artifact id: '71aac407f641bdbf0ff2d98135874c60') in 0.0130084 seconds
Number of updated asset objects reloaded before import = 0Number of asset objects unloaded after import = 3

========================================================================
Received Import Request.
  Time since last request: 0.010597 seconds.
  path: Assets/Third-Party/Pastel Icons/resource/style02/shape074_style02_color03.png
  artifactKey: Guid(b75ffb26d92ddba42b5a910e67b580d3) Importer(815301076,1909f56bfc062723c751e8b465ee728b)
Start importing Assets/Third-Party/Pastel Icons/resource/style02/shape074_style02_color03.png using Guid(b75ffb26d92ddba42b5a910e67b580d3) Importer(815301076,1909f56bfc062723c751e8b465ee728b) (PreviewImporter) -> (artifact id: '6b6e1ca24a3a84713e23769cd44d0457') in 0.014505 seconds
Number of updated asset objects reloaded before import = 0Number of asset objects unloaded after import = 3

========================================================================
Received Import Request.
  Time since last request: 0.000019 seconds.
  path: Assets/Third-Party/Pastel Icons/resource/style02/shape074_style02_color07.png
  artifactKey: Guid(2fa99e0181a5f28499ca522a723cc981) Importer(815301076,1909f56bfc062723c751e8b465ee728b)
Start importing Assets/Third-Party/Pastel Icons/resource/style02/shape074_style02_color07.png using Guid(2fa99e0181a5f28499ca522a723cc981) Importer(815301076,1909f56bfc062723c751e8b465ee728b) (PreviewImporter) -> (artifact id: 'c7bcf7d952798f7612c2a0adba8acbb4') in 0.0141056 seconds
Number of updated asset objects reloaded before import = 0Number of asset objects unloaded after import = 3

========================================================================
Received Import Request.
  Time since last request: 0.000018 seconds.
  path: Assets/Third-Party/Pastel Icons/resource/style02/shape074_style02_color11.png
  artifactKey: Guid(5092725bb295f934da3b2df3f54e11ae) Importer(815301076,1909f56bfc062723c751e8b465ee728b)
Start importing Assets/Third-Party/Pastel Icons/resource/style02/shape074_style02_color11.png using Guid(5092725bb295f934da3b2df3f54e11ae) Importer(815301076,1909f56bfc062723c751e8b465ee728b) (PreviewImporter) -> (artifact id: '4e2177fdd31d6418adf07c8e319537be') in 0.0135905 seconds
Number of updated asset objects reloaded before import = 0Number of asset objects unloaded after import = 3

========================================================================
Received Import Request.
  Time since last request: 0.000019 seconds.
  path: Assets/Third-Party/Pastel Icons/resource/style02/shape074_style02_color09.png
  artifactKey: Guid(0ee1a76867a57a642a96173f169d4d4f) Importer(815301076,1909f56bfc062723c751e8b465ee728b)
Start importing Assets/Third-Party/Pastel Icons/resource/style02/shape074_style02_color09.png using Guid(0ee1a76867a57a642a96173f169d4d4f) Importer(815301076,1909f56bfc062723c751e8b465ee728b) (PreviewImporter) -> (artifact id: 'd4d40460f5d3c46e7f7e71be05f4769e') in 0.0121448 seconds
Number of updated asset objects reloaded before import = 0Number of asset objects unloaded after import = 3

========================================================================
Received Import Request.
  Time since last request: 0.264606 seconds.
  path: Assets/Third-Party/Pastel Icons/resource/style03/shape074_style03_color01.png
  artifactKey: Guid(f68d1b41a429af04587953740b59ae0e) Importer(815301076,1909f56bfc062723c751e8b465ee728b)
Start importing Assets/Third-Party/Pastel Icons/resource/style03/shape074_style03_color01.png using Guid(f68d1b41a429af04587953740b59ae0e) Importer(815301076,1909f56bfc062723c751e8b465ee728b) (PreviewImporter) -> (artifact id: '7596abd78f4eea5c3632214175c7bbe9') in 0.0152216 seconds
Number of updated asset objects reloaded before import = 0Number of asset objects unloaded after import = 3

========================================================================
Received Import Request.
  Time since last request: 0.000014 seconds.
  path: Assets/Third-Party/Pastel Icons/resource/style03/shape074_style03_color04.png
  artifactKey: Guid(06b33f168c57aef408d69d2da9d18160) Importer(815301076,1909f56bfc062723c751e8b465ee728b)
Start importing Assets/Third-Party/Pastel Icons/resource/style03/shape074_style03_color04.png using Guid(06b33f168c57aef408d69d2da9d18160) Importer(815301076,1909f56bfc062723c751e8b465ee728b) (PreviewImporter) -> (artifact id: '3a04d2d57f9a3c27bfe15587bb7eaa07') in 0.0147365 seconds
Number of updated asset objects reloaded before import = 0Number of asset objects unloaded after import = 3

========================================================================
Received Import Request.
  Time since last request: 0.000017 seconds.
  path: Assets/Third-Party/Pastel Icons/resource/style03/shape074_style03_color09.png
  artifactKey: Guid(5b638fa84bfcad44eb783d61484de486) Importer(815301076,1909f56bfc062723c751e8b465ee728b)
Start importing Assets/Third-Party/Pastel Icons/resource/style03/shape074_style03_color09.png using Guid(5b638fa84bfcad44eb783d61484de486) Importer(815301076,1909f56bfc062723c751e8b465ee728b) (PreviewImporter) -> (artifact id: 'faa1f4ed7fca4bba27e583ad858ac75a') in 0.0140216 seconds
Number of updated asset objects reloaded before import = 0Number of asset objects unloaded after import = 3

========================================================================
Received Import Request.
  Time since last request: 0.000018 seconds.
  path: Assets/Third-Party/Pastel Icons/resource/style03/shape074_style03_color06.png
  artifactKey: Guid(c66062b93b895c94291d7cb7eda956ce) Importer(815301076,1909f56bfc062723c751e8b465ee728b)
Start importing Assets/Third-Party/Pastel Icons/resource/style03/shape074_style03_color06.png using Guid(c66062b93b895c94291d7cb7eda956ce) Importer(815301076,1909f56bfc062723c751e8b465ee728b) (PreviewImporter) -> (artifact id: 'fdf4b4717b25ed78cf85396059f56211') in 0.0142173 seconds
Number of updated asset objects reloaded before import = 0Number of asset objects unloaded after import = 3

========================================================================
Received Import Request.
  Time since last request: 0.000030 seconds.
  path: Assets/Third-Party/Pastel Icons/resource/style01/shape075_style01_color01.png
  artifactKey: Guid(79f3bd578a4f4ef46890cb36602c90f8) Importer(815301076,1909f56bfc062723c751e8b465ee728b)
Start importing Assets/Third-Party/Pastel Icons/resource/style01/shape075_style01_color01.png using Guid(79f3bd578a4f4ef46890cb36602c90f8) Importer(815301076,1909f56bfc062723c751e8b465ee728b) (PreviewImporter) -> (artifact id: '864f50109ad231d9793fb2acf638c015') in 0.0123149 seconds
Number of updated asset objects reloaded before import = 0Number of asset objects unloaded after import = 3

========================================================================
Received Import Request.
  Time since last request: 0.017136 seconds.
  path: Assets/Third-Party/Pastel Icons/resource/style01/shape075_style01_color04.png
  artifactKey: Guid(a80bba75647d3ba418260b4c119da219) Importer(815301076,1909f56bfc062723c751e8b465ee728b)
Start importing Assets/Third-Party/Pastel Icons/resource/style01/shape075_style01_color04.png using Guid(a80bba75647d3ba418260b4c119da219) Importer(815301076,1909f56bfc062723c751e8b465ee728b) (PreviewImporter) -> (artifact id: 'f1e39ff60fe1aec888b9af0d31fb0da9') in 0.0147585 seconds
Number of updated asset objects reloaded before import = 0Number of asset objects unloaded after import = 3

========================================================================
Received Import Request.
  Time since last request: 0.000020 seconds.
  path: Assets/Third-Party/Pastel Icons/resource/style01/shape075_style01_color10.png
  artifactKey: Guid(286b96c8d9407504c86fc7d8e685739b) Importer(815301076,1909f56bfc062723c751e8b465ee728b)
Start importing Assets/Third-Party/Pastel Icons/resource/style01/shape075_style01_color10.png using Guid(286b96c8d9407504c86fc7d8e685739b) Importer(815301076,1909f56bfc062723c751e8b465ee728b) (PreviewImporter) -> (artifact id: '95bd209f775c0921e580e86ce7ce41b4') in 0.0141525 seconds
Number of updated asset objects reloaded before import = 0Number of asset objects unloaded after import = 3

========================================================================
Received Import Request.
  Time since last request: 0.000019 seconds.
  path: Assets/Third-Party/Pastel Icons/resource/style01/shape075_style01_color07.png
  artifactKey: Guid(69ab18476dc02bb41af2ac28a7e4c555) Importer(815301076,1909f56bfc062723c751e8b465ee728b)
Start importing Assets/Third-Party/Pastel Icons/resource/style01/shape075_style01_color07.png using Guid(69ab18476dc02bb41af2ac28a7e4c555) Importer(815301076,1909f56bfc062723c751e8b465ee728b) (PreviewImporter) -> (artifact id: 'cd2ee05bf00c812116befafa4183b75c') in 0.0139011 seconds
Number of updated asset objects reloaded before import = 0Number of asset objects unloaded after import = 3

========================================================================
Received Import Request.
  Time since last request: 0.000015 seconds.
  path: Assets/Third-Party/Pastel Icons/resource/style01/shape075_style01_color12.png
  artifactKey: Guid(78741dbb31465ff48b5b21c600f2ea0a) Importer(815301076,1909f56bfc062723c751e8b465ee728b)
Start importing Assets/Third-Party/Pastel Icons/resource/style01/shape075_style01_color12.png using Guid(78741dbb31465ff48b5b21c600f2ea0a) Importer(815301076,1909f56bfc062723c751e8b465ee728b) (PreviewImporter) -> (artifact id: 'd44009ccae32fa3716c99a9ce574be07') in 0.012575 seconds
Number of updated asset objects reloaded before import = 0Number of asset objects unloaded after import = 3

========================================================================
Received Import Request.
  Time since last request: 0.266458 seconds.
  path: Assets/Third-Party/Pastel Icons/resource/style02/shape075_style02_color02.png
  artifactKey: Guid(9f4e894e623600c41a69e0aee4e564e1) Importer(815301076,1909f56bfc062723c751e8b465ee728b)
Start importing Assets/Third-Party/Pastel Icons/resource/style02/shape075_style02_color02.png using Guid(9f4e894e623600c41a69e0aee4e564e1) Importer(815301076,1909f56bfc062723c751e8b465ee728b) (PreviewImporter) -> (artifact id: 'cb3a60313c6725e7f31fc4cd97a06ddc') in 0.0150706 seconds
Number of updated asset objects reloaded before import = 0Number of asset objects unloaded after import = 3

========================================================================
Received Import Request.
  Time since last request: 0.000603 seconds.
  path: Assets/Third-Party/Pastel Icons/resource/style02/shape075_style02_color07.png
  artifactKey: Guid(4861612d01f2c2646be1eacbab889173) Importer(815301076,1909f56bfc062723c751e8b465ee728b)
Start importing Assets/Third-Party/Pastel Icons/resource/style02/shape075_style02_color07.png using Guid(4861612d01f2c2646be1eacbab889173) Importer(815301076,1909f56bfc062723c751e8b465ee728b) (PreviewImporter) -> (artifact id: '64a42de9b1370f4a7daa90f961d448a7') in 0.0137675 seconds
Number of updated asset objects reloaded before import = 0Number of asset objects unloaded after import = 3

========================================================================
Received Import Request.
  Time since last request: 0.000019 seconds.
  path: Assets/Third-Party/Pastel Icons/resource/style02/shape075_style02_color08.png
  artifactKey: Guid(da3988331cab9d94a8be9132edce0266) Importer(815301076,1909f56bfc062723c751e8b465ee728b)
Start importing Assets/Third-Party/Pastel Icons/resource/style02/shape075_style02_color08.png using Guid(da3988331cab9d94a8be9132edce0266) Importer(815301076,1909f56bfc062723c751e8b465ee728b) (PreviewImporter) -> (artifact id: 'a3b7d732831e60082f80c70fa500ef9c') in 0.0145776 seconds
Number of updated asset objects reloaded before import = 0Number of asset objects unloaded after import = 3

========================================================================
Received Import Request.
  Time since last request: 0.000017 seconds.
  path: Assets/Third-Party/Pastel Icons/resource/style02/shape075_style02_color11.png
  artifactKey: Guid(8862fe0621a6b84498dedb47e742f005) Importer(815301076,1909f56bfc062723c751e8b465ee728b)
Start importing Assets/Third-Party/Pastel Icons/resource/style02/shape075_style02_color11.png using Guid(8862fe0621a6b84498dedb47e742f005) Importer(815301076,1909f56bfc062723c751e8b465ee728b) (PreviewImporter) -> (artifact id: '32c992f3db1c77eb9ee0c0b9cea74929') in 0.0133597 seconds
Number of updated asset objects reloaded before import = 0Number of asset objects unloaded after import = 3

========================================================================
Received Import Request.
  Time since last request: 0.000026 seconds.
  path: Assets/Third-Party/Pastel Icons/resource/style03/shape075_style03_color03.png
  artifactKey: Guid(af7c80540dd575e4d8622f727ab3c5de) Importer(815301076,1909f56bfc062723c751e8b465ee728b)
Start importing Assets/Third-Party/Pastel Icons/resource/style03/shape075_style03_color03.png using Guid(af7c80540dd575e4d8622f727ab3c5de) Importer(815301076,1909f56bfc062723c751e8b465ee728b) (PreviewImporter) -> (artifact id: '9e95e5b9add4ccf314b6f2d8869f7a3f') in 0.0130202 seconds
Number of updated asset objects reloaded before import = 0Number of asset objects unloaded after import = 3

========================================================================
Received Import Request.
  Time since last request: 0.000015 seconds.
  path: Assets/Third-Party/Pastel Icons/resource/style03/shape075_style03_color06.png
  artifactKey: Guid(ffbc66044e00679488cd6439b84e729b) Importer(815301076,1909f56bfc062723c751e8b465ee728b)
Start importing Assets/Third-Party/Pastel Icons/resource/style03/shape075_style03_color06.png using Guid(ffbc66044e00679488cd6439b84e729b) Importer(815301076,1909f56bfc062723c751e8b465ee728b) (PreviewImporter) -> (artifact id: '8e940217e649e185c8741ee862809c4b') in 0.0118182 seconds
Number of updated asset objects reloaded before import = 0Number of asset objects unloaded after import = 3

========================================================================
Received Import Request.
  Time since last request: 0.000016 seconds.
  path: Assets/Third-Party/Pastel Icons/resource/style03/shape075_style03_color09.png
  artifactKey: Guid(a08b1460edcaa814aa3e1ce738b5b752) Importer(815301076,1909f56bfc062723c751e8b465ee728b)
Start importing Assets/Third-Party/Pastel Icons/resource/style03/shape075_style03_color09.png using Guid(a08b1460edcaa814aa3e1ce738b5b752) Importer(815301076,1909f56bfc062723c751e8b465ee728b) (PreviewImporter) -> (artifact id: '65d8a853dc5f21c91ee2c19f0075bbd7') in 0.0096668 seconds
Number of updated asset objects reloaded before import = 0Number of asset objects unloaded after import = 3

========================================================================
Received Import Request.
  Time since last request: 0.000012 seconds.
  path: Assets/Third-Party/Pastel Icons/resource/style03/shape075_style03_color08.png
  artifactKey: Guid(07a302ce88df1b9468f4487fef5bd8e4) Importer(815301076,1909f56bfc062723c751e8b465ee728b)
Start importing Assets/Third-Party/Pastel Icons/resource/style03/shape075_style03_color08.png using Guid(07a302ce88df1b9468f4487fef5bd8e4) Importer(815301076,1909f56bfc062723c751e8b465ee728b) (PreviewImporter) -> (artifact id: 'ea0336d77db1e24507af5b1ba875327a') in 0.0128453 seconds
Number of updated asset objects reloaded before import = 0Number of asset objects unloaded after import = 3

========================================================================
Received Import Request.
  Time since last request: 0.257728 seconds.
  path: Assets/Third-Party/Pastel Icons/resource/style03/shape075_style03_color10.png
  artifactKey: Guid(e3afd770876b878428ae29d6fbefc8f9) Importer(815301076,1909f56bfc062723c751e8b465ee728b)
Start importing Assets/Third-Party/Pastel Icons/resource/style03/shape075_style03_color10.png using Guid(e3afd770876b878428ae29d6fbefc8f9) Importer(815301076,1909f56bfc062723c751e8b465ee728b) (PreviewImporter) -> (artifact id: 'f81a5794f01f8a7e49de889b6ecc79b8') in 0.0155755 seconds
Number of updated asset objects reloaded before import = 0Number of asset objects unloaded after import = 3

========================================================================
Received Import Request.
  Time since last request: 0.000014 seconds.
  path: Assets/Third-Party/Pastel Icons/resource/style01/shape076_style01_color01.png
  artifactKey: Guid(0ff049fab306afe49a87aefd622b4286) Importer(815301076,1909f56bfc062723c751e8b465ee728b)
Start importing Assets/Third-Party/Pastel Icons/resource/style01/shape076_style01_color01.png using Guid(0ff049fab306afe49a87aefd622b4286) Importer(815301076,1909f56bfc062723c751e8b465ee728b) (PreviewImporter) -> (artifact id: 'bf2eaf1efe7ed3f943f18f8bf09bae59') in 0.014725 seconds
Number of updated asset objects reloaded before import = 0Number of asset objects unloaded after import = 3

========================================================================
Received Import Request.
  Time since last request: 0.027225 seconds.
  path: Assets/Third-Party/Pastel Icons/resource/style01/shape076_style01_color03.png
  artifactKey: Guid(5a9b5a1987070ea4582d52f19eed9279) Importer(815301076,1909f56bfc062723c751e8b465ee728b)
Start importing Assets/Third-Party/Pastel Icons/resource/style01/shape076_style01_color03.png using Guid(5a9b5a1987070ea4582d52f19eed9279) Importer(815301076,1909f56bfc062723c751e8b465ee728b) (PreviewImporter) -> (artifact id: 'ec276ce45ef1fa1f777dca864e42d498') in 0.0134098 seconds
Number of updated asset objects reloaded before import = 0Number of asset objects unloaded after import = 3

========================================================================
Received Import Request.
  Time since last request: 0.039544 seconds.
  path: Assets/Third-Party/Pastel Icons/resource/style01/shape076_style01_color06.png
  artifactKey: Guid(89e36ce3abbbbac45ac6918fc499377c) Importer(815301076,1909f56bfc062723c751e8b465ee728b)
Start importing Assets/Third-Party/Pastel Icons/resource/style01/shape076_style01_color06.png using Guid(89e36ce3abbbbac45ac6918fc499377c) Importer(815301076,1909f56bfc062723c751e8b465ee728b) (PreviewImporter) -> (artifact id: 'f5b905aa19cde9661d0aba77a889ddbe') in 0.0135376 seconds
Number of updated asset objects reloaded before import = 0Number of asset objects unloaded after import = 3

========================================================================
Received Import Request.
  Time since last request: 0.009733 seconds.
  path: Assets/Third-Party/Pastel Icons/resource/style01/shape076_style01_color08.png
  artifactKey: Guid(1a678efea312fe74582cbdc0fc2dd1d1) Importer(815301076,1909f56bfc062723c751e8b465ee728b)
Start importing Assets/Third-Party/Pastel Icons/resource/style01/shape076_style01_color08.png using Guid(1a678efea312fe74582cbdc0fc2dd1d1) Importer(815301076,1909f56bfc062723c751e8b465ee728b) (PreviewImporter) -> (artifact id: 'cd92d18ee863642f6c729f12258fdbba') in 0.0139558 seconds
Number of updated asset objects reloaded before import = 0Number of asset objects unloaded after import = 3

========================================================================
Received Import Request.
  Time since last request: 0.000017 seconds.
  path: Assets/Third-Party/Pastel Icons/resource/style02/shape076_style02_color05.png
  artifactKey: Guid(08ae010f83724144dba4b6e2d3eecd16) Importer(815301076,1909f56bfc062723c751e8b465ee728b)
Start importing Assets/Third-Party/Pastel Icons/resource/style02/shape076_style02_color05.png using Guid(08ae010f83724144dba4b6e2d3eecd16) Importer(815301076,1909f56bfc062723c751e8b465ee728b) (PreviewImporter) -> (artifact id: '06cc3e9c53538b9528fdc6486ad7983f') in 0.0747149 seconds
Number of updated asset objects reloaded before import = 0Number of asset objects unloaded after import = 3

========================================================================
Received Import Request.
  Time since last request: 0.000018 seconds.
  path: Assets/Third-Party/Pastel Icons/resource/style02/shape076_style02_color08.png
  artifactKey: Guid(3d9a0f0a151c9604080ab600af797590) Importer(815301076,1909f56bfc062723c751e8b465ee728b)
Start importing Assets/Third-Party/Pastel Icons/resource/style02/shape076_style02_color08.png using Guid(3d9a0f0a151c9604080ab600af797590) Importer(815301076,1909f56bfc062723c751e8b465ee728b) (PreviewImporter) -> (artifact id: '2ba52373d578a070436a97327327c42e') in 0.0137329 seconds
Number of updated asset objects reloaded before import = 0Number of asset objects unloaded after import = 3

========================================================================
Received Import Request.
  Time since last request: 0.000018 seconds.
  path: Assets/Third-Party/Pastel Icons/resource/style01/shape076_style01_color12.png
  artifactKey: Guid(eb48801bb108c674bb1b968d320a11d8) Importer(815301076,1909f56bfc062723c751e8b465ee728b)
Start importing Assets/Third-Party/Pastel Icons/resource/style01/shape076_style01_color12.png using Guid(eb48801bb108c674bb1b968d320a11d8) Importer(815301076,1909f56bfc062723c751e8b465ee728b) (PreviewImporter) -> (artifact id: 'e7a589328350d79baf1d30a4518e4a29') in 0.0117795 seconds
Number of updated asset objects reloaded before import = 0Number of asset objects unloaded after import = 3

========================================================================
Received Import Request.
  Time since last request: 0.000014 seconds.
  path: Assets/Third-Party/Pastel Icons/resource/style02/shape076_style02_color09.png
  artifactKey: Guid(c190b0b1a1203d94cb5ee326740f4909) Importer(815301076,1909f56bfc062723c751e8b465ee728b)
Start importing Assets/Third-Party/Pastel Icons/resource/style02/shape076_style02_color09.png using Guid(c190b0b1a1203d94cb5ee326740f4909) Importer(815301076,1909f56bfc062723c751e8b465ee728b) (PreviewImporter) -> (artifact id: 'f6ba780fda052c9ba29aac1ab3cc6f0f') in 0.0123126 seconds
Number of updated asset objects reloaded before import = 0Number of asset objects unloaded after import = 3

========================================================================
Received Import Request.
  Time since last request: 0.109837 seconds.
  path: Assets/Third-Party/Pastel Icons/resource/style02/shape076_style02_color11.png
  artifactKey: Guid(fe2d82bdaed441d4fb066c313dbd3e2f) Importer(815301076,1909f56bfc062723c751e8b465ee728b)
Start importing Assets/Third-Party/Pastel Icons/resource/style02/shape076_style02_color11.png using Guid(fe2d82bdaed441d4fb066c313dbd3e2f) Importer(815301076,1909f56bfc062723c751e8b465ee728b) (PreviewImporter) -> (artifact id: '96983dea6b4bd3131483c0f9d6f4af05') in 0.0144056 seconds
Number of updated asset objects reloaded before import = 0Number of asset objects unloaded after import = 3

========================================================================
Received Import Request.
  Time since last request: 0.000014 seconds.
  path: Assets/Third-Party/Pastel Icons/resource/style03/shape076_style03_color05.png
  artifactKey: Guid(a9c0730277d605444a95f73906908a32) Importer(815301076,1909f56bfc062723c751e8b465ee728b)
Start importing Assets/Third-Party/Pastel Icons/resource/style03/shape076_style03_color05.png using Guid(a9c0730277d605444a95f73906908a32) Importer(815301076,1909f56bfc062723c751e8b465ee728b) (PreviewImporter) -> (artifact id: '605960bd81e1dd93af7f5f289516c02e') in 0.0846314 seconds
Number of updated asset objects reloaded before import = 0Number of asset objects unloaded after import = 3

========================================================================
Received Import Request.
  Time since last request: 0.000015 seconds.
  path: Assets/Third-Party/Pastel Icons/resource/style03/shape076_style03_color11.png
  artifactKey: Guid(667d6d0bdbb102144a0eb1d328e4286d) Importer(815301076,1909f56bfc062723c751e8b465ee728b)
Start importing Assets/Third-Party/Pastel Icons/resource/style03/shape076_style03_color11.png using Guid(667d6d0bdbb102144a0eb1d328e4286d) Importer(815301076,1909f56bfc062723c751e8b465ee728b) (PreviewImporter) -> (artifact id: '87565acfaf93d9ab45c4ebe3d7acc40b') in 0.0148577 seconds
Number of updated asset objects reloaded before import = 0Number of asset objects unloaded after import = 3

========================================================================
Received Import Request.
  Time since last request: 0.000018 seconds.
  path: Assets/Third-Party/Pastel Icons/resource/style03/shape076_style03_color09.png
  artifactKey: Guid(d5b13c5cc3cfd674f94d576116d26de0) Importer(815301076,1909f56bfc062723c751e8b465ee728b)
Start importing Assets/Third-Party/Pastel Icons/resource/style03/shape076_style03_color09.png using Guid(d5b13c5cc3cfd674f94d576116d26de0) Importer(815301076,1909f56bfc062723c751e8b465ee728b) (PreviewImporter) -> (artifact id: 'bad6ac7763d5790bb860a237f02325e6') in 0.0142853 seconds
Number of updated asset objects reloaded before import = 0Number of asset objects unloaded after import = 3

========================================================================
Received Import Request.
  Time since last request: 0.000022 seconds.
  path: Assets/Third-Party/Pastel Icons/resource/style01/shape077_style01_color06.png
  artifactKey: Guid(c5ca2fdd1287dc840b2931fa62429e68) Importer(815301076,1909f56bfc062723c751e8b465ee728b)
Start importing Assets/Third-Party/Pastel Icons/resource/style01/shape077_style01_color06.png using Guid(c5ca2fdd1287dc840b2931fa62429e68) Importer(815301076,1909f56bfc062723c751e8b465ee728b) (PreviewImporter) -> (artifact id: 'e17bfb68eafbdac5517dabf906d0119c') in 0.524917 seconds
Number of updated asset objects reloaded before import = 0Number of asset objects unloaded after import = 3

========================================================================
Received Import Request.
  Time since last request: 0.000019 seconds.
  path: Assets/Third-Party/Pastel Icons/resource/style01/shape077_style01_color10.png
  artifactKey: Guid(338519e2c56dbab47be57a901965bd38) Importer(815301076,1909f56bfc062723c751e8b465ee728b)
Start importing Assets/Third-Party/Pastel Icons/resource/style01/shape077_style01_color10.png using Guid(338519e2c56dbab47be57a901965bd38) Importer(815301076,1909f56bfc062723c751e8b465ee728b) (PreviewImporter) -> (artifact id: '14733db033de0196ed28b60935ba282e') in 0.0142443 seconds
Number of updated asset objects reloaded before import = 0Number of asset objects unloaded after import = 3

========================================================================
Received Import Request.
  Time since last request: 0.000041 seconds.
  path: Assets/Third-Party/Pastel Icons/resource/style01/shape077_style01_color07.png
  artifactKey: Guid(0e69fc6ee247fdc4598de96fec28862e) Importer(815301076,1909f56bfc062723c751e8b465ee728b)
Start importing Assets/Third-Party/Pastel Icons/resource/style01/shape077_style01_color07.png using Guid(0e69fc6ee247fdc4598de96fec28862e) Importer(815301076,1909f56bfc062723c751e8b465ee728b) (PreviewImporter) -> (artifact id: 'ee7b22fbaaf5be85bc8b5c26c2055400') in 0.0756817 seconds
Number of updated asset objects reloaded before import = 0Number of asset objects unloaded after import = 3

========================================================================
Received Import Request.
  Time since last request: 0.000020 seconds.
  path: Assets/Third-Party/Pastel Icons/resource/style01/shape077_style01_color09.png
  artifactKey: Guid(b8539f6bb3b8cd3478e8266a24a268dd) Importer(815301076,1909f56bfc062723c751e8b465ee728b)
Start importing Assets/Third-Party/Pastel Icons/resource/style01/shape077_style01_color09.png using Guid(b8539f6bb3b8cd3478e8266a24a268dd) Importer(815301076,1909f56bfc062723c751e8b465ee728b) (PreviewImporter) -> (artifact id: 'c38963e18ed84caa9840629e39fb3b14') in 0.0148498 seconds
Number of updated asset objects reloaded before import = 0Number of asset objects unloaded after import = 3

========================================================================
Received Import Request.
  Time since last request: 0.000016 seconds.
  path: Assets/Third-Party/Pastel Icons/resource/style02/shape077_style02_color04.png
  artifactKey: Guid(d3cd1e25a2111e14289316fe43c6268d) Importer(815301076,1909f56bfc062723c751e8b465ee728b)
Start importing Assets/Third-Party/Pastel Icons/resource/style02/shape077_style02_color04.png using Guid(d3cd1e25a2111e14289316fe43c6268d) Importer(815301076,1909f56bfc062723c751e8b465ee728b) (PreviewImporter) -> (artifact id: '15bf1ea8c116ca2c3555fdca9576449f') in 0.0146006 seconds
Number of updated asset objects reloaded before import = 0Number of asset objects unloaded after import = 3

========================================================================
Received Import Request.
  Time since last request: 0.000016 seconds.
  path: Assets/Third-Party/Pastel Icons/resource/style02/shape077_style02_color12.png
  artifactKey: Guid(7ac9d16e91321df4b9e17bc219f23acb) Importer(815301076,1909f56bfc062723c751e8b465ee728b)
Start importing Assets/Third-Party/Pastel Icons/resource/style02/shape077_style02_color12.png using Guid(7ac9d16e91321df4b9e17bc219f23acb) Importer(815301076,1909f56bfc062723c751e8b465ee728b) (PreviewImporter) -> (artifact id: '5ddd0d21a9f0a0c33fd1c783ae9fa4e1') in 0.0140207 seconds
Number of updated asset objects reloaded before import = 0Number of asset objects unloaded after import = 3

========================================================================
Received Import Request.
  Time since last request: 0.000014 seconds.
  path: Assets/Third-Party/Pastel Icons/resource/style03/shape076_style03_color02.png
  artifactKey: Guid(49804649de63ec2419cb933129d8242c) Importer(815301076,1909f56bfc062723c751e8b465ee728b)
Start importing Assets/Third-Party/Pastel Icons/resource/style03/shape076_style03_color02.png using Guid(49804649de63ec2419cb933129d8242c) Importer(815301076,1909f56bfc062723c751e8b465ee728b) (PreviewImporter) -> (artifact id: '29e36d2973ace80a8790e99a596e7789') in 0.0140665 seconds
Number of updated asset objects reloaded before import = 0Number of asset objects unloaded after import = 3

========================================================================
Received Import Request.
  Time since last request: 0.000016 seconds.
  path: Assets/Third-Party/Pastel Icons/resource/style02/shape077_style02_color09.png
  artifactKey: Guid(84790fa8af4e9af47b6a1246f68be1da) Importer(815301076,1909f56bfc062723c751e8b465ee728b)
Start importing Assets/Third-Party/Pastel Icons/resource/style02/shape077_style02_color09.png using Guid(84790fa8af4e9af47b6a1246f68be1da) Importer(815301076,1909f56bfc062723c751e8b465ee728b) (PreviewImporter) -> (artifact id: '47f27ee8eaeff34f106e0294475b4802') in 0.0138764 seconds
Number of updated asset objects reloaded before import = 0Number of asset objects unloaded after import = 3

========================================================================
Received Import Request.
  Time since last request: 0.000018 seconds.
  path: Assets/Third-Party/Pastel Icons/resource/style01/shape077_style01_color04.png
  artifactKey: Guid(f91e42875a077634db08f44e1b0e4a6a) Importer(815301076,1909f56bfc062723c751e8b465ee728b)
Start importing Assets/Third-Party/Pastel Icons/resource/style01/shape077_style01_color04.png using Guid(f91e42875a077634db08f44e1b0e4a6a) Importer(815301076,1909f56bfc062723c751e8b465ee728b) (PreviewImporter) -> (artifact id: 'f4263246a429d19088626553c4338a6a') in 0.0139806 seconds
Number of updated asset objects reloaded before import = 0Number of asset objects unloaded after import = 3

========================================================================
Received Import Request.
  Time since last request: 0.000018 seconds.
  path: Assets/Third-Party/Pastel Icons/resource/style02/shape077_style02_color02.png
  artifactKey: Guid(7c59475438636dc45a72d11b32a0c855) Importer(815301076,1909f56bfc062723c751e8b465ee728b)
Start importing Assets/Third-Party/Pastel Icons/resource/style02/shape077_style02_color02.png using Guid(7c59475438636dc45a72d11b32a0c855) Importer(815301076,1909f56bfc062723c751e8b465ee728b) (PreviewImporter) -> (artifact id: '7002836636a3c8ba30f8aa731861a8a4') in 0.0135809 seconds
Number of updated asset objects reloaded before import = 0Number of asset objects unloaded after import = 3

========================================================================
Received Import Request.
  Time since last request: 0.000019 seconds.
  path: Assets/Third-Party/Pastel Icons/resource/style01/shape077_style01_color12.png
  artifactKey: Guid(225968fedd9997e41bd0d7d386a32889) Importer(815301076,1909f56bfc062723c751e8b465ee728b)
Start importing Assets/Third-Party/Pastel Icons/resource/style01/shape077_style01_color12.png using Guid(225968fedd9997e41bd0d7d386a32889) Importer(815301076,1909f56bfc062723c751e8b465ee728b) (PreviewImporter) -> (artifact id: '3407a11902f9de9e28d10ffdb2bcf269') in 0.0140885 seconds
Number of updated asset objects reloaded before import = 0Number of asset objects unloaded after import = 3

========================================================================
Received Import Request.
  Time since last request: 0.301261 seconds.
  path: Assets/Third-Party/Pastel Icons/resource/style03/shape077_style03_color08.png
  artifactKey: Guid(7a1eba03888adad4e9dae11a6393fcb6) Importer(815301076,1909f56bfc062723c751e8b465ee728b)
Start importing Assets/Third-Party/Pastel Icons/resource/style03/shape077_style03_color08.png using Guid(7a1eba03888adad4e9dae11a6393fcb6) Importer(815301076,1909f56bfc062723c751e8b465ee728b) (PreviewImporter) -> (artifact id: '5c78640047d72783b04b0e39da55c20b') in 0.014028 seconds
Number of updated asset objects reloaded before import = 0Number of asset objects unloaded after import = 3

========================================================================
Received Import Request.
  Time since last request: 0.091335 seconds.
  path: Assets/Third-Party/Pastel Icons/resource/style03/shape077_style03_color11.png
  artifactKey: Guid(7f73faf1fe12042408787e6fcdc35863) Importer(815301076,1909f56bfc062723c751e8b465ee728b)
Start importing Assets/Third-Party/Pastel Icons/resource/style03/shape077_style03_color11.png using Guid(7f73faf1fe12042408787e6fcdc35863) Importer(815301076,1909f56bfc062723c751e8b465ee728b) (PreviewImporter) -> (artifact id: '0d2d26e8c280637578f16da8e4fa2e86') in 0.0268837 seconds
Number of updated asset objects reloaded before import = 0Number of asset objects unloaded after import = 3

========================================================================
Received Import Request.
  Time since last request: 0.000018 seconds.
  path: Assets/Third-Party/Pastel Icons/resource/style01/shape078_style01_color06.png
  artifactKey: Guid(5e05809ed3df86641bda55f912ecd8c4) Importer(815301076,1909f56bfc062723c751e8b465ee728b)
Start importing Assets/Third-Party/Pastel Icons/resource/style01/shape078_style01_color06.png using Guid(5e05809ed3df86641bda55f912ecd8c4) Importer(815301076,1909f56bfc062723c751e8b465ee728b) (PreviewImporter) -> (artifact id: '4ee1c7e90df7aae976711502b6652340') in 0.0137683 seconds
Number of updated asset objects reloaded before import = 0Number of asset objects unloaded after import = 3

========================================================================
Received Import Request.
  Time since last request: 0.000025 seconds.
  path: Assets/Third-Party/Pastel Icons/resource/style01/shape078_style01_color12.png
  artifactKey: Guid(53d6f5cecdc096e49a71751a3c2516ff) Importer(815301076,1909f56bfc062723c751e8b465ee728b)
Start importing Assets/Third-Party/Pastel Icons/resource/style01/shape078_style01_color12.png using Guid(53d6f5cecdc096e49a71751a3c2516ff) Importer(815301076,1909f56bfc062723c751e8b465ee728b) (PreviewImporter) -> (artifact id: 'b75ee72d63c652e38389836ca7c42370') in 0.0136005 seconds
Number of updated asset objects reloaded before import = 0Number of asset objects unloaded after import = 3

========================================================================
Received Import Request.
  Time since last request: 0.000013 seconds.
  path: Assets/Third-Party/Pastel Icons/resource/style01/shape078_style01_color09.png
  artifactKey: Guid(9b3553413cf34154fa85b558401a5ebf) Importer(815301076,1909f56bfc062723c751e8b465ee728b)
Start importing Assets/Third-Party/Pastel Icons/resource/style01/shape078_style01_color09.png using Guid(9b3553413cf34154fa85b558401a5ebf) Importer(815301076,1909f56bfc062723c751e8b465ee728b) (PreviewImporter) -> (artifact id: '57c6b38d4a559e713f3f12c28649d175') in 0.0139944 seconds
Number of updated asset objects reloaded before import = 0Number of asset objects unloaded after import = 3

========================================================================
Received Import Request.
  Time since last request: 0.000017 seconds.
  path: Assets/Third-Party/Pastel Icons/resource/style01/shape078_style01_color11.png
  artifactKey: Guid(5028b2a027fcf7346b8d6d14e5bb58b7) Importer(815301076,1909f56bfc062723c751e8b465ee728b)
Start importing Assets/Third-Party/Pastel Icons/resource/style01/shape078_style01_color11.png using Guid(5028b2a027fcf7346b8d6d14e5bb58b7) Importer(815301076,1909f56bfc062723c751e8b465ee728b) (PreviewImporter) -> (artifact id: '66e2f4db389acbd8808709ce31857874') in 0.0136581 seconds
Number of updated asset objects reloaded before import = 0Number of asset objects unloaded after import = 3

========================================================================
Received Import Request.
  Time since last request: 0.000014 seconds.
  path: Assets/Third-Party/Pastel Icons/resource/style02/shape078_style02_color01.png
  artifactKey: Guid(c299992aa80d1474ca910eb0c0f12985) Importer(815301076,1909f56bfc062723c751e8b465ee728b)
Start importing Assets/Third-Party/Pastel Icons/resource/style02/shape078_style02_color01.png using Guid(c299992aa80d1474ca910eb0c0f12985) Importer(815301076,1909f56bfc062723c751e8b465ee728b) (PreviewImporter) -> (artifact id: 'afe8a276584f9ac24f3add3ac39443c3') in 0.0139875 seconds
Number of updated asset objects reloaded before import = 0Number of asset objects unloaded after import = 3

========================================================================
Received Import Request.
  Time since last request: 0.111232 seconds.
  path: Assets/Third-Party/Pastel Icons/resource/style02/shape078_style02_color04.png
  artifactKey: Guid(4375d5798ac45e04d97ee371182ef356) Importer(815301076,1909f56bfc062723c751e8b465ee728b)
Start importing Assets/Third-Party/Pastel Icons/resource/style02/shape078_style02_color04.png using Guid(4375d5798ac45e04d97ee371182ef356) Importer(815301076,1909f56bfc062723c751e8b465ee728b) (PreviewImporter) -> (artifact id: '26eb176a52aa42d653df10886adfa0ad') in 0.0152469 seconds
Number of updated asset objects reloaded before import = 0Number of asset objects unloaded after import = 3

========================================================================
Received Import Request.
  Time since last request: 0.000017 seconds.
  path: Assets/Third-Party/Pastel Icons/resource/style02/shape078_style02_color07.png
  artifactKey: Guid(1995b51add0ddf9469ecdad27b21191b) Importer(815301076,1909f56bfc062723c751e8b465ee728b)
Start importing Assets/Third-Party/Pastel Icons/resource/style02/shape078_style02_color07.png using Guid(1995b51add0ddf9469ecdad27b21191b) Importer(815301076,1909f56bfc062723c751e8b465ee728b) (PreviewImporter) -> (artifact id: 'd993fd3e430e9589415924bca417efbc') in 0.0140437 seconds
Number of updated asset objects reloaded before import = 0Number of asset objects unloaded after import = 3

========================================================================
Received Import Request.
  Time since last request: 0.014659 seconds.
  path: Assets/Third-Party/Pastel Icons/resource/style02/shape078_style02_color09.png
  artifactKey: Guid(147b859fd2461b64289702320022db27) Importer(815301076,1909f56bfc062723c751e8b465ee728b)
Start importing Assets/Third-Party/Pastel Icons/resource/style02/shape078_style02_color09.png using Guid(147b859fd2461b64289702320022db27) Importer(815301076,1909f56bfc062723c751e8b465ee728b) (PreviewImporter) -> (artifact id: '4f26b70821595b338bbbd5574edabed6') in 0.0781303 seconds
Number of updated asset objects reloaded before import = 0Number of asset objects unloaded after import = 3

========================================================================
Received Import Request.
  Time since last request: 0.000015 seconds.
  path: Assets/Third-Party/Pastel Icons/resource/style01/shape079_style01_color01.png
  artifactKey: Guid(8c466d4a9b5e218459497c1eb5b0af10) Importer(815301076,1909f56bfc062723c751e8b465ee728b)
Start importing Assets/Third-Party/Pastel Icons/resource/style01/shape079_style01_color01.png using Guid(8c466d4a9b5e218459497c1eb5b0af10) Importer(815301076,1909f56bfc062723c751e8b465ee728b) (PreviewImporter) -> (artifact id: 'bfc521bddd4e9866afb04f3ffa410ee6') in 0.0281604 seconds
Number of updated asset objects reloaded before import = 0Number of asset objects unloaded after import = 3

========================================================================
Received Import Request.
  Time since last request: 0.000017 seconds.
  path: Assets/Third-Party/Pastel Icons/resource/style03/shape078_style03_color11.png
  artifactKey: Guid(0c74b09b3e4e1cc42b3366c0fe3c4272) Importer(815301076,1909f56bfc062723c751e8b465ee728b)
Start importing Assets/Third-Party/Pastel Icons/resource/style03/shape078_style03_color11.png using Guid(0c74b09b3e4e1cc42b3366c0fe3c4272) Importer(815301076,1909f56bfc062723c751e8b465ee728b) (PreviewImporter) -> (artifact id: '77a24e6f52e3f9c0d69790f5a57935ef') in 0.0178044 seconds
Number of updated asset objects reloaded before import = 0Number of asset objects unloaded after import = 3

========================================================================
Received Import Request.
  Time since last request: 0.000016 seconds.
  path: Assets/Third-Party/Pastel Icons/resource/style02/shape078_style02_color12.png
  artifactKey: Guid(a58a460955bda1647aaa20672cf0a157) Importer(815301076,1909f56bfc062723c751e8b465ee728b)
Start importing Assets/Third-Party/Pastel Icons/resource/style02/shape078_style02_color12.png using Guid(a58a460955bda1647aaa20672cf0a157) Importer(815301076,1909f56bfc062723c751e8b465ee728b) (PreviewImporter) -> (artifact id: 'f56fc620852c79d76e8b2c0d670a232d') in 0.0152032 seconds
Number of updated asset objects reloaded before import = 0Number of asset objects unloaded after import = 3

========================================================================
Received Import Request.
  Time since last request: 0.000019 seconds.
  path: Assets/Third-Party/Pastel Icons/resource/style03/shape078_style03_color03.png
  artifactKey: Guid(a4ba470a09fd2c04a9397994d788a2d2) Importer(815301076,1909f56bfc062723c751e8b465ee728b)
Start importing Assets/Third-Party/Pastel Icons/resource/style03/shape078_style03_color03.png using Guid(a4ba470a09fd2c04a9397994d788a2d2) Importer(815301076,1909f56bfc062723c751e8b465ee728b) (PreviewImporter) -> (artifact id: '00de2dfebc1037b6f48a7f5e22a1fa8d') in 0.0152191 seconds
Number of updated asset objects reloaded before import = 0Number of asset objects unloaded after import = 3

========================================================================
Received Import Request.
  Time since last request: 0.000016 seconds.
  path: Assets/Third-Party/Pastel Icons/resource/style03/shape078_style03_color12.png
  artifactKey: Guid(b62146071aa665d419b5a2ee1685a513) Importer(815301076,1909f56bfc062723c751e8b465ee728b)
Start importing Assets/Third-Party/Pastel Icons/resource/style03/shape078_style03_color12.png using Guid(b62146071aa665d419b5a2ee1685a513) Importer(815301076,1909f56bfc062723c751e8b465ee728b) (PreviewImporter) -> (artifact id: '3f39ae831e73ee1d28eefac560aa122b') in 0.0151568 seconds
Number of updated asset objects reloaded before import = 0Number of asset objects unloaded after import = 3

========================================================================
Received Import Request.
  Time since last request: 0.407577 seconds.
  path: Assets/Third-Party/Pastel Icons/resource/style01/shape079_style01_color05.png
  artifactKey: Guid(1d99d328c26dc0c40a5abd6f2f4c2fcf) Importer(815301076,1909f56bfc062723c751e8b465ee728b)
Start importing Assets/Third-Party/Pastel Icons/resource/style01/shape079_style01_color05.png using Guid(1d99d328c26dc0c40a5abd6f2f4c2fcf) Importer(815301076,1909f56bfc062723c751e8b465ee728b) (PreviewImporter) -> (artifact id: '3152d0081b5b2e6e160697a8e2b4aaf4') in 0.0155973 seconds
Number of updated asset objects reloaded before import = 0Number of asset objects unloaded after import = 3

========================================================================
Received Import Request.
  Time since last request: 0.000015 seconds.
  path: Assets/Third-Party/Pastel Icons/resource/style01/shape079_style01_color09.png
  artifactKey: Guid(82e0e7c633abc8948907a9fc1b469d14) Importer(815301076,1909f56bfc062723c751e8b465ee728b)
Start importing Assets/Third-Party/Pastel Icons/resource/style01/shape079_style01_color09.png using Guid(82e0e7c633abc8948907a9fc1b469d14) Importer(815301076,1909f56bfc062723c751e8b465ee728b) (PreviewImporter) -> (artifact id: '0538cab75de890e516bd4d373d61dd61') in 0.0141569 seconds
Number of updated asset objects reloaded before import = 0Number of asset objects unloaded after import = 3

========================================================================
Received Import Request.
  Time since last request: 0.016314 seconds.
  path: Assets/Third-Party/Pastel Icons/resource/style01/shape079_style01_color10.png
  artifactKey: Guid(4bbee4b82cdcaf9458f641c7ff5fa31a) Importer(815301076,1909f56bfc062723c751e8b465ee728b)
Start importing Assets/Third-Party/Pastel Icons/resource/style01/shape079_style01_color10.png using Guid(4bbee4b82cdcaf9458f641c7ff5fa31a) Importer(815301076,1909f56bfc062723c751e8b465ee728b) (PreviewImporter) -> (artifact id: '375916aaeed3e2ce17eda7af61060ecb') in 0.0143397 seconds
Number of updated asset objects reloaded before import = 0Number of asset objects unloaded after import = 3

========================================================================
Received Import Request.
  Time since last request: 0.000019 seconds.
  path: Assets/Third-Party/Pastel Icons/resource/style02/shape079_style02_color01.png
  artifactKey: Guid(735dc7945b77eeb45b206659de38556c) Importer(815301076,1909f56bfc062723c751e8b465ee728b)
Start importing Assets/Third-Party/Pastel Icons/resource/style02/shape079_style02_color01.png using Guid(735dc7945b77eeb45b206659de38556c) Importer(815301076,1909f56bfc062723c751e8b465ee728b) (PreviewImporter) -> (artifact id: '4446be9cb48bd4da5464ba1281d62002') in 0.0146407 seconds
Number of updated asset objects reloaded before import = 0Number of asset objects unloaded after import = 3

========================================================================
Received Import Request.
  Time since last request: 0.000018 seconds.
  path: Assets/Third-Party/Pastel Icons/resource/style02/shape079_style02_color07.png
  artifactKey: Guid(4065f881e4cc1d44994c277284ba893b) Importer(815301076,1909f56bfc062723c751e8b465ee728b)
Start importing Assets/Third-Party/Pastel Icons/resource/style02/shape079_style02_color07.png using Guid(4065f881e4cc1d44994c277284ba893b) Importer(815301076,1909f56bfc062723c751e8b465ee728b) (PreviewImporter) -> (artifact id: '63ad2bbbaa1f1fe2acc73c5bb018be2b') in 0.0146963 seconds
Number of updated asset objects reloaded before import = 0Number of asset objects unloaded after import = 3

========================================================================
Received Import Request.
  Time since last request: 0.008190 seconds.
  path: Assets/Third-Party/Pastel Icons/resource/style02/shape079_style02_color08.png
  artifactKey: Guid(482ccd22f1047a84180faf2f37a3ef70) Importer(815301076,1909f56bfc062723c751e8b465ee728b)
Start importing Assets/Third-Party/Pastel Icons/resource/style02/shape079_style02_color08.png using Guid(482ccd22f1047a84180faf2f37a3ef70) Importer(815301076,1909f56bfc062723c751e8b465ee728b) (PreviewImporter) -> (artifact id: '6e4f63f1b102481beae7ea182727c3ff') in 0.0133641 seconds
Number of updated asset objects reloaded before import = 0Number of asset objects unloaded after import = 3

========================================================================
Received Import Request.
  Time since last request: 0.000019 seconds.
  path: Assets/Third-Party/Pastel Icons/resource/style02/shape079_style02_color10.png
  artifactKey: Guid(a289648fe5ccd794e81bec402479e762) Importer(815301076,1909f56bfc062723c751e8b465ee728b)
Start importing Assets/Third-Party/Pastel Icons/resource/style02/shape079_style02_color10.png using Guid(a289648fe5ccd794e81bec402479e762) Importer(815301076,1909f56bfc062723c751e8b465ee728b) (PreviewImporter) -> (artifact id: '19262f0d0ac0842169f2f9c64014f918') in 0.0125539 seconds
Number of updated asset objects reloaded before import = 0Number of asset objects unloaded after import = 3

========================================================================
Received Import Request.
  Time since last request: 0.540915 seconds.
  path: Assets/Third-Party/Pastel Icons/resource/style03/shape079_style03_color01.png
  artifactKey: Guid(abdbf6a0b7b1b1b4f80062801cbf9141) Importer(815301076,1909f56bfc062723c751e8b465ee728b)
Start importing Assets/Third-Party/Pastel Icons/resource/style03/shape079_style03_color01.png using Guid(abdbf6a0b7b1b1b4f80062801cbf9141) Importer(815301076,1909f56bfc062723c751e8b465ee728b) (PreviewImporter) -> (artifact id: 'be8180e5af993801cdbafe8748beeef5') in 0.0156196 seconds
Number of updated asset objects reloaded before import = 0Number of asset objects unloaded after import = 3

========================================================================
Received Import Request.
  Time since last request: 0.000016 seconds.
  path: Assets/Third-Party/Pastel Icons/resource/style03/shape079_style03_color05.png
  artifactKey: Guid(31f825d06833ec24eb06fc178cfde71f) Importer(815301076,1909f56bfc062723c751e8b465ee728b)
Start importing Assets/Third-Party/Pastel Icons/resource/style03/shape079_style03_color05.png using Guid(31f825d06833ec24eb06fc178cfde71f) Importer(815301076,1909f56bfc062723c751e8b465ee728b) (PreviewImporter) -> (artifact id: 'd3a0903ca380e3546e31dbce92e18c58') in 0.0141065 seconds
Number of updated asset objects reloaded before import = 0Number of asset objects unloaded after import = 3

========================================================================
Received Import Request.
  Time since last request: 0.000342 seconds.
  path: Assets/Third-Party/Pastel Icons/resource/style03/shape079_style03_color06.png
  artifactKey: Guid(4a07601b6640ac1498c2a248990a06ac) Importer(815301076,1909f56bfc062723c751e8b465ee728b)
Start importing Assets/Third-Party/Pastel Icons/resource/style03/shape079_style03_color06.png using Guid(4a07601b6640ac1498c2a248990a06ac) Importer(815301076,1909f56bfc062723c751e8b465ee728b) (PreviewImporter) -> (artifact id: '013e4efb7fb755922413ac70add187f3') in 0.0149301 seconds
Number of updated asset objects reloaded before import = 0Number of asset objects unloaded after import = 3

========================================================================
Received Import Request.
  Time since last request: 0.000019 seconds.
  path: Assets/Third-Party/Pastel Icons/resource/style03/shape079_style03_color10.png
  artifactKey: Guid(a3c62277bd21ba04f9861c4b251cd64c) Importer(815301076,1909f56bfc062723c751e8b465ee728b)
Start importing Assets/Third-Party/Pastel Icons/resource/style03/shape079_style03_color10.png using Guid(a3c62277bd21ba04f9861c4b251cd64c) Importer(815301076,1909f56bfc062723c751e8b465ee728b) (PreviewImporter) -> (artifact id: '5824e4bbdc4cdaf6fdb6b42de5fbd17c') in 0.0132367 seconds
Number of updated asset objects reloaded before import = 0Number of asset objects unloaded after import = 3

========================================================================
Received Import Request.
  Time since last request: 0.006247 seconds.
  path: Assets/Third-Party/Pastel Icons/resource/style03/shape079_style03_color11.png
  artifactKey: Guid(75550922a658e034788a255a18a488d6) Importer(815301076,1909f56bfc062723c751e8b465ee728b)
Start importing Assets/Third-Party/Pastel Icons/resource/style03/shape079_style03_color11.png using Guid(75550922a658e034788a255a18a488d6) Importer(815301076,1909f56bfc062723c751e8b465ee728b) (PreviewImporter) -> (artifact id: 'ad5e0b1293fa881b3815d550cdfbcf8f') in 0.0146129 seconds
Number of updated asset objects reloaded before import = 0Number of asset objects unloaded after import = 3

========================================================================
Received Import Request.
  Time since last request: 0.000018 seconds.
  path: Assets/Third-Party/Pastel Icons/resource/style01/shape080_style01_color06.png
  artifactKey: Guid(2eb93a8a522130e438d722731a4e9244) Importer(815301076,1909f56bfc062723c751e8b465ee728b)
Start importing Assets/Third-Party/Pastel Icons/resource/style01/shape080_style01_color06.png using Guid(2eb93a8a522130e438d722731a4e9244) Importer(815301076,1909f56bfc062723c751e8b465ee728b) (PreviewImporter) -> (artifact id: '09bcf2e729d6e8a0c3b1a46df7734251') in 0.0154342 seconds
Number of updated asset objects reloaded before import = 0Number of asset objects unloaded after import = 3

========================================================================
Received Import Request.
  Time since last request: 0.000016 seconds.
  path: Assets/Third-Party/Pastel Icons/resource/style01/shape080_style01_color08.png
  artifactKey: Guid(d70ecbac36f14e944992845f708dac95) Importer(815301076,1909f56bfc062723c751e8b465ee728b)
Start importing Assets/Third-Party/Pastel Icons/resource/style01/shape080_style01_color08.png using Guid(d70ecbac36f14e944992845f708dac95) Importer(815301076,1909f56bfc062723c751e8b465ee728b) (PreviewImporter) -> (artifact id: '4e316610fed3428c0a6cefcd0b14ae88') in 0.0143897 seconds
Number of updated asset objects reloaded before import = 0Number of asset objects unloaded after import = 3

========================================================================
Received Import Request.
  Time since last request: 0.000015 seconds.
  path: Assets/Third-Party/Pastel Icons/resource/style01/shape080_style01_color05.png
  artifactKey: Guid(f78621cdbea93ae4f95a2b88fc946dde) Importer(815301076,1909f56bfc062723c751e8b465ee728b)
Start importing Assets/Third-Party/Pastel Icons/resource/style01/shape080_style01_color05.png using Guid(f78621cdbea93ae4f95a2b88fc946dde) Importer(815301076,1909f56bfc062723c751e8b465ee728b) (PreviewImporter) -> (artifact id: '791b5cb514b41cb16c089ae3bfb2dc22') in 0.0124342 seconds
Number of updated asset objects reloaded before import = 0Number of asset objects unloaded after import = 3

========================================================================
Received Import Request.
  Time since last request: 0.324002 seconds.
  path: Assets/Third-Party/Pastel Icons/resource/style01/shape080_style01_color09.png
  artifactKey: Guid(55a24a4b7b32a164692b0c1e5342d434) Importer(815301076,1909f56bfc062723c751e8b465ee728b)
Start importing Assets/Third-Party/Pastel Icons/resource/style01/shape080_style01_color09.png using Guid(55a24a4b7b32a164692b0c1e5342d434) Importer(815301076,1909f56bfc062723c751e8b465ee728b) (PreviewImporter) -> (artifact id: '9a3edce19b8a1d64064b9fe668ad210e') in 0.0802013 seconds
Number of updated asset objects reloaded before import = 0Number of asset objects unloaded after import = 3

========================================================================
Received Import Request.
  Time since last request: 0.000021 seconds.
  path: Assets/Third-Party/Pastel Icons/resource/style01/shape080_style01_color12.png
  artifactKey: Guid(029b65183cea72b4a8cf605d9ac771c9) Importer(815301076,1909f56bfc062723c751e8b465ee728b)
Start importing Assets/Third-Party/Pastel Icons/resource/style01/shape080_style01_color12.png using Guid(029b65183cea72b4a8cf605d9ac771c9) Importer(815301076,1909f56bfc062723c751e8b465ee728b) (PreviewImporter) -> (artifact id: 'adbef41418e79fffdc635ade54424243') in 0.0151441 seconds
Number of updated asset objects reloaded before import = 0Number of asset objects unloaded after import = 3

========================================================================
Received Import Request.
  Time since last request: 0.000019 seconds.
  path: Assets/Third-Party/Pastel Icons/resource/style02/shape080_style02_color05.png
  artifactKey: Guid(bc6915a530a74b347903ac3c3762538c) Importer(815301076,1909f56bfc062723c751e8b465ee728b)
Start importing Assets/Third-Party/Pastel Icons/resource/style02/shape080_style02_color05.png using Guid(bc6915a530a74b347903ac3c3762538c) Importer(815301076,1909f56bfc062723c751e8b465ee728b) (PreviewImporter) -> (artifact id: '28365a47031e5a58583e15b43bcb95f6') in 0.0148176 seconds
Number of updated asset objects reloaded before import = 0Number of asset objects unloaded after import = 3

========================================================================
Received Import Request.
  Time since last request: 0.000016 seconds.
  path: Assets/Third-Party/Pastel Icons/resource/style02/shape080_style02_color10.png
  artifactKey: Guid(ff238d78194370d44ad4ff7c645a1a6a) Importer(815301076,1909f56bfc062723c751e8b465ee728b)
Start importing Assets/Third-Party/Pastel Icons/resource/style02/shape080_style02_color10.png using Guid(ff238d78194370d44ad4ff7c645a1a6a) Importer(815301076,1909f56bfc062723c751e8b465ee728b) (PreviewImporter) -> (artifact id: '19781d34ab82e03ac45893cbd9812efd') in 0.0151128 seconds
Number of updated asset objects reloaded before import = 0Number of asset objects unloaded after import = 3

========================================================================
Received Import Request.
  Time since last request: 0.000017 seconds.
  path: Assets/Third-Party/Pastel Icons/resource/style02/shape080_style02_color12.png
  artifactKey: Guid(315b3376481c3eb4ab3c0cd852f79576) Importer(815301076,1909f56bfc062723c751e8b465ee728b)
Start importing Assets/Third-Party/Pastel Icons/resource/style02/shape080_style02_color12.png using Guid(315b3376481c3eb4ab3c0cd852f79576) Importer(815301076,1909f56bfc062723c751e8b465ee728b) (PreviewImporter) -> (artifact id: 'b2a796618666c322d3a3888af3fd48db') in 0.0146081 seconds
Number of updated asset objects reloaded before import = 0Number of asset objects unloaded after import = 3

========================================================================
Received Import Request.
  Time since last request: 0.000030 seconds.
  path: Assets/Third-Party/Pastel Icons/resource/style03/shape080_style03_color02.png
  artifactKey: Guid(fdaecfc9751bbd942ad56b163045993d) Importer(815301076,1909f56bfc062723c751e8b465ee728b)
Start importing Assets/Third-Party/Pastel Icons/resource/style03/shape080_style03_color02.png using Guid(fdaecfc9751bbd942ad56b163045993d) Importer(815301076,1909f56bfc062723c751e8b465ee728b) (PreviewImporter) -> (artifact id: '4c6641a114f9c294d3da35cde5121598') in 0.0145941 seconds
Number of updated asset objects reloaded before import = 0Number of asset objects unloaded after import = 3

========================================================================
Received Import Request.
  Time since last request: 0.000015 seconds.
  path: Assets/Third-Party/Pastel Icons/resource/style03/shape080_style03_color07.png
  artifactKey: Guid(47853e353744c93408ee70315f7835d6) Importer(815301076,1909f56bfc062723c751e8b465ee728b)
Start importing Assets/Third-Party/Pastel Icons/resource/style03/shape080_style03_color07.png using Guid(47853e353744c93408ee70315f7835d6) Importer(815301076,1909f56bfc062723c751e8b465ee728b) (PreviewImporter) -> (artifact id: '0e505809680643a7af3069bc55757b1a') in 0.0152739 seconds
Number of updated asset objects reloaded before import = 0Number of asset objects unloaded after import = 3

========================================================================
Received Import Request.
  Time since last request: 0.000016 seconds.
  path: Assets/Third-Party/Pastel Icons/resource/style03/shape080_style03_color08.png
  artifactKey: Guid(fd36c50ca5b19a445ab13f09804707f1) Importer(815301076,1909f56bfc062723c751e8b465ee728b)
Start importing Assets/Third-Party/Pastel Icons/resource/style03/shape080_style03_color08.png using Guid(fd36c50ca5b19a445ab13f09804707f1) Importer(815301076,1909f56bfc062723c751e8b465ee728b) (PreviewImporter) -> (artifact id: 'ae07e9cedcee9c83e9e8450428aaa194') in 0.0148097 seconds
Number of updated asset objects reloaded before import = 0Number of asset objects unloaded after import = 3

========================================================================
Received Import Request.
  Time since last request: 0.000017 seconds.
  path: Assets/Third-Party/Pastel Icons/resource/style03/shape080_style03_color06.png
  artifactKey: Guid(e638975fd37e7cf42b8f08fe960fd661) Importer(815301076,1909f56bfc062723c751e8b465ee728b)
Start importing Assets/Third-Party/Pastel Icons/resource/style03/shape080_style03_color06.png using Guid(e638975fd37e7cf42b8f08fe960fd661) Importer(815301076,1909f56bfc062723c751e8b465ee728b) (PreviewImporter) -> (artifact id: 'b9a68c00a901d74136fab5c1933dbd1e') in 0.0128199 seconds
Number of updated asset objects reloaded before import = 0Number of asset objects unloaded after import = 3

========================================================================
Received Import Request.
  Time since last request: 0.345529 seconds.
  path: Assets/Third-Party/Pastel Icons/resource/style03/shape080_style03_color10.png
  artifactKey: Guid(3c9aef2d4eab68d4f8136b5050fed1a1) Importer(815301076,1909f56bfc062723c751e8b465ee728b)
Start importing Assets/Third-Party/Pastel Icons/resource/style03/shape080_style03_color10.png using Guid(3c9aef2d4eab68d4f8136b5050fed1a1) Importer(815301076,1909f56bfc062723c751e8b465ee728b) (PreviewImporter) -> (artifact id: 'c1ecaaee5477f8b90320b044bd3f41ae') in 0.0259062 seconds
Number of updated asset objects reloaded before import = 0Number of asset objects unloaded after import = 3

========================================================================
Received Import Request.
  Time since last request: 0.000018 seconds.
  path: Assets/Third-Party/Pastel Icons/resource/style01/shape081_style01_color07.png
  artifactKey: Guid(3f3712108d2e00743b4cb5fe7738e909) Importer(815301076,1909f56bfc062723c751e8b465ee728b)
Start importing Assets/Third-Party/Pastel Icons/resource/style01/shape081_style01_color07.png using Guid(3f3712108d2e00743b4cb5fe7738e909) Importer(815301076,1909f56bfc062723c751e8b465ee728b) (PreviewImporter) -> (artifact id: '64dd1a3a552ee2f4d1b5497e58428130') in 0.0395553 seconds
Number of updated asset objects reloaded before import = 0Number of asset objects unloaded after import = 3

========================================================================
Received Import Request.
  Time since last request: 0.000023 seconds.
  path: Assets/Third-Party/Pastel Icons/resource/style02/shape081_style02_color03.png
  artifactKey: Guid(ff7a2323c27b2314d9162ad0d39cc8d2) Importer(815301076,1909f56bfc062723c751e8b465ee728b)
Start importing Assets/Third-Party/Pastel Icons/resource/style02/shape081_style02_color03.png using Guid(ff7a2323c27b2314d9162ad0d39cc8d2) Importer(815301076,1909f56bfc062723c751e8b465ee728b) (PreviewImporter) -> (artifact id: 'c78c20a40a854f5da2ed4e33bde0d574') in 0.0138536 seconds
Number of updated asset objects reloaded before import = 0Number of asset objects unloaded after import = 3

========================================================================
Received Import Request.
  Time since last request: 0.280242 seconds.
  path: Assets/Third-Party/Pastel Icons/resource/style02/shape081_style02_color06.png
  artifactKey: Guid(5c0a38f88145a8744af9b50ccc4e06af) Importer(815301076,1909f56bfc062723c751e8b465ee728b)
Start importing Assets/Third-Party/Pastel Icons/resource/style02/shape081_style02_color06.png using Guid(5c0a38f88145a8744af9b50ccc4e06af) Importer(815301076,1909f56bfc062723c751e8b465ee728b) (PreviewImporter) -> (artifact id: '4afe663264cff08ae8759d627b847754') in 0.0149486 seconds
Number of updated asset objects reloaded before import = 0Number of asset objects unloaded after import = 3

========================================================================
Received Import Request.
  Time since last request: 0.000017 seconds.
  path: Assets/Third-Party/Pastel Icons/resource/style02/shape081_style02_color10.png
  artifactKey: Guid(4340612dcd5c7034cbcf053666289c98) Importer(815301076,1909f56bfc062723c751e8b465ee728b)
Start importing Assets/Third-Party/Pastel Icons/resource/style02/shape081_style02_color10.png using Guid(4340612dcd5c7034cbcf053666289c98) Importer(815301076,1909f56bfc062723c751e8b465ee728b) (PreviewImporter) -> (artifact id: '744f3881b96b6978fafc7dc19cd6521f') in 0.0456925 seconds
Number of updated asset objects reloaded before import = 0Number of asset objects unloaded after import = 3

========================================================================
Received Import Request.
  Time since last request: 0.000015 seconds.
  path: Assets/Third-Party/Pastel Icons/resource/style03/shape081_style03_color04.png
  artifactKey: Guid(8047a2c9d630e954ba7124f04c3f91bd) Importer(815301076,1909f56bfc062723c751e8b465ee728b)
Start importing Assets/Third-Party/Pastel Icons/resource/style03/shape081_style03_color04.png using Guid(8047a2c9d630e954ba7124f04c3f91bd) Importer(815301076,1909f56bfc062723c751e8b465ee728b) (PreviewImporter) -> (artifact id: '2a85c687cfc1b6d49c56456d97c44fe3') in 0.1072676 seconds
Number of updated asset objects reloaded before import = 0Number of asset objects unloaded after import = 3

========================================================================
Received Import Request.
  Time since last request: 0.000021 seconds.
  path: Assets/Third-Party/Pastel Icons/resource/style03/shape081_style03_color10.png
  artifactKey: Guid(a80ddc607c8d93645a808ddf189ca7c8) Importer(815301076,1909f56bfc062723c751e8b465ee728b)
Start importing Assets/Third-Party/Pastel Icons/resource/style03/shape081_style03_color10.png using Guid(a80ddc607c8d93645a808ddf189ca7c8) Importer(815301076,1909f56bfc062723c751e8b465ee728b) (PreviewImporter) -> (artifact id: 'a65b921f916534a3d095f1fd1a93b96b') in 0.053108 seconds
Number of updated asset objects reloaded before import = 0Number of asset objects unloaded after import = 3

========================================================================
Received Import Request.
  Time since last request: 0.000021 seconds.
  path: Assets/Third-Party/Pastel Icons/resource/style03/shape081_style03_color02.png
  artifactKey: Guid(c9e9536d06f03be4d8977da855eb82f6) Importer(815301076,1909f56bfc062723c751e8b465ee728b)
Start importing Assets/Third-Party/Pastel Icons/resource/style03/shape081_style03_color02.png using Guid(c9e9536d06f03be4d8977da855eb82f6) Importer(815301076,1909f56bfc062723c751e8b465ee728b) (PreviewImporter) -> (artifact id: 'acfde2c6da255be5d91147c64be3fed9') in 0.0144939 seconds
Number of updated asset objects reloaded before import = 0Number of asset objects unloaded after import = 3

========================================================================
Received Import Request.
  Time since last request: 0.000016 seconds.
  path: Assets/Third-Party/Pastel Icons/resource/style03/shape081_style03_color03.png
  artifactKey: Guid(bad4a110c258ae248928a9f5eaf9e240) Importer(815301076,1909f56bfc062723c751e8b465ee728b)
Start importing Assets/Third-Party/Pastel Icons/resource/style03/shape081_style03_color03.png using Guid(bad4a110c258ae248928a9f5eaf9e240) Importer(815301076,1909f56bfc062723c751e8b465ee728b) (PreviewImporter) -> (artifact id: 'd609e6848b13585b322f8556a024a63c') in 0.0386653 seconds
Number of updated asset objects reloaded before import = 0Number of asset objects unloaded after import = 3

========================================================================
Received Import Request.
  Time since last request: 0.000017 seconds.
  path: Assets/Third-Party/Pastel Icons/resource/style03/shape081_style03_color01.png
  artifactKey: Guid(c2ecb6ef4b167c34b975c2f9d725aa8f) Importer(815301076,1909f56bfc062723c751e8b465ee728b)
Start importing Assets/Third-Party/Pastel Icons/resource/style03/shape081_style03_color01.png using Guid(c2ecb6ef4b167c34b975c2f9d725aa8f) Importer(815301076,1909f56bfc062723c751e8b465ee728b) (PreviewImporter) -> (artifact id: '99be8f580123ad92dcc1693d39d4d4c7') in 0.0137223 seconds
Number of updated asset objects reloaded before import = 0Number of asset objects unloaded after import = 3

========================================================================
Received Import Request.
  Time since last request: 0.625304 seconds.
  path: Assets/Third-Party/Pastel Icons/resource/style01/shape082_style01_color02.png
  artifactKey: Guid(5b19a7e2494963746be9885a9a0da5c0) Importer(815301076,1909f56bfc062723c751e8b465ee728b)
Start importing Assets/Third-Party/Pastel Icons/resource/style01/shape082_style01_color02.png using Guid(5b19a7e2494963746be9885a9a0da5c0) Importer(815301076,1909f56bfc062723c751e8b465ee728b) (PreviewImporter) -> (artifact id: 'a507c54cf2908e5449accadded903480') in 0.2047324 seconds
Number of updated asset objects reloaded before import = 0Number of asset objects unloaded after import = 3

========================================================================
Received Import Request.
  Time since last request: 0.000017 seconds.
  path: Assets/Third-Party/Pastel Icons/resource/style02/shape082_style02_color09.png
  artifactKey: Guid(55290207f2dbaf640847aa36571e2380) Importer(815301076,1909f56bfc062723c751e8b465ee728b)
Start importing Assets/Third-Party/Pastel Icons/resource/style02/shape082_style02_color09.png using Guid(55290207f2dbaf640847aa36571e2380) Importer(815301076,1909f56bfc062723c751e8b465ee728b) (PreviewImporter) -> (artifact id: '0535dace1da9fb2b4ac490110004aab2') in 0.0147016 seconds
Number of updated asset objects reloaded before import = 0Number of asset objects unloaded after import = 3

========================================================================
Received Import Request.
  Time since last request: 0.000028 seconds.
  path: Assets/Third-Party/Pastel Icons/resource/style02/shape082_style02_color11.png
  artifactKey: Guid(a833bbdd44a521549bc476befaf29b2c) Importer(815301076,1909f56bfc062723c751e8b465ee728b)
Start importing Assets/Third-Party/Pastel Icons/resource/style02/shape082_style02_color11.png using Guid(a833bbdd44a521549bc476befaf29b2c) Importer(815301076,1909f56bfc062723c751e8b465ee728b) (PreviewImporter) -> (artifact id: '59bc44988292c1b4d841d7ede2e234b3') in 0.0154893 seconds
Number of updated asset objects reloaded before import = 0Number of asset objects unloaded after import = 3

========================================================================
Received Import Request.
  Time since last request: 0.000015 seconds.
  path: Assets/Third-Party/Pastel Icons/resource/style01/shape082_style01_color10.png
  artifactKey: Guid(ada1fb243dbc7254d929db91a865eb9d) Importer(815301076,1909f56bfc062723c751e8b465ee728b)
Start importing Assets/Third-Party/Pastel Icons/resource/style01/shape082_style01_color10.png using Guid(ada1fb243dbc7254d929db91a865eb9d) Importer(815301076,1909f56bfc062723c751e8b465ee728b) (PreviewImporter) -> (artifact id: '6b23344f961f1cc9258657c109862f17') in 0.0153476 seconds
Number of updated asset objects reloaded before import = 0Number of asset objects unloaded after import = 3

========================================================================
Received Import Request.
  Time since last request: 0.000017 seconds.
  path: Assets/Third-Party/Pastel Icons/resource/style01/shape082_style01_color08.png
  artifactKey: Guid(5ec0880ffaeb45345851a77894c9a854) Importer(815301076,1909f56bfc062723c751e8b465ee728b)
Start importing Assets/Third-Party/Pastel Icons/resource/style01/shape082_style01_color08.png using Guid(5ec0880ffaeb45345851a77894c9a854) Importer(815301076,1909f56bfc062723c751e8b465ee728b) (PreviewImporter) -> (artifact id: '8b8af4e4e6b11878df2e23a04bc3f2ef') in 0.0163878 seconds
Number of updated asset objects reloaded before import = 0Number of asset objects unloaded after import = 3

========================================================================
Received Import Request.
  Time since last request: 0.000016 seconds.
  path: Assets/Third-Party/Pastel Icons/resource/style02/shape082_style02_color05.png
  artifactKey: Guid(6305917d5c742db4199abbee19766535) Importer(815301076,1909f56bfc062723c751e8b465ee728b)
Start importing Assets/Third-Party/Pastel Icons/resource/style02/shape082_style02_color05.png using Guid(6305917d5c742db4199abbee19766535) Importer(815301076,1909f56bfc062723c751e8b465ee728b) (PreviewImporter) -> (artifact id: '351748ba76a903c0076b6626fdef6d9d') in 0.0135382 seconds
Number of updated asset objects reloaded before import = 0Number of asset objects unloaded after import = 3

========================================================================
Received Import Request.
  Time since last request: 0.000016 seconds.
  path: Assets/Third-Party/Pastel Icons/resource/style01/shape082_style01_color09.png
  artifactKey: Guid(5104b71c948bd1542905067ff14fb77c) Importer(815301076,1909f56bfc062723c751e8b465ee728b)
Start importing Assets/Third-Party/Pastel Icons/resource/style01/shape082_style01_color09.png using Guid(5104b71c948bd1542905067ff14fb77c) Importer(815301076,1909f56bfc062723c751e8b465ee728b) (PreviewImporter) -> (artifact id: '52de8e1ab0c6126587cff0bfbfa2a60b') in 0.0144131 seconds
Number of updated asset objects reloaded before import = 0Number of asset objects unloaded after import = 3

========================================================================
Received Import Request.
  Time since last request: 0.000017 seconds.
  path: Assets/Third-Party/Pastel Icons/resource/style02/shape082_style02_color07.png
  artifactKey: Guid(da470dacd11249243bc53c88035e03d5) Importer(815301076,1909f56bfc062723c751e8b465ee728b)
Start importing Assets/Third-Party/Pastel Icons/resource/style02/shape082_style02_color07.png using Guid(da470dacd11249243bc53c88035e03d5) Importer(815301076,1909f56bfc062723c751e8b465ee728b) (PreviewImporter) -> (artifact id: 'e14a487722b90596bb38db4bf4db73ca') in 0.0139825 seconds
Number of updated asset objects reloaded before import = 0Number of asset objects unloaded after import = 3

========================================================================
Received Import Request.
  Time since last request: 0.000015 seconds.
  path: Assets/Third-Party/Pastel Icons/resource/style01/shape082_style01_color07.png
  artifactKey: Guid(2de550ccd521d7a46abfbe16b1639435) Importer(815301076,1909f56bfc062723c751e8b465ee728b)
Start importing Assets/Third-Party/Pastel Icons/resource/style01/shape082_style01_color07.png using Guid(2de550ccd521d7a46abfbe16b1639435) Importer(815301076,1909f56bfc062723c751e8b465ee728b) (PreviewImporter) -> (artifact id: 'ffd09495a41ede88ea44c8990e8386cb') in 0.0127032 seconds
Number of updated asset objects reloaded before import = 0Number of asset objects unloaded after import = 3

========================================================================
Received Import Request.
  Time since last request: 0.279324 seconds.
  path: Assets/Third-Party/Pastel Icons/resource/style03/shape082_style03_color03.png
  artifactKey: Guid(507c92923610d6c4d99b67063f3f1242) Importer(815301076,1909f56bfc062723c751e8b465ee728b)
Start importing Assets/Third-Party/Pastel Icons/resource/style03/shape082_style03_color03.png using Guid(507c92923610d6c4d99b67063f3f1242) Importer(815301076,1909f56bfc062723c751e8b465ee728b) (PreviewImporter) -> (artifact id: '999111747c758d0639c82cf4c8bd1a17') in 0.0160238 seconds
Number of updated asset objects reloaded before import = 0Number of asset objects unloaded after import = 3

========================================================================
Received Import Request.
  Time since last request: 0.000014 seconds.
  path: Assets/Third-Party/Pastel Icons/resource/style03/shape082_style03_color07.png
  artifactKey: Guid(f911d17df5537f34a8ad001e4c618ad7) Importer(815301076,1909f56bfc062723c751e8b465ee728b)
Start importing Assets/Third-Party/Pastel Icons/resource/style03/shape082_style03_color07.png using Guid(f911d17df5537f34a8ad001e4c618ad7) Importer(815301076,1909f56bfc062723c751e8b465ee728b) (PreviewImporter) -> (artifact id: 'ebbe8cac4742c9051b17b445d5cdb456') in 0.0148608 seconds
Number of updated asset objects reloaded before import = 0Number of asset objects unloaded after import = 3

========================================================================
Received Import Request.
  Time since last request: 0.000018 seconds.
  path: Assets/Third-Party/Pastel Icons/resource/style03/shape082_style03_color08.png
  artifactKey: Guid(199bf571f02e0084c8011d675474b167) Importer(815301076,1909f56bfc062723c751e8b465ee728b)
Start importing Assets/Third-Party/Pastel Icons/resource/style03/shape082_style03_color08.png using Guid(199bf571f02e0084c8011d675474b167) Importer(815301076,1909f56bfc062723c751e8b465ee728b) (PreviewImporter) -> (artifact id: 'eb1a8b6c84366c8f30bef641b131d077') in 0.0148019 seconds
Number of updated asset objects reloaded before import = 0Number of asset objects unloaded after import = 3

========================================================================
Received Import Request.
  Time since last request: 0.000025 seconds.
  path: Assets/Third-Party/Pastel Icons/resource/style03/shape082_style03_color06.png
  artifactKey: Guid(c9be119291257764daaf343fdc798e10) Importer(815301076,1909f56bfc062723c751e8b465ee728b)
Start importing Assets/Third-Party/Pastel Icons/resource/style03/shape082_style03_color06.png using Guid(c9be119291257764daaf343fdc798e10) Importer(815301076,1909f56bfc062723c751e8b465ee728b) (PreviewImporter) -> (artifact id: '5e87bc432350394d9b994ac1e07f2cb3') in 0.0139874 seconds
Number of updated asset objects reloaded before import = 0Number of asset objects unloaded after import = 3

========================================================================
Received Import Request.
  Time since last request: 0.004969 seconds.
  path: Assets/Third-Party/Pastel Icons/resource/style01/shape083_style01_color01.png
  artifactKey: Guid(a76d5fa72810c5b41b911459b8b62b4f) Importer(815301076,1909f56bfc062723c751e8b465ee728b)
Start importing Assets/Third-Party/Pastel Icons/resource/style01/shape083_style01_color01.png using Guid(a76d5fa72810c5b41b911459b8b62b4f) Importer(815301076,1909f56bfc062723c751e8b465ee728b) (PreviewImporter) -> (artifact id: 'a3e53991eb0a1d4a05dd6fee0ba622ec') in 0.0147783 seconds
Number of updated asset objects reloaded before import = 0Number of asset objects unloaded after import = 3

========================================================================
Received Import Request.
  Time since last request: 0.000016 seconds.
  path: Assets/Third-Party/Pastel Icons/resource/style01/shape083_style01_color07.png
  artifactKey: Guid(05a6d646dbae38a4d87bc94b75be4587) Importer(815301076,1909f56bfc062723c751e8b465ee728b)
Start importing Assets/Third-Party/Pastel Icons/resource/style01/shape083_style01_color07.png using Guid(05a6d646dbae38a4d87bc94b75be4587) Importer(815301076,1909f56bfc062723c751e8b465ee728b) (PreviewImporter) -> (artifact id: 'edde85fc5e3fbc1b94d71856abbbb2d0') in 0.0143521 seconds
Number of updated asset objects reloaded before import = 0Number of asset objects unloaded after import = 3

========================================================================
Received Import Request.
  Time since last request: 0.000015 seconds.
  path: Assets/Third-Party/Pastel Icons/resource/style01/shape083_style01_color06.png
  artifactKey: Guid(7dcfdf23e2db89341ba6b1d8b74ab8b4) Importer(815301076,1909f56bfc062723c751e8b465ee728b)
Start importing Assets/Third-Party/Pastel Icons/resource/style01/shape083_style01_color06.png using Guid(7dcfdf23e2db89341ba6b1d8b74ab8b4) Importer(815301076,1909f56bfc062723c751e8b465ee728b) (PreviewImporter) -> (artifact id: '2ce7fd51f4929d4d0be9c81f9cf47625') in 0.014168 seconds
Number of updated asset objects reloaded before import = 0Number of asset objects unloaded after import = 3

========================================================================
Received Import Request.
  Time since last request: 0.000017 seconds.
  path: Assets/Third-Party/Pastel Icons/resource/style01/shape083_style01_color08.png
  artifactKey: Guid(f3279907e8d3b4344aa6c4be3ab66535) Importer(815301076,1909f56bfc062723c751e8b465ee728b)
Start importing Assets/Third-Party/Pastel Icons/resource/style01/shape083_style01_color08.png using Guid(f3279907e8d3b4344aa6c4be3ab66535) Importer(815301076,1909f56bfc062723c751e8b465ee728b) (PreviewImporter) -> (artifact id: 'a1f58c79b7fb198e31b192491ed38edd') in 0.0121961 seconds
Number of updated asset objects reloaded before import = 0Number of asset objects unloaded after import = 3

========================================================================
Received Import Request.
  Time since last request: 0.254518 seconds.
  path: Assets/Third-Party/Pastel Icons/resource/style01/shape083_style01_color11.png
  artifactKey: Guid(35f950af76475934297cd2e2c6caab40) Importer(815301076,1909f56bfc062723c751e8b465ee728b)
Start importing Assets/Third-Party/Pastel Icons/resource/style01/shape083_style01_color11.png using Guid(35f950af76475934297cd2e2c6caab40) Importer(815301076,1909f56bfc062723c751e8b465ee728b) (PreviewImporter) -> (artifact id: '4c107eff6a2ba75940fc0842f8b5a034') in 0.015995 seconds
Number of updated asset objects reloaded before import = 0Number of asset objects unloaded after import = 3

========================================================================
Received Import Request.
  Time since last request: 0.000017 seconds.
  path: Assets/Third-Party/Pastel Icons/resource/style02/shape083_style02_color02.png
  artifactKey: Guid(e166ecbea6a873542b32dd6a968ebafb) Importer(815301076,1909f56bfc062723c751e8b465ee728b)
Start importing Assets/Third-Party/Pastel Icons/resource/style02/shape083_style02_color02.png using Guid(e166ecbea6a873542b32dd6a968ebafb) Importer(815301076,1909f56bfc062723c751e8b465ee728b) (PreviewImporter) -> (artifact id: '2fff5f58ea86c4bf034900dbe5b83029') in 0.0138388 seconds
Number of updated asset objects reloaded before import = 0Number of asset objects unloaded after import = 3

========================================================================
Received Import Request.
  Time since last request: 0.017482 seconds.
  path: Assets/Third-Party/Pastel Icons/resource/style02/shape083_style02_color04.png
  artifactKey: Guid(595c6a8e82cfeb640921beab07b53161) Importer(815301076,1909f56bfc062723c751e8b465ee728b)
Start importing Assets/Third-Party/Pastel Icons/resource/style02/shape083_style02_color04.png using Guid(595c6a8e82cfeb640921beab07b53161) Importer(815301076,1909f56bfc062723c751e8b465ee728b) (PreviewImporter) -> (artifact id: 'cd3153d88e5eab4a8812f2835d15bcb6') in 0.0143957 seconds
Number of updated asset objects reloaded before import = 0Number of asset objects unloaded after import = 3

========================================================================
Received Import Request.
  Time since last request: 0.000019 seconds.
  path: Assets/Third-Party/Pastel Icons/resource/style02/shape083_style02_color12.png
  artifactKey: Guid(fbf388288d4dd3640b1c51882ae043fe) Importer(815301076,1909f56bfc062723c751e8b465ee728b)
Start importing Assets/Third-Party/Pastel Icons/resource/style02/shape083_style02_color12.png using Guid(fbf388288d4dd3640b1c51882ae043fe) Importer(815301076,1909f56bfc062723c751e8b465ee728b) (PreviewImporter) -> (artifact id: 'bd3e6543afefb95a10b6866ce80f371e') in 0.014248 seconds
Number of updated asset objects reloaded before import = 0Number of asset objects unloaded after import = 3

========================================================================
Received Import Request.
  Time since last request: 0.000023 seconds.
  path: Assets/Third-Party/Pastel Icons/resource/style02/shape083_style02_color10.png
  artifactKey: Guid(49e38b7f7e03cda48980fc77d9afae1f) Importer(815301076,1909f56bfc062723c751e8b465ee728b)
Start importing Assets/Third-Party/Pastel Icons/resource/style02/shape083_style02_color10.png using Guid(49e38b7f7e03cda48980fc77d9afae1f) Importer(815301076,1909f56bfc062723c751e8b465ee728b) (PreviewImporter) -> (artifact id: '60c2765d51b1104c9b46dfc192241e49') in 0.014211 seconds
Number of updated asset objects reloaded before import = 0Number of asset objects unloaded after import = 3

========================================================================
Received Import Request.
  Time since last request: 0.000019 seconds.
  path: Assets/Third-Party/Pastel Icons/resource/style02/shape083_style02_color09.png
  artifactKey: Guid(1c1f179486ace514bac3a15ef56789d9) Importer(815301076,1909f56bfc062723c751e8b465ee728b)
Start importing Assets/Third-Party/Pastel Icons/resource/style02/shape083_style02_color09.png using Guid(1c1f179486ace514bac3a15ef56789d9) Importer(815301076,1909f56bfc062723c751e8b465ee728b) (PreviewImporter) -> (artifact id: '3c3bf460e4ff4fba9f402aff9ef46d43') in 0.0134678 seconds
Number of updated asset objects reloaded before import = 0Number of asset objects unloaded after import = 3

========================================================================
Received Import Request.
  Time since last request: 0.000018 seconds.
  path: Assets/Third-Party/Pastel Icons/resource/style03/shape083_style03_color06.png
  artifactKey: Guid(f00de4fd5077a084abc764d1ad810d05) Importer(815301076,1909f56bfc062723c751e8b465ee728b)
Start importing Assets/Third-Party/Pastel Icons/resource/style03/shape083_style03_color06.png using Guid(f00de4fd5077a084abc764d1ad810d05) Importer(815301076,1909f56bfc062723c751e8b465ee728b) (PreviewImporter) -> (artifact id: '9806df27102256904c20c61f7337bcae') in 0.0148078 seconds
Number of updated asset objects reloaded before import = 0Number of asset objects unloaded after import = 3

========================================================================
Received Import Request.
  Time since last request: 0.199422 seconds.
  path: Assets/Third-Party/Pastel Icons/resource/style03/shape083_style03_color07.png
  artifactKey: Guid(64a6fdf9d1f898543b73b3be8b5dcffc) Importer(815301076,1909f56bfc062723c751e8b465ee728b)
Start importing Assets/Third-Party/Pastel Icons/resource/style03/shape083_style03_color07.png using Guid(64a6fdf9d1f898543b73b3be8b5dcffc) Importer(815301076,1909f56bfc062723c751e8b465ee728b) (PreviewImporter) -> (artifact id: '8b48fa3344b2c2ebd45061cdf8863a93') in 0.0147624 seconds
Number of updated asset objects reloaded before import = 0Number of asset objects unloaded after import = 3

========================================================================
Received Import Request.
  Time since last request: 0.000015 seconds.
  path: Assets/Third-Party/Pastel Icons/resource/style03/shape083_style03_color10.png
  artifactKey: Guid(f2995bb753dec5c4881e666db0418b16) Importer(815301076,1909f56bfc062723c751e8b465ee728b)
Start importing Assets/Third-Party/Pastel Icons/resource/style03/shape083_style03_color10.png using Guid(f2995bb753dec5c4881e666db0418b16) Importer(815301076,1909f56bfc062723c751e8b465ee728b) (PreviewImporter) -> (artifact id: 'd3851532e3b3549f6d49a4c1bd390962') in 0.0137097 seconds
Number of updated asset objects reloaded before import = 0Number of asset objects unloaded after import = 3

========================================================================
Received Import Request.
  Time since last request: 0.016694 seconds.
  path: Assets/Third-Party/Pastel Icons/resource/style03/shape083_style03_color12.png
  artifactKey: Guid(68a2ee31fc512d04496014eb105e1607) Importer(815301076,1909f56bfc062723c751e8b465ee728b)
Start importing Assets/Third-Party/Pastel Icons/resource/style03/shape083_style03_color12.png using Guid(68a2ee31fc512d04496014eb105e1607) Importer(815301076,1909f56bfc062723c751e8b465ee728b) (PreviewImporter) -> (artifact id: '0b4b748b227b2cfb8cd874b243440a7f') in 0.0136605 seconds
Number of updated asset objects reloaded before import = 0Number of asset objects unloaded after import = 3

========================================================================
Received Import Request.
  Time since last request: 0.000017 seconds.
  path: Assets/Third-Party/Pastel Icons/resource/style01/shape084_style01_color09.png
  artifactKey: Guid(5de5c89d0baf50e4fb69e92df1b73e62) Importer(815301076,1909f56bfc062723c751e8b465ee728b)
Start importing Assets/Third-Party/Pastel Icons/resource/style01/shape084_style01_color09.png using Guid(5de5c89d0baf50e4fb69e92df1b73e62) Importer(815301076,1909f56bfc062723c751e8b465ee728b) (PreviewImporter) -> (artifact id: 'c7fd33f8c3883601d206932fde8cdb26') in 0.0139504 seconds
Number of updated asset objects reloaded before import = 0Number of asset objects unloaded after import = 3

========================================================================
Received Import Request.
  Time since last request: 0.000017 seconds.
  path: Assets/Third-Party/Pastel Icons/resource/style01/shape084_style01_color07.png
  artifactKey: Guid(aca0bd35c8e210247b84431257e7c069) Importer(815301076,1909f56bfc062723c751e8b465ee728b)
Start importing Assets/Third-Party/Pastel Icons/resource/style01/shape084_style01_color07.png using Guid(aca0bd35c8e210247b84431257e7c069) Importer(815301076,1909f56bfc062723c751e8b465ee728b) (PreviewImporter) -> (artifact id: 'e77d41b52b52b60f06e30d01d9057a87') in 0.0141306 seconds
Number of updated asset objects reloaded before import = 0Number of asset objects unloaded after import = 3

========================================================================
Received Import Request.
  Time since last request: 0.000017 seconds.
  path: Assets/Third-Party/Pastel Icons/resource/style01/shape084_style01_color06.png
  artifactKey: Guid(b6d62d678dadd3340956fc7cdea12106) Importer(815301076,1909f56bfc062723c751e8b465ee728b)
Start importing Assets/Third-Party/Pastel Icons/resource/style01/shape084_style01_color06.png using Guid(b6d62d678dadd3340956fc7cdea12106) Importer(815301076,1909f56bfc062723c751e8b465ee728b) (PreviewImporter) -> (artifact id: 'cd11ec075d004d6661aa9286ba35b3a1') in 0.0131449 seconds
Number of updated asset objects reloaded before import = 0Number of asset objects unloaded after import = 3

========================================================================
Received Import Request.
  Time since last request: 0.000016 seconds.
  path: Assets/Third-Party/Pastel Icons/resource/style02/shape084_style02_color01.png
  artifactKey: Guid(d476ecda428617841a1f8c7e0a653323) Importer(815301076,1909f56bfc062723c751e8b465ee728b)
Start importing Assets/Third-Party/Pastel Icons/resource/style02/shape084_style02_color01.png using Guid(d476ecda428617841a1f8c7e0a653323) Importer(815301076,1909f56bfc062723c751e8b465ee728b) (PreviewImporter) -> (artifact id: '4991f8614518b336544919fa4e7f82b5') in 0.01401 seconds
Number of updated asset objects reloaded before import = 0Number of asset objects unloaded after import = 3

========================================================================
Received Import Request.
  Time since last request: 0.224688 seconds.
  path: Assets/Third-Party/Pastel Icons/resource/style02/shape084_style02_color03.png
  artifactKey: Guid(fd7053f68fb1559419cc09dbea6ecda0) Importer(815301076,1909f56bfc062723c751e8b465ee728b)
Start importing Assets/Third-Party/Pastel Icons/resource/style02/shape084_style02_color03.png using Guid(fd7053f68fb1559419cc09dbea6ecda0) Importer(815301076,1909f56bfc062723c751e8b465ee728b) (PreviewImporter) -> (artifact id: '764f8774d78611bd6bdc3b4ed77ac234') in 0.0155691 seconds
Number of updated asset objects reloaded before import = 0Number of asset objects unloaded after import = 3

========================================================================
Received Import Request.
  Time since last request: 0.000018 seconds.
  path: Assets/Third-Party/Pastel Icons/resource/style02/shape084_style02_color06.png
  artifactKey: Guid(15dbdf7ce0692dc48aa8d732d51830c0) Importer(815301076,1909f56bfc062723c751e8b465ee728b)
Start importing Assets/Third-Party/Pastel Icons/resource/style02/shape084_style02_color06.png using Guid(15dbdf7ce0692dc48aa8d732d51830c0) Importer(815301076,1909f56bfc062723c751e8b465ee728b) (PreviewImporter) -> (artifact id: '9c70f2602bc5788fa45e98741c273dbb') in 0.0133645 seconds
Number of updated asset objects reloaded before import = 0Number of asset objects unloaded after import = 3

========================================================================
Received Import Request.
  Time since last request: 0.015371 seconds.
  path: Assets/Third-Party/Pastel Icons/resource/style02/shape084_style02_color08.png
  artifactKey: Guid(3848a2aeaa4a29341a3a07144ee3d4ac) Importer(815301076,1909f56bfc062723c751e8b465ee728b)
Start importing Assets/Third-Party/Pastel Icons/resource/style02/shape084_style02_color08.png using Guid(3848a2aeaa4a29341a3a07144ee3d4ac) Importer(815301076,1909f56bfc062723c751e8b465ee728b) (PreviewImporter) -> (artifact id: 'ec013dad177ff5fa59df1bc957a753d3') in 0.0142879 seconds
Number of updated asset objects reloaded before import = 0Number of asset objects unloaded after import = 3

========================================================================
Received Import Request.
  Time since last request: 0.000015 seconds.
  path: Assets/Third-Party/Pastel Icons/resource/style03/shape084_style03_color01.png
  artifactKey: Guid(6e5e55a8109c1c347b54854b7e22b77c) Importer(815301076,1909f56bfc062723c751e8b465ee728b)
Start importing Assets/Third-Party/Pastel Icons/resource/style03/shape084_style03_color01.png using Guid(6e5e55a8109c1c347b54854b7e22b77c) Importer(815301076,1909f56bfc062723c751e8b465ee728b) (PreviewImporter) -> (artifact id: '216a808406cb00ad71a05f079d7fe508') in 0.0141528 seconds
Number of updated asset objects reloaded before import = 0Number of asset objects unloaded after import = 3

========================================================================
Received Import Request.
  Time since last request: 0.000018 seconds.
  path: Assets/Third-Party/Pastel Icons/resource/style03/shape084_style03_color03.png
  artifactKey: Guid(67356200860eb064789fc34b1d346de5) Importer(815301076,1909f56bfc062723c751e8b465ee728b)
Start importing Assets/Third-Party/Pastel Icons/resource/style03/shape084_style03_color03.png using Guid(67356200860eb064789fc34b1d346de5) Importer(815301076,1909f56bfc062723c751e8b465ee728b) (PreviewImporter) -> (artifact id: '7f61f82d58d033cfee5f220a27143a09') in 0.014075 seconds
Number of updated asset objects reloaded before import = 0Number of asset objects unloaded after import = 3

========================================================================
Received Import Request.
  Time since last request: 0.000016 seconds.
  path: Assets/Third-Party/Pastel Icons/resource/style03/shape084_style03_color05.png
  artifactKey: Guid(e0ca1849e3a44274ca7d81714a8982b9) Importer(815301076,1909f56bfc062723c751e8b465ee728b)
Start importing Assets/Third-Party/Pastel Icons/resource/style03/shape084_style03_color05.png using Guid(e0ca1849e3a44274ca7d81714a8982b9) Importer(815301076,1909f56bfc062723c751e8b465ee728b) (PreviewImporter) -> (artifact id: 'c0017521bea8aefe02f8c0a395dfba36') in 0.0144587 seconds
Number of updated asset objects reloaded before import = 0Number of asset objects unloaded after import = 3

========================================================================
Received Import Request.
  Time since last request: 0.000016 seconds.
  path: Assets/Third-Party/Pastel Icons/resource/style03/shape084_style03_color10.png
  artifactKey: Guid(82ace760786cb614b82f63e18a624441) Importer(815301076,1909f56bfc062723c751e8b465ee728b)
Start importing Assets/Third-Party/Pastel Icons/resource/style03/shape084_style03_color10.png using Guid(82ace760786cb614b82f63e18a624441) Importer(815301076,1909f56bfc062723c751e8b465ee728b) (PreviewImporter) -> (artifact id: '650ef39fc16c7bfdf5d007ba53f3f685') in 0.0148097 seconds
Number of updated asset objects reloaded before import = 0Number of asset objects unloaded after import = 3

========================================================================
Received Import Request.
  Time since last request: 0.304496 seconds.
  path: Assets/Third-Party/Pastel Icons/resource/style03/shape084_style03_color11.png
  artifactKey: Guid(a83b4751559327844bf53e83a440a20e) Importer(815301076,1909f56bfc062723c751e8b465ee728b)
Start importing Assets/Third-Party/Pastel Icons/resource/style03/shape084_style03_color11.png using Guid(a83b4751559327844bf53e83a440a20e) Importer(815301076,1909f56bfc062723c751e8b465ee728b) (PreviewImporter) -> (artifact id: 'efcd108733551086a53032acb61bcee7') in 0.0150699 seconds
Number of updated asset objects reloaded before import = 0Number of asset objects unloaded after import = 3

========================================================================
Received Import Request.
  Time since last request: 0.000024 seconds.
  path: Assets/Third-Party/Pastel Icons/resource/style01/shape085_style01_color06.png
  artifactKey: Guid(eea6b73eb9fb2644e9bcc6e5e06f4062) Importer(815301076,1909f56bfc062723c751e8b465ee728b)
Start importing Assets/Third-Party/Pastel Icons/resource/style01/shape085_style01_color06.png using Guid(eea6b73eb9fb2644e9bcc6e5e06f4062) Importer(815301076,1909f56bfc062723c751e8b465ee728b) (PreviewImporter) -> (artifact id: '2677f5720aa44e8c4feca561f29d5acf') in 0.0143242 seconds
Number of updated asset objects reloaded before import = 0Number of asset objects unloaded after import = 3

========================================================================
Received Import Request.
  Time since last request: 0.000023 seconds.
  path: Assets/Third-Party/Pastel Icons/resource/style01/shape085_style01_color02.png
  artifactKey: Guid(6041b246b28b3d245a459211c907566e) Importer(815301076,1909f56bfc062723c751e8b465ee728b)
Start importing Assets/Third-Party/Pastel Icons/resource/style01/shape085_style01_color02.png using Guid(6041b246b28b3d245a459211c907566e) Importer(815301076,1909f56bfc062723c751e8b465ee728b) (PreviewImporter) -> (artifact id: 'ea3696e36c21663be011d6beb2bb532b') in 0.0137087 seconds
Number of updated asset objects reloaded before import = 0Number of asset objects unloaded after import = 3

========================================================================
Received Import Request.
  Time since last request: 0.000018 seconds.
  path: Assets/Third-Party/Pastel Icons/resource/style01/shape085_style01_color07.png
  artifactKey: Guid(9720aca4ec1b5a344a25e7b9d1469fcc) Importer(815301076,1909f56bfc062723c751e8b465ee728b)
Start importing Assets/Third-Party/Pastel Icons/resource/style01/shape085_style01_color07.png using Guid(9720aca4ec1b5a344a25e7b9d1469fcc) Importer(815301076,1909f56bfc062723c751e8b465ee728b) (PreviewImporter) -> (artifact id: '4f39d2789607bef7f9a0d302dcc57f83') in 0.0130535 seconds
Number of updated asset objects reloaded before import = 0Number of asset objects unloaded after import = 3

========================================================================
Received Import Request.
  Time since last request: 0.000018 seconds.
  path: Assets/Third-Party/Pastel Icons/resource/style01/shape085_style01_color11.png
  artifactKey: Guid(14952862804f38043804c9e06e464205) Importer(815301076,1909f56bfc062723c751e8b465ee728b)
Start importing Assets/Third-Party/Pastel Icons/resource/style01/shape085_style01_color11.png using Guid(14952862804f38043804c9e06e464205) Importer(815301076,1909f56bfc062723c751e8b465ee728b) (PreviewImporter) -> (artifact id: '0b69a3af76b1e728843ccc3777b4126e') in 0.012415 seconds
Number of updated asset objects reloaded before import = 0Number of asset objects unloaded after import = 3

========================================================================
Received Import Request.
  Time since last request: 0.000699 seconds.
  path: Assets/Third-Party/Pastel Icons/resource/style02/shape085_style02_color02.png
  artifactKey: Guid(ceb5e7205bab2cb489b8457d8449feaf) Importer(815301076,1909f56bfc062723c751e8b465ee728b)
Start importing Assets/Third-Party/Pastel Icons/resource/style02/shape085_style02_color02.png using Guid(ceb5e7205bab2cb489b8457d8449feaf) Importer(815301076,1909f56bfc062723c751e8b465ee728b) (PreviewImporter) -> (artifact id: '7563cd84062dee4f63788ccb6a131f70') in 0.0149881 seconds
Number of updated asset objects reloaded before import = 0Number of asset objects unloaded after import = 3

========================================================================
Received Import Request.
  Time since last request: 0.000020 seconds.
  path: Assets/Third-Party/Pastel Icons/resource/style02/shape085_style02_color03.png
  artifactKey: Guid(f2f65a0005797e64faf489d733254a51) Importer(815301076,1909f56bfc062723c751e8b465ee728b)
Start importing Assets/Third-Party/Pastel Icons/resource/style02/shape085_style02_color03.png using Guid(f2f65a0005797e64faf489d733254a51) Importer(815301076,1909f56bfc062723c751e8b465ee728b) (PreviewImporter) -> (artifact id: 'e33030e93cb7db5f4fd48799271fa6a5') in 0.0137079 seconds
Number of updated asset objects reloaded before import = 0Number of asset objects unloaded after import = 3

========================================================================
Received Import Request.
  Time since last request: 0.243351 seconds.
  path: Assets/Third-Party/Pastel Icons/resource/style02/shape085_style02_color07.png
  artifactKey: Guid(0f4c20c85829cff4e8910a96a4467ce3) Importer(815301076,1909f56bfc062723c751e8b465ee728b)
Start importing Assets/Third-Party/Pastel Icons/resource/style02/shape085_style02_color07.png using Guid(0f4c20c85829cff4e8910a96a4467ce3) Importer(815301076,1909f56bfc062723c751e8b465ee728b) (PreviewImporter) -> (artifact id: '13da6f977f9291791e54891286f15a42') in 0.0157586 seconds
Number of updated asset objects reloaded before import = 0Number of asset objects unloaded after import = 3

========================================================================
Received Import Request.
  Time since last request: 0.000019 seconds.
  path: Assets/Third-Party/Pastel Icons/resource/style03/shape085_style03_color01.png
  artifactKey: Guid(131dfdfbc938fd147bfa6f9faeb76f6a) Importer(815301076,1909f56bfc062723c751e8b465ee728b)
Start importing Assets/Third-Party/Pastel Icons/resource/style03/shape085_style03_color01.png using Guid(131dfdfbc938fd147bfa6f9faeb76f6a) Importer(815301076,1909f56bfc062723c751e8b465ee728b) (PreviewImporter) -> (artifact id: '63319882a457a1209a280b3e962fbf45') in 0.0144605 seconds
Number of updated asset objects reloaded before import = 0Number of asset objects unloaded after import = 3

========================================================================
Received Import Request.
  Time since last request: 0.000019 seconds.
  path: Assets/Third-Party/Pastel Icons/resource/style03/shape085_style03_color04.png
  artifactKey: Guid(776530c8a0852b84ab35277947de07c5) Importer(815301076,1909f56bfc062723c751e8b465ee728b)
Start importing Assets/Third-Party/Pastel Icons/resource/style03/shape085_style03_color04.png using Guid(776530c8a0852b84ab35277947de07c5) Importer(815301076,1909f56bfc062723c751e8b465ee728b) (PreviewImporter) -> (artifact id: 'f3b52ab041d40fff6c5f9a6291c2be5f') in 0.0139848 seconds
Number of updated asset objects reloaded before import = 0Number of asset objects unloaded after import = 3

========================================================================
Received Import Request.
  Time since last request: 0.000019 seconds.
  path: Assets/Third-Party/Pastel Icons/resource/style02/shape085_style02_color11.png
  artifactKey: Guid(8e0cfb75667c73349a212d6d4796b707) Importer(815301076,1909f56bfc062723c751e8b465ee728b)
Start importing Assets/Third-Party/Pastel Icons/resource/style02/shape085_style02_color11.png using Guid(8e0cfb75667c73349a212d6d4796b707) Importer(815301076,1909f56bfc062723c751e8b465ee728b) (PreviewImporter) -> (artifact id: 'd95a4ad5e62f83d57fa20762ed87fc31') in 0.0128563 seconds
Number of updated asset objects reloaded before import = 0Number of asset objects unloaded after import = 3

========================================================================
Received Import Request.
  Time since last request: 0.005562 seconds.
  path: Assets/Third-Party/Pastel Icons/resource/style03/shape085_style03_color05.png
  artifactKey: Guid(b64cb75f4eef9bc45a6dcf3f92d77125) Importer(815301076,1909f56bfc062723c751e8b465ee728b)
Start importing Assets/Third-Party/Pastel Icons/resource/style03/shape085_style03_color05.png using Guid(b64cb75f4eef9bc45a6dcf3f92d77125) Importer(815301076,1909f56bfc062723c751e8b465ee728b) (PreviewImporter) -> (artifact id: '6d79e5f7a14a33509c2df728fa339bfa') in 0.0149665 seconds
Number of updated asset objects reloaded before import = 0Number of asset objects unloaded after import = 3

========================================================================
Received Import Request.
  Time since last request: 0.000016 seconds.
  path: Assets/Third-Party/Pastel Icons/resource/style03/shape085_style03_color08.png
  artifactKey: Guid(7dc2cfe6cadf6e949b8c4b868cbfade9) Importer(815301076,1909f56bfc062723c751e8b465ee728b)
Start importing Assets/Third-Party/Pastel Icons/resource/style03/shape085_style03_color08.png using Guid(7dc2cfe6cadf6e949b8c4b868cbfade9) Importer(815301076,1909f56bfc062723c751e8b465ee728b) (PreviewImporter) -> (artifact id: '25ed29d6b20fa13d0bdab615c25d9cec') in 0.0143725 seconds
Number of updated asset objects reloaded before import = 0Number of asset objects unloaded after import = 3

========================================================================
Received Import Request.
  Time since last request: 0.000021 seconds.
  path: Assets/Third-Party/Pastel Icons/resource/style01/shape086_style01_color01.png
  artifactKey: Guid(d604f2f84e256bb40879b3f26e914251) Importer(815301076,1909f56bfc062723c751e8b465ee728b)
Start importing Assets/Third-Party/Pastel Icons/resource/style01/shape086_style01_color01.png using Guid(d604f2f84e256bb40879b3f26e914251) Importer(815301076,1909f56bfc062723c751e8b465ee728b) (PreviewImporter) -> (artifact id: '83d8b6360edfcc837445a2f4ac334b5b') in 0.0140407 seconds
Number of updated asset objects reloaded before import = 0Number of asset objects unloaded after import = 3

========================================================================
Received Import Request.
  Time since last request: 0.000027 seconds.
  path: Assets/Third-Party/Pastel Icons/resource/style03/shape085_style03_color11.png
  artifactKey: Guid(11759d20f19618d4d89d52811599f364) Importer(815301076,1909f56bfc062723c751e8b465ee728b)
Start importing Assets/Third-Party/Pastel Icons/resource/style03/shape085_style03_color11.png using Guid(11759d20f19618d4d89d52811599f364) Importer(815301076,1909f56bfc062723c751e8b465ee728b) (PreviewImporter) -> (artifact id: 'a61ffb3e0ac7f541f3483d80c0bd8c70') in 0.0139859 seconds
Number of updated asset objects reloaded before import = 0Number of asset objects unloaded after import = 3

========================================================================
Received Import Request.
  Time since last request: 0.209440 seconds.
  path: Assets/Third-Party/Pastel Icons/resource/style01/shape086_style01_color03.png
  artifactKey: Guid(d1d4364e2d3956643814ebf7075855db) Importer(815301076,1909f56bfc062723c751e8b465ee728b)
Start importing Assets/Third-Party/Pastel Icons/resource/style01/shape086_style01_color03.png using Guid(d1d4364e2d3956643814ebf7075855db) Importer(815301076,1909f56bfc062723c751e8b465ee728b) (PreviewImporter) -> (artifact id: '3498a2375034c4a5f9209637ab2d90de') in 0.0147647 seconds
Number of updated asset objects reloaded before import = 0Number of asset objects unloaded after import = 3

========================================================================
Received Import Request.
  Time since last request: 0.000016 seconds.
  path: Assets/Third-Party/Pastel Icons/resource/style01/shape086_style01_color07.png
  artifactKey: Guid(a3a6588cc38becb42b2b03a342ebb009) Importer(815301076,1909f56bfc062723c751e8b465ee728b)
Start importing Assets/Third-Party/Pastel Icons/resource/style01/shape086_style01_color07.png using Guid(a3a6588cc38becb42b2b03a342ebb009) Importer(815301076,1909f56bfc062723c751e8b465ee728b) (PreviewImporter) -> (artifact id: '6ed54183206fc5adc82c4d0cc6d6d6d3') in 0.0145685 seconds
Number of updated asset objects reloaded before import = 0Number of asset objects unloaded after import = 3

========================================================================
Received Import Request.
  Time since last request: 0.015585 seconds.
  path: Assets/Third-Party/Pastel Icons/resource/style01/shape086_style01_color08.png
  artifactKey: Guid(543c43a738f84584896f86d4547eb62e) Importer(815301076,1909f56bfc062723c751e8b465ee728b)
Start importing Assets/Third-Party/Pastel Icons/resource/style01/shape086_style01_color08.png using Guid(543c43a738f84584896f86d4547eb62e) Importer(815301076,1909f56bfc062723c751e8b465ee728b) (PreviewImporter) -> (artifact id: '3d81114a3cf780265973ee5abe550094') in 0.0140514 seconds
Number of updated asset objects reloaded before import = 0Number of asset objects unloaded after import = 3

========================================================================
Received Import Request.
  Time since last request: 0.000015 seconds.
  path: Assets/Third-Party/Pastel Icons/resource/style02/shape086_style02_color04.png
  artifactKey: Guid(2cce792453ef3444fa57a81f30ae85f1) Importer(815301076,1909f56bfc062723c751e8b465ee728b)
Start importing Assets/Third-Party/Pastel Icons/resource/style02/shape086_style02_color04.png using Guid(2cce792453ef3444fa57a81f30ae85f1) Importer(815301076,1909f56bfc062723c751e8b465ee728b) (PreviewImporter) -> (artifact id: '1b16bcbf8154b0220db78568bb642bd5') in 0.0142035 seconds
Number of updated asset objects reloaded before import = 0Number of asset objects unloaded after import = 3

========================================================================
Received Import Request.
  Time since last request: 0.000016 seconds.
  path: Assets/Third-Party/Pastel Icons/resource/style02/shape086_style02_color09.png
  artifactKey: Guid(501c947d0aec11e49ac887251581de70) Importer(815301076,1909f56bfc062723c751e8b465ee728b)
Start importing Assets/Third-Party/Pastel Icons/resource/style02/shape086_style02_color09.png using Guid(501c947d0aec11e49ac887251581de70) Importer(815301076,1909f56bfc062723c751e8b465ee728b) (PreviewImporter) -> (artifact id: 'a35c94630cff42feebfde8edc5459717') in 0.01494 seconds
Number of updated asset objects reloaded before import = 0Number of asset objects unloaded after import = 3

========================================================================
Received Import Request.
  Time since last request: 0.000018 seconds.
  path: Assets/Third-Party/Pastel Icons/resource/style01/shape086_style01_color12.png
  artifactKey: Guid(e5352dc12747b5b4fa622d9fdb110bfc) Importer(815301076,1909f56bfc062723c751e8b465ee728b)
Start importing Assets/Third-Party/Pastel Icons/resource/style01/shape086_style01_color12.png using Guid(e5352dc12747b5b4fa622d9fdb110bfc) Importer(815301076,1909f56bfc062723c751e8b465ee728b) (PreviewImporter) -> (artifact id: '86a1914ffabf81764a0c48eb1a4d919e') in 0.014129 seconds
Number of updated asset objects reloaded before import = 0Number of asset objects unloaded after import = 3

========================================================================
Received Import Request.
  Time since last request: 0.000020 seconds.
  path: Assets/Third-Party/Pastel Icons/resource/style02/shape086_style02_color07.png
  artifactKey: Guid(089f27ecba28d8a40acce4a5caab300e) Importer(815301076,1909f56bfc062723c751e8b465ee728b)
Start importing Assets/Third-Party/Pastel Icons/resource/style02/shape086_style02_color07.png using Guid(089f27ecba28d8a40acce4a5caab300e) Importer(815301076,1909f56bfc062723c751e8b465ee728b) (PreviewImporter) -> (artifact id: '6c99a4e087120c9c23f59b1fb4b30cb1') in 0.014368 seconds
Number of updated asset objects reloaded before import = 0Number of asset objects unloaded after import = 3

========================================================================
Received Import Request.
  Time since last request: 0.191887 seconds.
  path: Assets/Third-Party/Pastel Icons/resource/style02/shape086_style02_color11.png
  artifactKey: Guid(72783d2cf2467b347b9ed93c6c391cb5) Importer(815301076,1909f56bfc062723c751e8b465ee728b)
Start importing Assets/Third-Party/Pastel Icons/resource/style02/shape086_style02_color11.png using Guid(72783d2cf2467b347b9ed93c6c391cb5) Importer(815301076,1909f56bfc062723c751e8b465ee728b) (PreviewImporter) -> (artifact id: '60400807e1ef8c2666ceafbed113e6e8') in 0.0155696 seconds
Number of updated asset objects reloaded before import = 0Number of asset objects unloaded after import = 3

========================================================================
Received Import Request.
  Time since last request: 0.000016 seconds.
  path: Assets/Third-Party/Pastel Icons/resource/style03/shape086_style03_color02.png
  artifactKey: Guid(ced017610444bb64c9309db3ba7c2240) Importer(815301076,1909f56bfc062723c751e8b465ee728b)
Start importing Assets/Third-Party/Pastel Icons/resource/style03/shape086_style03_color02.png using Guid(ced017610444bb64c9309db3ba7c2240) Importer(815301076,1909f56bfc062723c751e8b465ee728b) (PreviewImporter) -> (artifact id: 'f8ba685ae9d21f503f3abec936b8d800') in 0.0134307 seconds
Number of updated asset objects reloaded before import = 0Number of asset objects unloaded after import = 3

========================================================================
Received Import Request.
  Time since last request: 0.016216 seconds.
  path: Assets/Third-Party/Pastel Icons/resource/style03/shape086_style03_color04.png
  artifactKey: Guid(55f547d363d4e3846a42bb52104e4dc8) Importer(815301076,1909f56bfc062723c751e8b465ee728b)
Start importing Assets/Third-Party/Pastel Icons/resource/style03/shape086_style03_color04.png using Guid(55f547d363d4e3846a42bb52104e4dc8) Importer(815301076,1909f56bfc062723c751e8b465ee728b) (PreviewImporter) -> (artifact id: '91ee42b4f69dc3ab2c0be5abe1147855') in 0.014193 seconds
Number of updated asset objects reloaded before import = 0Number of asset objects unloaded after import = 3

========================================================================
Received Import Request.
  Time since last request: 0.000013 seconds.
  path: Assets/Third-Party/Pastel Icons/resource/style03/shape086_style03_color07.png
  artifactKey: Guid(54018ecb17b6d1b4ea2a4f3d52f4c173) Importer(815301076,1909f56bfc062723c751e8b465ee728b)
Start importing Assets/Third-Party/Pastel Icons/resource/style03/shape086_style03_color07.png using Guid(54018ecb17b6d1b4ea2a4f3d52f4c173) Importer(815301076,1909f56bfc062723c751e8b465ee728b) (PreviewImporter) -> (artifact id: 'b11a266f7051c6f37377edfe5b981213') in 0.0146567 seconds
Number of updated asset objects reloaded before import = 0Number of asset objects unloaded after import = 3

========================================================================
Received Import Request.
  Time since last request: 0.000018 seconds.
  path: Assets/Third-Party/Pastel Icons/resource/style03/shape086_style03_color10.png
  artifactKey: Guid(79ad99d7ea4fbfc4496b887cdc474dff) Importer(815301076,1909f56bfc062723c751e8b465ee728b)
Start importing Assets/Third-Party/Pastel Icons/resource/style03/shape086_style03_color10.png using Guid(79ad99d7ea4fbfc4496b887cdc474dff) Importer(815301076,1909f56bfc062723c751e8b465ee728b) (PreviewImporter) -> (artifact id: '213fff3ed62fcbdaa25eb2625b3bb832') in 0.0148661 seconds
Number of updated asset objects reloaded before import = 0Number of asset objects unloaded after import = 3

========================================================================
Received Import Request.
  Time since last request: 0.000025 seconds.
  path: Assets/Third-Party/Pastel Icons/resource/style03/shape086_style03_color09.png
  artifactKey: Guid(0995e84c919362846a0a6dbad8cb9ebc) Importer(815301076,1909f56bfc062723c751e8b465ee728b)
Start importing Assets/Third-Party/Pastel Icons/resource/style03/shape086_style03_color09.png using Guid(0995e84c919362846a0a6dbad8cb9ebc) Importer(815301076,1909f56bfc062723c751e8b465ee728b) (PreviewImporter) -> (artifact id: '93f30b71a4b5bbaeb30276ab4d742d30') in 0.0137073 seconds
Number of updated asset objects reloaded before import = 0Number of asset objects unloaded after import = 3

========================================================================
Received Import Request.
  Time since last request: 0.000019 seconds.
  path: Assets/Third-Party/Pastel Icons/resource/style01/shape087_style01_color04.png
  artifactKey: Guid(54366a9dcd4d1124299f4989e971427a) Importer(815301076,1909f56bfc062723c751e8b465ee728b)
Start importing Assets/Third-Party/Pastel Icons/resource/style01/shape087_style01_color04.png using Guid(54366a9dcd4d1124299f4989e971427a) Importer(815301076,1909f56bfc062723c751e8b465ee728b) (PreviewImporter) -> (artifact id: '0aa4b5c0be28feeb98f8dd9ade72f945') in 0.0147702 seconds
Number of updated asset objects reloaded before import = 0Number of asset objects unloaded after import = 3

========================================================================
Received Import Request.
  Time since last request: 0.197625 seconds.
  path: Assets/Third-Party/Pastel Icons/resource/style01/shape087_style01_color07.png
  artifactKey: Guid(4db5827a3dee96b46920f7c1c5a75d15) Importer(815301076,1909f56bfc062723c751e8b465ee728b)
Start importing Assets/Third-Party/Pastel Icons/resource/style01/shape087_style01_color07.png using Guid(4db5827a3dee96b46920f7c1c5a75d15) Importer(815301076,1909f56bfc062723c751e8b465ee728b) (PreviewImporter) -> (artifact id: 'cbdb41c95166653f79ba368a1080953a') in 0.0163183 seconds
Number of updated asset objects reloaded before import = 0Number of asset objects unloaded after import = 3

========================================================================
Received Import Request.
  Time since last request: 0.000017 seconds.
  path: Assets/Third-Party/Pastel Icons/resource/style01/shape087_style01_color11.png
  artifactKey: Guid(1e6d9bdc260f55b499ec8c4211681bbc) Importer(815301076,1909f56bfc062723c751e8b465ee728b)
Start importing Assets/Third-Party/Pastel Icons/resource/style01/shape087_style01_color11.png using Guid(1e6d9bdc260f55b499ec8c4211681bbc) Importer(815301076,1909f56bfc062723c751e8b465ee728b) (PreviewImporter) -> (artifact id: 'dfaff7821b7262e7292d22d8818ce537') in 0.0130189 seconds
Number of updated asset objects reloaded before import = 0Number of asset objects unloaded after import = 3

========================================================================
Received Import Request.
  Time since last request: 0.019199 seconds.
  path: Assets/Third-Party/Pastel Icons/resource/style01/shape087_style01_color12.png
  artifactKey: Guid(d9198ea4e5f83094d9e36daf10255451) Importer(815301076,1909f56bfc062723c751e8b465ee728b)
Start importing Assets/Third-Party/Pastel Icons/resource/style01/shape087_style01_color12.png using Guid(d9198ea4e5f83094d9e36daf10255451) Importer(815301076,1909f56bfc062723c751e8b465ee728b) (PreviewImporter) -> (artifact id: 'db8e84fcd474a9ae32a688df4768fd89') in 0.0145252 seconds
Number of updated asset objects reloaded before import = 0Number of asset objects unloaded after import = 3

========================================================================
Received Import Request.
  Time since last request: 0.000018 seconds.
  path: Assets/Third-Party/Pastel Icons/resource/style02/shape087_style02_color04.png
  artifactKey: Guid(df48686f1155f22499c0e09fe7b0c44c) Importer(815301076,1909f56bfc062723c751e8b465ee728b)
Start importing Assets/Third-Party/Pastel Icons/resource/style02/shape087_style02_color04.png using Guid(df48686f1155f22499c0e09fe7b0c44c) Importer(815301076,1909f56bfc062723c751e8b465ee728b) (PreviewImporter) -> (artifact id: 'f845a9d851e67cd1be7ed582010a0d81') in 0.0141054 seconds
Number of updated asset objects reloaded before import = 0Number of asset objects unloaded after import = 3

========================================================================
Received Import Request.
  Time since last request: 0.000016 seconds.
  path: Assets/Third-Party/Pastel Icons/resource/style02/shape087_style02_color06.png
  artifactKey: Guid(cfc4bb0c201d3b4419c4541db6ac42e1) Importer(815301076,1909f56bfc062723c751e8b465ee728b)
Start importing Assets/Third-Party/Pastel Icons/resource/style02/shape087_style02_color06.png using Guid(cfc4bb0c201d3b4419c4541db6ac42e1) Importer(815301076,1909f56bfc062723c751e8b465ee728b) (PreviewImporter) -> (artifact id: '232982dd9aa06aec553aff58a4cfd43e') in 0.0149081 seconds
Number of updated asset objects reloaded before import = 0Number of asset objects unloaded after import = 3

========================================================================
Received Import Request.
  Time since last request: 0.000017 seconds.
  path: Assets/Third-Party/Pastel Icons/resource/style02/shape087_style02_color05.png
  artifactKey: Guid(6aa2abc0df9676e48af0f32fcec2393b) Importer(815301076,1909f56bfc062723c751e8b465ee728b)
Start importing Assets/Third-Party/Pastel Icons/resource/style02/shape087_style02_color05.png using Guid(6aa2abc0df9676e48af0f32fcec2393b) Importer(815301076,1909f56bfc062723c751e8b465ee728b) (PreviewImporter) -> (artifact id: '666622f78ffda8275ce7172c3e031236') in 0.0140494 seconds
Number of updated asset objects reloaded before import = 0Number of asset objects unloaded after import = 3

========================================================================
Received Import Request.
  Time since last request: 0.000016 seconds.
  path: Assets/Third-Party/Pastel Icons/resource/style03/shape087_style03_color02.png
  artifactKey: Guid(a0e86549aa6975546ac2fbdb5abe421b) Importer(815301076,1909f56bfc062723c751e8b465ee728b)
Start importing Assets/Third-Party/Pastel Icons/resource/style03/shape087_style03_color02.png using Guid(a0e86549aa6975546ac2fbdb5abe421b) Importer(815301076,1909f56bfc062723c751e8b465ee728b) (PreviewImporter) -> (artifact id: '312e2c4291ddda9bdd3b968fee1cbe28') in 0.0139631 seconds
Number of updated asset objects reloaded before import = 0Number of asset objects unloaded after import = 3

========================================================================
Received Import Request.
  Time since last request: 0.202507 seconds.
  path: Assets/Third-Party/Pastel Icons/resource/style03/shape087_style03_color03.png
  artifactKey: Guid(fe81c51ad7273814ba37acb6904a9a51) Importer(815301076,1909f56bfc062723c751e8b465ee728b)
Start importing Assets/Third-Party/Pastel Icons/resource/style03/shape087_style03_color03.png using Guid(fe81c51ad7273814ba37acb6904a9a51) Importer(815301076,1909f56bfc062723c751e8b465ee728b) (PreviewImporter) -> (artifact id: '89d98ca0b17ef0028b5ca671c67c4e9f') in 0.0163464 seconds
Number of updated asset objects reloaded before import = 0Number of asset objects unloaded after import = 3

========================================================================
Received Import Request.
  Time since last request: 0.000014 seconds.
  path: Assets/Third-Party/Pastel Icons/resource/style03/shape087_style03_color09.png
  artifactKey: Guid(48305df770b7b124a99751ac1d464f52) Importer(815301076,1909f56bfc062723c751e8b465ee728b)
Start importing Assets/Third-Party/Pastel Icons/resource/style03/shape087_style03_color09.png using Guid(48305df770b7b124a99751ac1d464f52) Importer(815301076,1909f56bfc062723c751e8b465ee728b) (PreviewImporter) -> (artifact id: 'be59820602bcfbedc127ede4e897375a') in 0.0157909 seconds
Number of updated asset objects reloaded before import = 0Number of asset objects unloaded after import = 3

========================================================================
Received Import Request.
  Time since last request: 0.000017 seconds.
  path: Assets/Third-Party/Pastel Icons/resource/style03/shape087_style03_color08.png
  artifactKey: Guid(c9d99c00c03bce340b111d109d0f1cfc) Importer(815301076,1909f56bfc062723c751e8b465ee728b)
Start importing Assets/Third-Party/Pastel Icons/resource/style03/shape087_style03_color08.png using Guid(c9d99c00c03bce340b111d109d0f1cfc) Importer(815301076,1909f56bfc062723c751e8b465ee728b) (PreviewImporter) -> (artifact id: '7ccd31078a624448936ebc0832217c17') in 0.0147955 seconds
Number of updated asset objects reloaded before import = 0Number of asset objects unloaded after import = 3

========================================================================
Received Import Request.
  Time since last request: 0.000021 seconds.
  path: Assets/Third-Party/Pastel Icons/resource/style03/shape087_style03_color07.png
  artifactKey: Guid(18430f4517219354a807678ff6e9beb5) Importer(815301076,1909f56bfc062723c751e8b465ee728b)
Start importing Assets/Third-Party/Pastel Icons/resource/style03/shape087_style03_color07.png using Guid(18430f4517219354a807678ff6e9beb5) Importer(815301076,1909f56bfc062723c751e8b465ee728b) (PreviewImporter) -> (artifact id: '583159b629d5346c883f79553985336f') in 0.0135292 seconds
Number of updated asset objects reloaded before import = 0Number of asset objects unloaded after import = 3

========================================================================
Received Import Request.
  Time since last request: 0.000027 seconds.
  path: Assets/Third-Party/Pastel Icons/resource/style01/shape088_style01_color05.png
  artifactKey: Guid(5bcd97d6bc9dd0b41a28bf291fd07220) Importer(815301076,1909f56bfc062723c751e8b465ee728b)
Start importing Assets/Third-Party/Pastel Icons/resource/style01/shape088_style01_color05.png using Guid(5bcd97d6bc9dd0b41a28bf291fd07220) Importer(815301076,1909f56bfc062723c751e8b465ee728b) (PreviewImporter) -> (artifact id: '9eec12ba3a6ff6cc2dcac6f5a41d9327') in 0.0126091 seconds
Number of updated asset objects reloaded before import = 0Number of asset objects unloaded after import = 3

========================================================================
Received Import Request.
  Time since last request: 0.009784 seconds.
  path: Assets/Third-Party/Pastel Icons/resource/style01/shape088_style01_color06.png
  artifactKey: Guid(887fd04e26363b14aa40045e4b90408e) Importer(815301076,1909f56bfc062723c751e8b465ee728b)
Start importing Assets/Third-Party/Pastel Icons/resource/style01/shape088_style01_color06.png using Guid(887fd04e26363b14aa40045e4b90408e) Importer(815301076,1909f56bfc062723c751e8b465ee728b) (PreviewImporter) -> (artifact id: '206c01c15609ae62023e213aadf4ac9c') in 0.0142617 seconds
Number of updated asset objects reloaded before import = 0Number of asset objects unloaded after import = 3

========================================================================
Received Import Request.
  Time since last request: 0.000015 seconds.
  path: Assets/Third-Party/Pastel Icons/resource/style01/shape088_style01_color10.png
  artifactKey: Guid(e460b1737696f41468f0e46836939fbe) Importer(815301076,1909f56bfc062723c751e8b465ee728b)
Start importing Assets/Third-Party/Pastel Icons/resource/style01/shape088_style01_color10.png using Guid(e460b1737696f41468f0e46836939fbe) Importer(815301076,1909f56bfc062723c751e8b465ee728b) (PreviewImporter) -> (artifact id: 'eaec6ef5626b7ea71b198d30155f4170') in 0.0136661 seconds
Number of updated asset objects reloaded before import = 0Number of asset objects unloaded after import = 3

========================================================================
Received Import Request.
  Time since last request: 0.193055 seconds.
  path: Assets/Third-Party/Pastel Icons/resource/style01/shape088_style01_color11.png
  artifactKey: Guid(256665cbe99b016489819df87d6bd85c) Importer(815301076,1909f56bfc062723c751e8b465ee728b)
Start importing Assets/Third-Party/Pastel Icons/resource/style01/shape088_style01_color11.png using Guid(256665cbe99b016489819df87d6bd85c) Importer(815301076,1909f56bfc062723c751e8b465ee728b) (PreviewImporter) -> (artifact id: '146fe99d521c22b1fe8fdcce71be5c1b') in 0.0151677 seconds
Number of updated asset objects reloaded before import = 0Number of asset objects unloaded after import = 3

========================================================================
Received Import Request.
  Time since last request: 0.000015 seconds.
  path: Assets/Third-Party/Pastel Icons/resource/style02/shape088_style02_color03.png
  artifactKey: Guid(13b7d6ae6a6df4c4fa6387484a2fddec) Importer(815301076,1909f56bfc062723c751e8b465ee728b)
Start importing Assets/Third-Party/Pastel Icons/resource/style02/shape088_style02_color03.png using Guid(13b7d6ae6a6df4c4fa6387484a2fddec) Importer(815301076,1909f56bfc062723c751e8b465ee728b) (PreviewImporter) -> (artifact id: '848400de755db3dc249d442118de478f') in 0.013458 seconds
Number of updated asset objects reloaded before import = 0Number of asset objects unloaded after import = 3

========================================================================
Received Import Request.
  Time since last request: 0.000016 seconds.
  path: Assets/Third-Party/Pastel Icons/resource/style02/shape088_style02_color05.png
  artifactKey: Guid(605d0114fda4f47498709aa45522dc95) Importer(815301076,1909f56bfc062723c751e8b465ee728b)
Start importing Assets/Third-Party/Pastel Icons/resource/style02/shape088_style02_color05.png using Guid(605d0114fda4f47498709aa45522dc95) Importer(815301076,1909f56bfc062723c751e8b465ee728b) (PreviewImporter) -> (artifact id: 'aafab4f3126bbce1c5385039412db9ef') in 0.0135288 seconds
Number of updated asset objects reloaded before import = 0Number of asset objects unloaded after import = 3

========================================================================
Received Import Request.
  Time since last request: 0.000018 seconds.
  path: Assets/Third-Party/Pastel Icons/resource/style02/shape088_style02_color08.png
  artifactKey: Guid(01520b7aa11eb784bb6bd9feec7cb46a) Importer(815301076,1909f56bfc062723c751e8b465ee728b)
Start importing Assets/Third-Party/Pastel Icons/resource/style02/shape088_style02_color08.png using Guid(01520b7aa11eb784bb6bd9feec7cb46a) Importer(815301076,1909f56bfc062723c751e8b465ee728b) (PreviewImporter) -> (artifact id: 'b33b4c7ae7932b7553d8746cdd08f8d2') in 0.0139288 seconds
Number of updated asset objects reloaded before import = 0Number of asset objects unloaded after import = 3

========================================================================
Received Import Request.
  Time since last request: 0.020546 seconds.
  path: Assets/Third-Party/Pastel Icons/resource/style02/shape088_style02_color09.png
  artifactKey: Guid(3b389810590e5324199ce1c3bbe3e2fe) Importer(815301076,1909f56bfc062723c751e8b465ee728b)
Start importing Assets/Third-Party/Pastel Icons/resource/style02/shape088_style02_color09.png using Guid(3b389810590e5324199ce1c3bbe3e2fe) Importer(815301076,1909f56bfc062723c751e8b465ee728b) (PreviewImporter) -> (artifact id: 'dc44f41bdd780c22bf5759f0e5941549') in 0.0147477 seconds
Number of updated asset objects reloaded before import = 0Number of asset objects unloaded after import = 3

========================================================================
Received Import Request.
  Time since last request: 0.000014 seconds.
  path: Assets/Third-Party/Pastel Icons/resource/style03/shape088_style03_color06.png
  artifactKey: Guid(7e89b8839790a6a479fc13109f998773) Importer(815301076,1909f56bfc062723c751e8b465ee728b)
Start importing Assets/Third-Party/Pastel Icons/resource/style03/shape088_style03_color06.png using Guid(7e89b8839790a6a479fc13109f998773) Importer(815301076,1909f56bfc062723c751e8b465ee728b) (PreviewImporter) -> (artifact id: 'bf06ab40b815a0e3039749ab6049d035') in 0.0147283 seconds
Number of updated asset objects reloaded before import = 0Number of asset objects unloaded after import = 3

========================================================================
Received Import Request.
  Time since last request: 0.000016 seconds.
  path: Assets/Third-Party/Pastel Icons/resource/style03/shape088_style03_color03.png
  artifactKey: Guid(13482936303799c47954cb461562e2c4) Importer(815301076,1909f56bfc062723c751e8b465ee728b)
Start importing Assets/Third-Party/Pastel Icons/resource/style03/shape088_style03_color03.png using Guid(13482936303799c47954cb461562e2c4) Importer(815301076,1909f56bfc062723c751e8b465ee728b) (PreviewImporter) -> (artifact id: '3542606b42638b8d313f661509c20333') in 0.0148968 seconds
Number of updated asset objects reloaded before import = 0Number of asset objects unloaded after import = 3

========================================================================
Received Import Request.
  Time since last request: 0.000018 seconds.
  path: Assets/Third-Party/Pastel Icons/resource/style03/shape088_style03_color01.png
  artifactKey: Guid(40c2a08e160c8db4391f9373db9206e7) Importer(815301076,1909f56bfc062723c751e8b465ee728b)
Start importing Assets/Third-Party/Pastel Icons/resource/style03/shape088_style03_color01.png using Guid(40c2a08e160c8db4391f9373db9206e7) Importer(815301076,1909f56bfc062723c751e8b465ee728b) (PreviewImporter) -> (artifact id: 'a8bfca5c0f80a10407e96f335ab821aa') in 0.0124847 seconds
Number of updated asset objects reloaded before import = 0Number of asset objects unloaded after import = 3

========================================================================
Received Import Request.
  Time since last request: 0.175383 seconds.
  path: Assets/Third-Party/Pastel Icons/resource/style03/shape088_style03_color07.png
  artifactKey: Guid(05f4064f937ace54abd1e129d11e5bd3) Importer(815301076,1909f56bfc062723c751e8b465ee728b)
Start importing Assets/Third-Party/Pastel Icons/resource/style03/shape088_style03_color07.png using Guid(05f4064f937ace54abd1e129d11e5bd3) Importer(815301076,1909f56bfc062723c751e8b465ee728b) (PreviewImporter) -> (artifact id: '372a18c8167eb9c12773a4c406beea4f') in 0.0149468 seconds
Number of updated asset objects reloaded before import = 0Number of asset objects unloaded after import = 3

========================================================================
Received Import Request.
  Time since last request: 0.000015 seconds.
  path: Assets/Third-Party/Pastel Icons/resource/style03/shape088_style03_color10.png
  artifactKey: Guid(960807c57b556c44a8d982c05c837e3a) Importer(815301076,1909f56bfc062723c751e8b465ee728b)
Start importing Assets/Third-Party/Pastel Icons/resource/style03/shape088_style03_color10.png using Guid(960807c57b556c44a8d982c05c837e3a) Importer(815301076,1909f56bfc062723c751e8b465ee728b) (PreviewImporter) -> (artifact id: 'dc40542be1cd77d097ef943394458df4') in 0.0143801 seconds
Number of updated asset objects reloaded before import = 0Number of asset objects unloaded after import = 3

========================================================================
Received Import Request.
  Time since last request: 0.016649 seconds.
  path: Assets/Third-Party/Pastel Icons/resource/style03/shape088_style03_color12.png
  artifactKey: Guid(95e95b0ff7edbbd4893856c0e4aa9f2b) Importer(815301076,1909f56bfc062723c751e8b465ee728b)
Start importing Assets/Third-Party/Pastel Icons/resource/style03/shape088_style03_color12.png using Guid(95e95b0ff7edbbd4893856c0e4aa9f2b) Importer(815301076,1909f56bfc062723c751e8b465ee728b) (PreviewImporter) -> (artifact id: '25f84eff3ccc7c15f2a1115d3e7f5cb6') in 0.0145079 seconds
Number of updated asset objects reloaded before import = 0Number of asset objects unloaded after import = 3

========================================================================
Received Import Request.
  Time since last request: 0.000018 seconds.
  path: Assets/Third-Party/Pastel Icons/resource/style01/shape089_style01_color03.png
  artifactKey: Guid(e851055607c5eca429cc26e89407570e) Importer(815301076,1909f56bfc062723c751e8b465ee728b)
Start importing Assets/Third-Party/Pastel Icons/resource/style01/shape089_style01_color03.png using Guid(e851055607c5eca429cc26e89407570e) Importer(815301076,1909f56bfc062723c751e8b465ee728b) (PreviewImporter) -> (artifact id: '7582bcca01155bcbe258259b25249d3a') in 0.0145175 seconds
Number of updated asset objects reloaded before import = 0Number of asset objects unloaded after import = 3

========================================================================
Received Import Request.
  Time since last request: 0.000024 seconds.
  path: Assets/Third-Party/Pastel Icons/resource/style01/shape089_style01_color08.png
  artifactKey: Guid(9b89f843134267f43a3f55edab76179a) Importer(815301076,1909f56bfc062723c751e8b465ee728b)
Start importing Assets/Third-Party/Pastel Icons/resource/style01/shape089_style01_color08.png using Guid(9b89f843134267f43a3f55edab76179a) Importer(815301076,1909f56bfc062723c751e8b465ee728b) (PreviewImporter) -> (artifact id: '7850289f3b128cd4747d93284e3a2afe') in 0.0150339 seconds
Number of updated asset objects reloaded before import = 0Number of asset objects unloaded after import = 3

========================================================================
Received Import Request.
  Time since last request: 0.000017 seconds.
  path: Assets/Third-Party/Pastel Icons/resource/style01/shape089_style01_color05.png
  artifactKey: Guid(44311e6f78145804491154e8357c3025) Importer(815301076,1909f56bfc062723c751e8b465ee728b)
Start importing Assets/Third-Party/Pastel Icons/resource/style01/shape089_style01_color05.png using Guid(44311e6f78145804491154e8357c3025) Importer(815301076,1909f56bfc062723c751e8b465ee728b) (PreviewImporter) -> (artifact id: '2e61dfbdef25e328081789c6f7e9deb0') in 0.0145749 seconds
Number of updated asset objects reloaded before import = 0Number of asset objects unloaded after import = 3

========================================================================
Received Import Request.
  Time since last request: 0.000016 seconds.
  path: Assets/Third-Party/Pastel Icons/resource/style02/shape089_style02_color01.png
  artifactKey: Guid(a89e5244396c3f34b9019911d6c1f4db) Importer(815301076,1909f56bfc062723c751e8b465ee728b)
Start importing Assets/Third-Party/Pastel Icons/resource/style02/shape089_style02_color01.png using Guid(a89e5244396c3f34b9019911d6c1f4db) Importer(815301076,1909f56bfc062723c751e8b465ee728b) (PreviewImporter) -> (artifact id: '816f2bcbdcf8ac2176e73701eb57bcbe') in 0.0145533 seconds
Number of updated asset objects reloaded before import = 0Number of asset objects unloaded after import = 3

========================================================================
Received Import Request.
  Time since last request: 0.196271 seconds.
  path: Assets/Third-Party/Pastel Icons/resource/style02/shape089_style02_color03.png
  artifactKey: Guid(ae7d2d168fbd24140a9e0b23983f9668) Importer(815301076,1909f56bfc062723c751e8b465ee728b)
Start importing Assets/Third-Party/Pastel Icons/resource/style02/shape089_style02_color03.png using Guid(ae7d2d168fbd24140a9e0b23983f9668) Importer(815301076,1909f56bfc062723c751e8b465ee728b) (PreviewImporter) -> (artifact id: '930d011336c857739b18003f154069c4') in 0.0156389 seconds
Number of updated asset objects reloaded before import = 0Number of asset objects unloaded after import = 3

========================================================================
Received Import Request.
  Time since last request: 0.000015 seconds.
  path: Assets/Third-Party/Pastel Icons/resource/style02/shape089_style02_color06.png
  artifactKey: Guid(b94a163b34107f7469b6fc53a52e994e) Importer(815301076,1909f56bfc062723c751e8b465ee728b)
Start importing Assets/Third-Party/Pastel Icons/resource/style02/shape089_style02_color06.png using Guid(b94a163b34107f7469b6fc53a52e994e) Importer(815301076,1909f56bfc062723c751e8b465ee728b) (PreviewImporter) -> (artifact id: '77f2e46d1fa8baecb90b02c8f5a9e5ff') in 0.0135283 seconds
Number of updated asset objects reloaded before import = 0Number of asset objects unloaded after import = 3

========================================================================
Received Import Request.
  Time since last request: 0.015939 seconds.
  path: Assets/Third-Party/Pastel Icons/resource/style02/shape089_style02_color08.png
  artifactKey: Guid(4480e66c5e3bd2a46b2b011713c1bc13) Importer(815301076,1909f56bfc062723c751e8b465ee728b)
Start importing Assets/Third-Party/Pastel Icons/resource/style02/shape089_style02_color08.png using Guid(4480e66c5e3bd2a46b2b011713c1bc13) Importer(815301076,1909f56bfc062723c751e8b465ee728b) (PreviewImporter) -> (artifact id: '62962cb78526b53e23ce6a22bc197a72') in 0.0143082 seconds
Number of updated asset objects reloaded before import = 0Number of asset objects unloaded after import = 3

========================================================================
Received Import Request.
  Time since last request: 0.000017 seconds.
  path: Assets/Third-Party/Pastel Icons/resource/style03/shape089_style03_color03.png
  artifactKey: Guid(bb79bcc0d6202d64d8cf07441a11c80a) Importer(815301076,1909f56bfc062723c751e8b465ee728b)
Start importing Assets/Third-Party/Pastel Icons/resource/style03/shape089_style03_color03.png using Guid(bb79bcc0d6202d64d8cf07441a11c80a) Importer(815301076,1909f56bfc062723c751e8b465ee728b) (PreviewImporter) -> (artifact id: 'e40f848925737be1e903965601de3c2a') in 0.0148626 seconds
Number of updated asset objects reloaded before import = 0Number of asset objects unloaded after import = 3

========================================================================
Received Import Request.
  Time since last request: 0.000019 seconds.
  path: Assets/Third-Party/Pastel Icons/resource/style02/shape089_style02_color11.png
  artifactKey: Guid(54c5ab462dc35b34bbe8824ca4410ab3) Importer(815301076,1909f56bfc062723c751e8b465ee728b)
Start importing Assets/Third-Party/Pastel Icons/resource/style02/shape089_style02_color11.png using Guid(54c5ab462dc35b34bbe8824ca4410ab3) Importer(815301076,1909f56bfc062723c751e8b465ee728b) (PreviewImporter) -> (artifact id: '8bdc2d191a2c7b52141ea8d9ca3d9456') in 0.0142841 seconds
Number of updated asset objects reloaded before import = 0Number of asset objects unloaded after import = 3

========================================================================
Received Import Request.
  Time since last request: 0.000016 seconds.
  path: Assets/Third-Party/Pastel Icons/resource/style03/shape089_style03_color01.png
  artifactKey: Guid(6cd6ab09af277ee48969744e0bb5fc12) Importer(815301076,1909f56bfc062723c751e8b465ee728b)
Start importing Assets/Third-Party/Pastel Icons/resource/style03/shape089_style03_color01.png using Guid(6cd6ab09af277ee48969744e0bb5fc12) Importer(815301076,1909f56bfc062723c751e8b465ee728b) (PreviewImporter) -> (artifact id: '79baf2143633a7e2842f86559de0c48e') in 0.01399 seconds
Number of updated asset objects reloaded before import = 0Number of asset objects unloaded after import = 3

========================================================================
Received Import Request.
  Time since last request: 0.000016 seconds.
  path: Assets/Third-Party/Pastel Icons/resource/style03/shape089_style03_color08.png
  artifactKey: Guid(a760862b6209605458cc51bf1a89e822) Importer(815301076,1909f56bfc062723c751e8b465ee728b)
Start importing Assets/Third-Party/Pastel Icons/resource/style03/shape089_style03_color08.png using Guid(a760862b6209605458cc51bf1a89e822) Importer(815301076,1909f56bfc062723c751e8b465ee728b) (PreviewImporter) -> (artifact id: '27157de68c235b128a80ee9c1b5a2e5d') in 0.01484 seconds
Number of updated asset objects reloaded before import = 0Number of asset objects unloaded after import = 3

========================================================================
Received Import Request.
  Time since last request: 0.186708 seconds.
  path: Assets/Third-Party/Pastel Icons/resource/style03/shape089_style03_color11.png
  artifactKey: Guid(dfb16fd9088612343a526157dd84e5f2) Importer(815301076,1909f56bfc062723c751e8b465ee728b)
Start importing Assets/Third-Party/Pastel Icons/resource/style03/shape089_style03_color11.png using Guid(dfb16fd9088612343a526157dd84e5f2) Importer(815301076,1909f56bfc062723c751e8b465ee728b) (PreviewImporter) -> (artifact id: '92cd6fe81b71c68f9301997980ca60fa') in 0.016062 seconds
Number of updated asset objects reloaded before import = 0Number of asset objects unloaded after import = 3

========================================================================
Received Import Request.
  Time since last request: 0.000017 seconds.
  path: Assets/Third-Party/Pastel Icons/resource/style01/shape090_style01_color02.png
  artifactKey: Guid(b2ee2f765b4b003489ddecf8826f61fc) Importer(815301076,1909f56bfc062723c751e8b465ee728b)
Start importing Assets/Third-Party/Pastel Icons/resource/style01/shape090_style01_color02.png using Guid(b2ee2f765b4b003489ddecf8826f61fc) Importer(815301076,1909f56bfc062723c751e8b465ee728b) (PreviewImporter) -> (artifact id: 'c320630ddce8f7aa7d248faadc5609e9') in 0.0128393 seconds
Number of updated asset objects reloaded before import = 0Number of asset objects unloaded after import = 3

========================================================================
Received Import Request.
  Time since last request: 0.017897 seconds.
  path: Assets/Third-Party/Pastel Icons/resource/style01/shape090_style01_color04.png
  artifactKey: Guid(8dbec3b83e2666d49bb015246a016ec7) Importer(815301076,1909f56bfc062723c751e8b465ee728b)
Start importing Assets/Third-Party/Pastel Icons/resource/style01/shape090_style01_color04.png using Guid(8dbec3b83e2666d49bb015246a016ec7) Importer(815301076,1909f56bfc062723c751e8b465ee728b) (PreviewImporter) -> (artifact id: 'a075b447061aa65f1dc806c68e32a9c4') in 0.0141404 seconds
Number of updated asset objects reloaded before import = 0Number of asset objects unloaded after import = 3

========================================================================
Received Import Request.
  Time since last request: 0.000015 seconds.
  path: Assets/Third-Party/Pastel Icons/resource/style01/shape090_style01_color08.png
  artifactKey: Guid(39a81f9ae7e54fb4d9d296b9ac0b4e0a) Importer(815301076,1909f56bfc062723c751e8b465ee728b)
Start importing Assets/Third-Party/Pastel Icons/resource/style01/shape090_style01_color08.png using Guid(39a81f9ae7e54fb4d9d296b9ac0b4e0a) Importer(815301076,1909f56bfc062723c751e8b465ee728b) (PreviewImporter) -> (artifact id: '0c14fa31019ed8850858c7cada3b6551') in 0.0158741 seconds
Number of updated asset objects reloaded before import = 0Number of asset objects unloaded after import = 3

========================================================================
Received Import Request.
  Time since last request: 0.000018 seconds.
  path: Assets/Third-Party/Pastel Icons/resource/style02/shape090_style02_color01.png
  artifactKey: Guid(be4a86b86eab1044f961e7777615f47f) Importer(815301076,1909f56bfc062723c751e8b465ee728b)
Start importing Assets/Third-Party/Pastel Icons/resource/style02/shape090_style02_color01.png using Guid(be4a86b86eab1044f961e7777615f47f) Importer(815301076,1909f56bfc062723c751e8b465ee728b) (PreviewImporter) -> (artifact id: '1602119ece81eb0c4941dd62f1ccd3f9') in 0.0139289 seconds
Number of updated asset objects reloaded before import = 0Number of asset objects unloaded after import = 3

========================================================================
Received Import Request.
  Time since last request: 0.000019 seconds.
  path: Assets/Third-Party/Pastel Icons/resource/style01/shape090_style01_color07.png
  artifactKey: Guid(2f1700885a8a607428dacf2ea1996be6) Importer(815301076,1909f56bfc062723c751e8b465ee728b)
Start importing Assets/Third-Party/Pastel Icons/resource/style01/shape090_style01_color07.png using Guid(2f1700885a8a607428dacf2ea1996be6) Importer(815301076,1909f56bfc062723c751e8b465ee728b) (PreviewImporter) -> (artifact id: 'e6c6b526306af5b3922453903400667d') in 0.0138272 seconds
Number of updated asset objects reloaded before import = 0Number of asset objects unloaded after import = 3

========================================================================
Received Import Request.
  Time since last request: 0.000016 seconds.
  path: Assets/Third-Party/Pastel Icons/resource/style02/shape090_style02_color06.png
  artifactKey: Guid(9d7a972a25d472b4aaad63a42ea153c5) Importer(815301076,1909f56bfc062723c751e8b465ee728b)
Start importing Assets/Third-Party/Pastel Icons/resource/style02/shape090_style02_color06.png using Guid(9d7a972a25d472b4aaad63a42ea153c5) Importer(815301076,1909f56bfc062723c751e8b465ee728b) (PreviewImporter) -> (artifact id: '968dfddbebfbd7eebb08308953f48aae') in 0.0144868 seconds
Number of updated asset objects reloaded before import = 0Number of asset objects unloaded after import = 3

========================================================================
Received Import Request.
  Time since last request: 0.210490 seconds.
  path: Assets/Third-Party/Pastel Icons/resource/style02/shape090_style02_color07.png
  artifactKey: Guid(9f2c0c4a0463f6c4ab2b713a8d0ec971) Importer(815301076,1909f56bfc062723c751e8b465ee728b)
Start importing Assets/Third-Party/Pastel Icons/resource/style02/shape090_style02_color07.png using Guid(9f2c0c4a0463f6c4ab2b713a8d0ec971) Importer(815301076,1909f56bfc062723c751e8b465ee728b) (PreviewImporter) -> (artifact id: 'c1a674d9ce8f3fcf1c1a959829b33797') in 0.0155987 seconds
Number of updated asset objects reloaded before import = 0Number of asset objects unloaded after import = 3

========================================================================
Received Import Request.
  Time since last request: 0.000019 seconds.
  path: Assets/Third-Party/Pastel Icons/resource/style02/shape090_style02_color10.png
  artifactKey: Guid(e55f530f1c66ecc4a9585b2679ba5e6e) Importer(815301076,1909f56bfc062723c751e8b465ee728b)
Start importing Assets/Third-Party/Pastel Icons/resource/style02/shape090_style02_color10.png using Guid(e55f530f1c66ecc4a9585b2679ba5e6e) Importer(815301076,1909f56bfc062723c751e8b465ee728b) (PreviewImporter) -> (artifact id: '06237ed07088608aa893b170e8777c54') in 0.0141104 seconds
Number of updated asset objects reloaded before import = 0Number of asset objects unloaded after import = 3

========================================================================
Received Import Request.
  Time since last request: 0.000018 seconds.
  path: Assets/Third-Party/Pastel Icons/resource/style03/shape090_style03_color04.png
  artifactKey: Guid(11ce4709637cd604cb9a39521721d7fd) Importer(815301076,1909f56bfc062723c751e8b465ee728b)
Start importing Assets/Third-Party/Pastel Icons/resource/style03/shape090_style03_color04.png using Guid(11ce4709637cd604cb9a39521721d7fd) Importer(815301076,1909f56bfc062723c751e8b465ee728b) (PreviewImporter) -> (artifact id: '7e29c80410cf6206e356d8163bfa96c1') in 0.0151821 seconds
Number of updated asset objects reloaded before import = 0Number of asset objects unloaded after import = 3

========================================================================
Received Import Request.
  Time since last request: 0.000016 seconds.
  path: Assets/Third-Party/Pastel Icons/resource/style03/shape090_style03_color03.png
  artifactKey: Guid(50d4e0b3eec176b4f85737e025ac4776) Importer(815301076,1909f56bfc062723c751e8b465ee728b)
Start importing Assets/Third-Party/Pastel Icons/resource/style03/shape090_style03_color03.png using Guid(50d4e0b3eec176b4f85737e025ac4776) Importer(815301076,1909f56bfc062723c751e8b465ee728b) (PreviewImporter) -> (artifact id: '274fe7f88f5981e057d5ba4e5cd4ae92') in 0.0144585 seconds
Number of updated asset objects reloaded before import = 0Number of asset objects unloaded after import = 3

========================================================================
Received Import Request.
  Time since last request: 0.000016 seconds.
  path: Assets/Third-Party/Pastel Icons/resource/style03/shape090_style03_color08.png
  artifactKey: Guid(1212963993d32f140a2d4c0126cf1d71) Importer(815301076,1909f56bfc062723c751e8b465ee728b)
Start importing Assets/Third-Party/Pastel Icons/resource/style03/shape090_style03_color08.png using Guid(1212963993d32f140a2d4c0126cf1d71) Importer(815301076,1909f56bfc062723c751e8b465ee728b) (PreviewImporter) -> (artifact id: '3c034025d032ebd1a4afd3dae412a974') in 0.0151839 seconds
Number of updated asset objects reloaded before import = 0Number of asset objects unloaded after import = 3

========================================================================
Received Import Request.
  Time since last request: 0.000018 seconds.
  path: Assets/Third-Party/Pastel Icons/resource/style01/shape091_style01_color02.png
  artifactKey: Guid(2833bf21ccb62f744a390fa50b659a6a) Importer(815301076,1909f56bfc062723c751e8b465ee728b)
Start importing Assets/Third-Party/Pastel Icons/resource/style01/shape091_style01_color02.png using Guid(2833bf21ccb62f744a390fa50b659a6a) Importer(815301076,1909f56bfc062723c751e8b465ee728b) (PreviewImporter) -> (artifact id: 'cbe633a770be2217f585f7b8f117d1d4') in 0.0141182 seconds
Number of updated asset objects reloaded before import = 0Number of asset objects unloaded after import = 3

========================================================================
Received Import Request.
  Time since last request: 0.000017 seconds.
  path: Assets/Third-Party/Pastel Icons/resource/style03/shape090_style03_color10.png
  artifactKey: Guid(0fe89c7378c1e0344a126e5686bfad91) Importer(815301076,1909f56bfc062723c751e8b465ee728b)
Start importing Assets/Third-Party/Pastel Icons/resource/style03/shape090_style03_color10.png using Guid(0fe89c7378c1e0344a126e5686bfad91) Importer(815301076,1909f56bfc062723c751e8b465ee728b) (PreviewImporter) -> (artifact id: 'ebc8722de0ece8c3787c290d450ef820') in 0.0132371 seconds
Number of updated asset objects reloaded before import = 0Number of asset objects unloaded after import = 3

========================================================================
Received Import Request.
  Time since last request: 0.201031 seconds.
  path: Assets/Third-Party/Pastel Icons/resource/style01/shape091_style01_color03.png
  artifactKey: Guid(f870d754241c8c84ca68f1381958f1f0) Importer(815301076,1909f56bfc062723c751e8b465ee728b)
Start importing Assets/Third-Party/Pastel Icons/resource/style01/shape091_style01_color03.png using Guid(f870d754241c8c84ca68f1381958f1f0) Importer(815301076,1909f56bfc062723c751e8b465ee728b) (PreviewImporter) -> (artifact id: '722b517813a9932a90db3e9ed8a12aec') in 0.0150931 seconds
Number of updated asset objects reloaded before import = 0Number of asset objects unloaded after import = 3

========================================================================
Received Import Request.
  Time since last request: 0.000014 seconds.
  path: Assets/Third-Party/Pastel Icons/resource/style01/shape091_style01_color09.png
  artifactKey: Guid(e91c9ba4768ff3941859d49259db639b) Importer(815301076,1909f56bfc062723c751e8b465ee728b)
Start importing Assets/Third-Party/Pastel Icons/resource/style01/shape091_style01_color09.png using Guid(e91c9ba4768ff3941859d49259db639b) Importer(815301076,1909f56bfc062723c751e8b465ee728b) (PreviewImporter) -> (artifact id: 'ed91d82be10566d9bad83052806763c8') in 0.0138464 seconds
Number of updated asset objects reloaded before import = 0Number of asset objects unloaded after import = 3

========================================================================
Received Import Request.
  Time since last request: 0.000016 seconds.
  path: Assets/Third-Party/Pastel Icons/resource/style01/shape091_style01_color12.png
  artifactKey: Guid(0702619ee1f763945ab60776be1aabff) Importer(815301076,1909f56bfc062723c751e8b465ee728b)
Start importing Assets/Third-Party/Pastel Icons/resource/style01/shape091_style01_color12.png using Guid(0702619ee1f763945ab60776be1aabff) Importer(815301076,1909f56bfc062723c751e8b465ee728b) (PreviewImporter) -> (artifact id: '356d69cb66c949a3a43e37dc86db0180') in 0.0140399 seconds
Number of updated asset objects reloaded before import = 0Number of asset objects unloaded after import = 3

========================================================================
Received Import Request.
  Time since last request: 0.000051 seconds.
  path: Assets/Third-Party/Pastel Icons/resource/style01/shape091_style01_color06.png
  artifactKey: Guid(989cf5932959a0a4da1042de3dcbc36f) Importer(815301076,1909f56bfc062723c751e8b465ee728b)
Start importing Assets/Third-Party/Pastel Icons/resource/style01/shape091_style01_color06.png using Guid(989cf5932959a0a4da1042de3dcbc36f) Importer(815301076,1909f56bfc062723c751e8b465ee728b) (PreviewImporter) -> (artifact id: 'e22cb9d051a1ac667378219506473fca') in 0.0124706 seconds
Number of updated asset objects reloaded before import = 0Number of asset objects unloaded after import = 3

========================================================================
Received Import Request.
  Time since last request: 0.006970 seconds.
  path: Assets/Third-Party/Pastel Icons/resource/style02/shape091_style02_color01.png
  artifactKey: Guid(b1e0279ae0bcd8b4f91e0d62f7f67daa) Importer(815301076,1909f56bfc062723c751e8b465ee728b)
Start importing Assets/Third-Party/Pastel Icons/resource/style02/shape091_style02_color01.png using Guid(b1e0279ae0bcd8b4f91e0d62f7f67daa) Importer(815301076,1909f56bfc062723c751e8b465ee728b) (PreviewImporter) -> (artifact id: '30f5c53cfcd1fdb2bf0ad52f73d57f69') in 0.0147698 seconds
Number of updated asset objects reloaded before import = 0Number of asset objects unloaded after import = 3

========================================================================
Received Import Request.
  Time since last request: 0.000015 seconds.
  path: Assets/Third-Party/Pastel Icons/resource/style02/shape091_style02_color09.png
  artifactKey: Guid(9dca1a09371363f469aa38500a54761f) Importer(815301076,1909f56bfc062723c751e8b465ee728b)
Start importing Assets/Third-Party/Pastel Icons/resource/style02/shape091_style02_color09.png using Guid(9dca1a09371363f469aa38500a54761f) Importer(815301076,1909f56bfc062723c751e8b465ee728b) (PreviewImporter) -> (artifact id: '51e75fbbd92678315aa8a14bb3405bee') in 0.0148726 seconds
Number of updated asset objects reloaded before import = 0Number of asset objects unloaded after import = 3

========================================================================
Received Import Request.
  Time since last request: 0.000017 seconds.
  path: Assets/Third-Party/Pastel Icons/resource/style02/shape091_style02_color04.png
  artifactKey: Guid(2122d7457d23e394cb0d60ae3749cff2) Importer(815301076,1909f56bfc062723c751e8b465ee728b)
Start importing Assets/Third-Party/Pastel Icons/resource/style02/shape091_style02_color04.png using Guid(2122d7457d23e394cb0d60ae3749cff2) Importer(815301076,1909f56bfc062723c751e8b465ee728b) (PreviewImporter) -> (artifact id: '712c879753b0acfd97b0a1d5d3ff00e4') in 0.0143132 seconds
Number of updated asset objects reloaded before import = 0Number of asset objects unloaded after import = 3

========================================================================
Received Import Request.
  Time since last request: 0.000015 seconds.
  path: Assets/Third-Party/Pastel Icons/resource/style02/shape091_style02_color12.png
  artifactKey: Guid(6bce3cb915ba3d14e9d98bb374e56d8f) Importer(815301076,1909f56bfc062723c751e8b465ee728b)
Start importing Assets/Third-Party/Pastel Icons/resource/style02/shape091_style02_color12.png using Guid(6bce3cb915ba3d14e9d98bb374e56d8f) Importer(815301076,1909f56bfc062723c751e8b465ee728b) (PreviewImporter) -> (artifact id: '5f1d6fc80101ad73774942325e13c8f1') in 0.0142439 seconds
Number of updated asset objects reloaded before import = 0Number of asset objects unloaded after import = 3

========================================================================
Received Import Request.
  Time since last request: 0.000015 seconds.
  path: Assets/Third-Party/Pastel Icons/resource/style02/shape091_style02_color11.png
  artifactKey: Guid(3bc11a5664ab81c468ec4da429de028e) Importer(815301076,1909f56bfc062723c751e8b465ee728b)
Start importing Assets/Third-Party/Pastel Icons/resource/style02/shape091_style02_color11.png using Guid(3bc11a5664ab81c468ec4da429de028e) Importer(815301076,1909f56bfc062723c751e8b465ee728b) (PreviewImporter) -> (artifact id: '085997e0f2c080ff51c2b0b7cc0c989d') in 0.0137222 seconds
Number of updated asset objects reloaded before import = 0Number of asset objects unloaded after import = 3

========================================================================
Received Import Request.
  Time since last request: 0.185491 seconds.
  path: Assets/Third-Party/Pastel Icons/resource/style03/shape091_style03_color04.png
  artifactKey: Guid(580f9f1f33fcb7f459024244928202f7) Importer(815301076,1909f56bfc062723c751e8b465ee728b)
Start importing Assets/Third-Party/Pastel Icons/resource/style03/shape091_style03_color04.png using Guid(580f9f1f33fcb7f459024244928202f7) Importer(815301076,1909f56bfc062723c751e8b465ee728b) (PreviewImporter) -> (artifact id: '930d510c88976d48b89209ac1ccb1f10') in 0.0147188 seconds
Number of updated asset objects reloaded before import = 0Number of asset objects unloaded after import = 3

========================================================================
Received Import Request.
  Time since last request: 0.000013 seconds.
  path: Assets/Third-Party/Pastel Icons/resource/style03/shape091_style03_color11.png
  artifactKey: Guid(ac00fdfe7cbf3404c868c6607e27b7d3) Importer(815301076,1909f56bfc062723c751e8b465ee728b)
Start importing Assets/Third-Party/Pastel Icons/resource/style03/shape091_style03_color11.png using Guid(ac00fdfe7cbf3404c868c6607e27b7d3) Importer(815301076,1909f56bfc062723c751e8b465ee728b) (PreviewImporter) -> (artifact id: '2142f7830873f050f2a9a510a7000f89') in 0.0146117 seconds
Number of updated asset objects reloaded before import = 0Number of asset objects unloaded after import = 3

========================================================================
Received Import Request.
  Time since last request: 0.000020 seconds.
  path: Assets/Third-Party/Pastel Icons/resource/style03/shape091_style03_color12.png
  artifactKey: Guid(3e364f8c0af778a458a91d6ca8dfe42f) Importer(815301076,1909f56bfc062723c751e8b465ee728b)
Start importing Assets/Third-Party/Pastel Icons/resource/style03/shape091_style03_color12.png using Guid(3e364f8c0af778a458a91d6ca8dfe42f) Importer(815301076,1909f56bfc062723c751e8b465ee728b) (PreviewImporter) -> (artifact id: '4895402939e74ed162882a141facbd85') in 0.0147137 seconds
Number of updated asset objects reloaded before import = 0Number of asset objects unloaded after import = 3

========================================================================
Received Import Request.
  Time since last request: 0.000016 seconds.
  path: Assets/Third-Party/Pastel Icons/resource/style03/shape091_style03_color07.png
  artifactKey: Guid(e2824ad322dab5a4d9e1bc347f499aca) Importer(815301076,1909f56bfc062723c751e8b465ee728b)
Start importing Assets/Third-Party/Pastel Icons/resource/style03/shape091_style03_color07.png using Guid(e2824ad322dab5a4d9e1bc347f499aca) Importer(815301076,1909f56bfc062723c751e8b465ee728b) (PreviewImporter) -> (artifact id: 'aa72c792267bac67b05bcf881792ae4a') in 0.0265893 seconds
Number of updated asset objects reloaded before import = 0Number of asset objects unloaded after import = 3

========================================================================
Received Import Request.
  Time since last request: 0.000022 seconds.
  path: Assets/Third-Party/Pastel Icons/resource/style01/shape092_style01_color08.png
  artifactKey: Guid(15a519fd34965304e847e8b159a971af) Importer(815301076,1909f56bfc062723c751e8b465ee728b)
Start importing Assets/Third-Party/Pastel Icons/resource/style01/shape092_style01_color08.png using Guid(15a519fd34965304e847e8b159a971af) Importer(815301076,1909f56bfc062723c751e8b465ee728b) (PreviewImporter) -> (artifact id: 'a2f7eb8ca73931445cc2351e9f68052e') in 0.0140891 seconds
Number of updated asset objects reloaded before import = 0Number of asset objects unloaded after import = 3

========================================================================
Received Import Request.
  Time since last request: 0.000024 seconds.
  path: Assets/Third-Party/Pastel Icons/resource/style01/shape092_style01_color07.png
  artifactKey: Guid(ba7a8c26451e0bf4c8b930ab50d4017e) Importer(815301076,1909f56bfc062723c751e8b465ee728b)
Start importing Assets/Third-Party/Pastel Icons/resource/style01/shape092_style01_color07.png using Guid(ba7a8c26451e0bf4c8b930ab50d4017e) Importer(815301076,1909f56bfc062723c751e8b465ee728b) (PreviewImporter) -> (artifact id: 'a90b788fab3288d48f577708b1d9cfc6') in 0.015004 seconds
Number of updated asset objects reloaded before import = 0Number of asset objects unloaded after import = 3

========================================================================
Received Import Request.
  Time since last request: 0.000016 seconds.
  path: Assets/Third-Party/Pastel Icons/resource/style01/shape092_style01_color06.png
  artifactKey: Guid(fe1c7bbe298dddb448d9647bd2b9b1e7) Importer(815301076,1909f56bfc062723c751e8b465ee728b)
Start importing Assets/Third-Party/Pastel Icons/resource/style01/shape092_style01_color06.png using Guid(fe1c7bbe298dddb448d9647bd2b9b1e7) Importer(815301076,1909f56bfc062723c751e8b465ee728b) (PreviewImporter) -> (artifact id: 'ef4bfbe366643b4df93ba8faa13e86c6') in 0.0148755 seconds
Number of updated asset objects reloaded before import = 0Number of asset objects unloaded after import = 3

========================================================================
Received Import Request.
  Time since last request: 0.182429 seconds.
  path: Assets/Third-Party/Pastel Icons/resource/style01/shape092_style01_color12.png
  artifactKey: Guid(b995f789c8697e54a8643331e97e9880) Importer(815301076,1909f56bfc062723c751e8b465ee728b)
Start importing Assets/Third-Party/Pastel Icons/resource/style01/shape092_style01_color12.png using Guid(b995f789c8697e54a8643331e97e9880) Importer(815301076,1909f56bfc062723c751e8b465ee728b) (PreviewImporter) -> (artifact id: '2310b09da07a241b76e3d579b4a6e138') in 0.0149218 seconds
Number of updated asset objects reloaded before import = 0Number of asset objects unloaded after import = 3

========================================================================
Received Import Request.
  Time since last request: 0.000014 seconds.
  path: Assets/Third-Party/Pastel Icons/resource/style02/shape092_style02_color07.png
  artifactKey: Guid(835c25c056213d443bd073bec20ca376) Importer(815301076,1909f56bfc062723c751e8b465ee728b)
Start importing Assets/Third-Party/Pastel Icons/resource/style02/shape092_style02_color07.png using Guid(835c25c056213d443bd073bec20ca376) Importer(815301076,1909f56bfc062723c751e8b465ee728b) (PreviewImporter) -> (artifact id: 'ccaafcfb2280e115f581800947397fd6') in 0.0142883 seconds
Number of updated asset objects reloaded before import = 0Number of asset objects unloaded after import = 3

========================================================================
Received Import Request.
  Time since last request: 0.000016 seconds.
  path: Assets/Third-Party/Pastel Icons/resource/style02/shape092_style02_color04.png
  artifactKey: Guid(e0a7f7d2bf80ff0469fc4db80afd215a) Importer(815301076,1909f56bfc062723c751e8b465ee728b)
Start importing Assets/Third-Party/Pastel Icons/resource/style02/shape092_style02_color04.png using Guid(e0a7f7d2bf80ff0469fc4db80afd215a) Importer(815301076,1909f56bfc062723c751e8b465ee728b) (PreviewImporter) -> (artifact id: '19047374583cb68e9499b2858dfd8e0e') in 0.0769284 seconds
Number of updated asset objects reloaded before import = 0Number of asset objects unloaded after import = 3

========================================================================
Received Import Request.
  Time since last request: 0.000018 seconds.
  path: Assets/Third-Party/Pastel Icons/resource/style03/shape092_style03_color02.png
  artifactKey: Guid(672790c5a9823dc4c9e2f008d3b3f6f7) Importer(815301076,1909f56bfc062723c751e8b465ee728b)
Start importing Assets/Third-Party/Pastel Icons/resource/style03/shape092_style03_color02.png using Guid(672790c5a9823dc4c9e2f008d3b3f6f7) Importer(815301076,1909f56bfc062723c751e8b465ee728b) (PreviewImporter) -> (artifact id: '245323b351ccbc7bb0360a742df76f48') in 0.0212432 seconds
Number of updated asset objects reloaded before import = 0Number of asset objects unloaded after import = 3

========================================================================
Received Import Request.
  Time since last request: 0.000017 seconds.
  path: Assets/Third-Party/Pastel Icons/resource/style03/shape092_style03_color05.png
  artifactKey: Guid(33bb771f55c89994a9cd36b5d32f649e) Importer(815301076,1909f56bfc062723c751e8b465ee728b)
Start importing Assets/Third-Party/Pastel Icons/resource/style03/shape092_style03_color05.png using Guid(33bb771f55c89994a9cd36b5d32f649e) Importer(815301076,1909f56bfc062723c751e8b465ee728b) (PreviewImporter) -> (artifact id: '6c90253fe99efb6563376bdffc306c99') in 0.0148282 seconds
Number of updated asset objects reloaded before import = 0Number of asset objects unloaded after import = 3

========================================================================
Received Import Request.
  Time since last request: 0.000016 seconds.
  path: Assets/Third-Party/Pastel Icons/resource/style03/shape092_style03_color06.png
  artifactKey: Guid(385c31d8b2a003e43abf013d4880b90b) Importer(815301076,1909f56bfc062723c751e8b465ee728b)
Start importing Assets/Third-Party/Pastel Icons/resource/style03/shape092_style03_color06.png using Guid(385c31d8b2a003e43abf013d4880b90b) Importer(815301076,1909f56bfc062723c751e8b465ee728b) (PreviewImporter) -> (artifact id: 'b9870ed13b35563921f2ad57e61ba2a6') in 0.0142064 seconds
Number of updated asset objects reloaded before import = 0Number of asset objects unloaded after import = 3

========================================================================
Received Import Request.
  Time since last request: 0.000016 seconds.
  path: Assets/Third-Party/Pastel Icons/resource/style03/shape092_style03_color07.png
  artifactKey: Guid(2d0602a4dcad91a4db05dc9528bf03d6) Importer(815301076,1909f56bfc062723c751e8b465ee728b)
Start importing Assets/Third-Party/Pastel Icons/resource/style03/shape092_style03_color07.png using Guid(2d0602a4dcad91a4db05dc9528bf03d6) Importer(815301076,1909f56bfc062723c751e8b465ee728b) (PreviewImporter) -> (artifact id: '73ce31c94785058227dd237e9c33a3f2') in 0.0371671 seconds
Number of updated asset objects reloaded before import = 0Number of asset objects unloaded after import = 3

========================================================================
Received Import Request.
  Time since last request: 0.000018 seconds.
  path: Assets/Third-Party/Pastel Icons/resource/style02/shape092_style02_color10.png
  artifactKey: Guid(de312a994843c26479fb4d8cb39497c4) Importer(815301076,1909f56bfc062723c751e8b465ee728b)
Start importing Assets/Third-Party/Pastel Icons/resource/style02/shape092_style02_color10.png using Guid(de312a994843c26479fb4d8cb39497c4) Importer(815301076,1909f56bfc062723c751e8b465ee728b) (PreviewImporter) -> (artifact id: '48d1999374b66ccedcaa82be117550ed') in 0.0228289 seconds
Number of updated asset objects reloaded before import = 0Number of asset objects unloaded after import = 3

========================================================================
Received Import Request.
  Time since last request: 0.086730 seconds.
  path: Assets/Third-Party/Pastel Icons/resource/style01/shape093_style01_color01.png
  artifactKey: Guid(30664e6bc3f74644aa479ecc1029a0cf) Importer(815301076,1909f56bfc062723c751e8b465ee728b)
Start importing Assets/Third-Party/Pastel Icons/resource/style01/shape093_style01_color01.png using Guid(30664e6bc3f74644aa479ecc1029a0cf) Importer(815301076,1909f56bfc062723c751e8b465ee728b) (PreviewImporter) -> (artifact id: 'b907335ba7c18716ac01151bd24e6ed2') in 0.0143413 seconds
Number of updated asset objects reloaded before import = 0Number of asset objects unloaded after import = 3

========================================================================
Received Import Request.
  Time since last request: 0.000017 seconds.
  path: Assets/Third-Party/Pastel Icons/resource/style01/shape093_style01_color04.png
  artifactKey: Guid(0aa1582a4f94c4a4782f73b566ba8d1a) Importer(815301076,1909f56bfc062723c751e8b465ee728b)
Start importing Assets/Third-Party/Pastel Icons/resource/style01/shape093_style01_color04.png using Guid(0aa1582a4f94c4a4782f73b566ba8d1a) Importer(815301076,1909f56bfc062723c751e8b465ee728b) (PreviewImporter) -> (artifact id: 'c93ca59a1236e09845d0276e87ac7f57') in 0.0138769 seconds
Number of updated asset objects reloaded before import = 0Number of asset objects unloaded after import = 3

========================================================================
Received Import Request.
  Time since last request: 0.016143 seconds.
  path: Assets/Third-Party/Pastel Icons/resource/style01/shape093_style01_color06.png
  artifactKey: Guid(346bca96f8be30f4894c3350c97acb77) Importer(815301076,1909f56bfc062723c751e8b465ee728b)
Start importing Assets/Third-Party/Pastel Icons/resource/style01/shape093_style01_color06.png using Guid(346bca96f8be30f4894c3350c97acb77) Importer(815301076,1909f56bfc062723c751e8b465ee728b) (PreviewImporter) -> (artifact id: '8e4164628b2b0c55499a527f51c5ba73') in 0.0144722 seconds
Number of updated asset objects reloaded before import = 0Number of asset objects unloaded after import = 3

========================================================================
Received Import Request.
  Time since last request: 0.000015 seconds.
  path: Assets/Third-Party/Pastel Icons/resource/style01/shape093_style01_color11.png
  artifactKey: Guid(434809152cab35f42b24ab6a0f0c75e1) Importer(815301076,1909f56bfc062723c751e8b465ee728b)
Start importing Assets/Third-Party/Pastel Icons/resource/style01/shape093_style01_color11.png using Guid(434809152cab35f42b24ab6a0f0c75e1) Importer(815301076,1909f56bfc062723c751e8b465ee728b) (PreviewImporter) -> (artifact id: '0e94182246155250cf75ab2edad45704') in 0.0148274 seconds
Number of updated asset objects reloaded before import = 0Number of asset objects unloaded after import = 3

========================================================================
Received Import Request.
  Time since last request: 0.000016 seconds.
  path: Assets/Third-Party/Pastel Icons/resource/style02/shape093_style02_color03.png
  artifactKey: Guid(d6169414fbf4eb247bf1ea15a6204e2c) Importer(815301076,1909f56bfc062723c751e8b465ee728b)
Start importing Assets/Third-Party/Pastel Icons/resource/style02/shape093_style02_color03.png using Guid(d6169414fbf4eb247bf1ea15a6204e2c) Importer(815301076,1909f56bfc062723c751e8b465ee728b) (PreviewImporter) -> (artifact id: 'ac48ceb826523f80d6411011c016cb52') in 0.0143451 seconds
Number of updated asset objects reloaded before import = 0Number of asset objects unloaded after import = 3

========================================================================
Received Import Request.
  Time since last request: 0.000016 seconds.
  path: Assets/Third-Party/Pastel Icons/resource/style02/shape093_style02_color02.png
  artifactKey: Guid(170a014ef6be392409fe262fbee4f729) Importer(815301076,1909f56bfc062723c751e8b465ee728b)
Start importing Assets/Third-Party/Pastel Icons/resource/style02/shape093_style02_color02.png using Guid(170a014ef6be392409fe262fbee4f729) Importer(815301076,1909f56bfc062723c751e8b465ee728b) (PreviewImporter) -> (artifact id: '3c96499fe677efdbf81746abe26bf6eb') in 0.0140766 seconds
Number of updated asset objects reloaded before import = 0Number of asset objects unloaded after import = 3

========================================================================
Received Import Request.
  Time since last request: 0.000019 seconds.
  path: Assets/Third-Party/Pastel Icons/resource/style02/shape093_style02_color06.png
  artifactKey: Guid(c6aaf302f0bc6584ea36d458831cde79) Importer(815301076,1909f56bfc062723c751e8b465ee728b)
Start importing Assets/Third-Party/Pastel Icons/resource/style02/shape093_style02_color06.png using Guid(c6aaf302f0bc6584ea36d458831cde79) Importer(815301076,1909f56bfc062723c751e8b465ee728b) (PreviewImporter) -> (artifact id: '8b8a525e1642479f14e1b46a4fdb8f94') in 0.0147002 seconds
Number of updated asset objects reloaded before import = 0Number of asset objects unloaded after import = 3

========================================================================
Received Import Request.
  Time since last request: 0.220546 seconds.
  path: Assets/Third-Party/Pastel Icons/resource/style02/shape093_style02_color09.png
  artifactKey: Guid(d7364a04b7e4e4e4e8de3693c6597df1) Importer(815301076,1909f56bfc062723c751e8b465ee728b)
Start importing Assets/Third-Party/Pastel Icons/resource/style02/shape093_style02_color09.png using Guid(d7364a04b7e4e4e4e8de3693c6597df1) Importer(815301076,1909f56bfc062723c751e8b465ee728b) (PreviewImporter) -> (artifact id: 'e74b00c76194a369b77f85a43d700b9b') in 0.0146376 seconds
Number of updated asset objects reloaded before import = 0Number of asset objects unloaded after import = 3

========================================================================
Received Import Request.
  Time since last request: 0.000015 seconds.
  path: Assets/Third-Party/Pastel Icons/resource/style03/shape093_style03_color01.png
  artifactKey: Guid(76a9d45629a69534db604eb1c25ae302) Importer(815301076,1909f56bfc062723c751e8b465ee728b)
Start importing Assets/Third-Party/Pastel Icons/resource/style03/shape093_style03_color01.png using Guid(76a9d45629a69534db604eb1c25ae302) Importer(815301076,1909f56bfc062723c751e8b465ee728b) (PreviewImporter) -> (artifact id: '9671b747c7ed8ceb0c0954911dff2d9a') in 0.0141159 seconds
Number of updated asset objects reloaded before import = 0Number of asset objects unloaded after import = 3

========================================================================
Received Import Request.
  Time since last request: 0.000016 seconds.
  path: Assets/Third-Party/Pastel Icons/resource/style03/shape093_style03_color03.png
  artifactKey: Guid(5c10bd1b72f4d6944a9be391fb92cd63) Importer(815301076,1909f56bfc062723c751e8b465ee728b)
Start importing Assets/Third-Party/Pastel Icons/resource/style03/shape093_style03_color03.png using Guid(5c10bd1b72f4d6944a9be391fb92cd63) Importer(815301076,1909f56bfc062723c751e8b465ee728b) (PreviewImporter) -> (artifact id: '985b7c1055e9c5e3b851686859caecd7') in 0.0146553 seconds
Number of updated asset objects reloaded before import = 0Number of asset objects unloaded after import = 3

========================================================================
Received Import Request.
  Time since last request: 0.006621 seconds.
  path: Assets/Third-Party/Pastel Icons/resource/style03/shape093_style03_color07.png
  artifactKey: Guid(4fc4e17f1050d8741bf0b45a22022030) Importer(815301076,1909f56bfc062723c751e8b465ee728b)
Start importing Assets/Third-Party/Pastel Icons/resource/style03/shape093_style03_color07.png using Guid(4fc4e17f1050d8741bf0b45a22022030) Importer(815301076,1909f56bfc062723c751e8b465ee728b) (PreviewImporter) -> (artifact id: 'acc77f98fa125cf9c2d04002f98c5276') in 0.0140215 seconds
Number of updated asset objects reloaded before import = 0Number of asset objects unloaded after import = 3

========================================================================
Received Import Request.
  Time since last request: 0.000017 seconds.
  path: Assets/Third-Party/Pastel Icons/resource/style03/shape093_style03_color11.png
  artifactKey: Guid(df309328fc081a047aecb7cbd3625757) Importer(815301076,1909f56bfc062723c751e8b465ee728b)
Start importing Assets/Third-Party/Pastel Icons/resource/style03/shape093_style03_color11.png using Guid(df309328fc081a047aecb7cbd3625757) Importer(815301076,1909f56bfc062723c751e8b465ee728b) (PreviewImporter) -> (artifact id: '2f2d8b9eec333059dfec4afa5311bb7f') in 0.0132533 seconds
Number of updated asset objects reloaded before import = 0Number of asset objects unloaded after import = 3

========================================================================
Received Import Request.
  Time since last request: 0.000017 seconds.
  path: Assets/Third-Party/Pastel Icons/resource/style01/shape094_style01_color04.png
  artifactKey: Guid(cdb57b39a0f2a2e409d8a5b17fd47d31) Importer(815301076,1909f56bfc062723c751e8b465ee728b)
Start importing Assets/Third-Party/Pastel Icons/resource/style01/shape094_style01_color04.png using Guid(cdb57b39a0f2a2e409d8a5b17fd47d31) Importer(815301076,1909f56bfc062723c751e8b465ee728b) (PreviewImporter) -> (artifact id: '358dff676b68724379812b23195df955') in 0.0117873 seconds
Number of updated asset objects reloaded before import = 0Number of asset objects unloaded after import = 3

========================================================================
Received Import Request.
  Time since last request: 0.000015 seconds.
  path: Assets/Third-Party/Pastel Icons/resource/style01/shape094_style01_color02.png
  artifactKey: Guid(688fa5b0c5a8c054dbc7eb5f6f54c10c) Importer(815301076,1909f56bfc062723c751e8b465ee728b)
Start importing Assets/Third-Party/Pastel Icons/resource/style01/shape094_style01_color02.png using Guid(688fa5b0c5a8c054dbc7eb5f6f54c10c) Importer(815301076,1909f56bfc062723c751e8b465ee728b) (PreviewImporter) -> (artifact id: 'edc8535feb9e3e958d110bd709a5fc1b') in 0.0131197 seconds
Number of updated asset objects reloaded before import = 0Number of asset objects unloaded after import = 3

========================================================================
Received Import Request.
  Time since last request: 0.230436 seconds.
  path: Assets/Third-Party/Pastel Icons/resource/style01/shape094_style01_color05.png
  artifactKey: Guid(642df4d08b407794f835767781207bff) Importer(815301076,1909f56bfc062723c751e8b465ee728b)
Start importing Assets/Third-Party/Pastel Icons/resource/style01/shape094_style01_color05.png using Guid(642df4d08b407794f835767781207bff) Importer(815301076,1909f56bfc062723c751e8b465ee728b) (PreviewImporter) -> (artifact id: 'ab4fc4ad203cfbe6e05e13ef4d41e691') in 0.0144479 seconds
Number of updated asset objects reloaded before import = 0Number of asset objects unloaded after import = 3

========================================================================
Received Import Request.
  Time since last request: 0.000016 seconds.
  path: Assets/Third-Party/Pastel Icons/resource/style01/shape094_style01_color08.png
  artifactKey: Guid(e38c3a9ad9477f94f92b4dbc87784db5) Importer(815301076,1909f56bfc062723c751e8b465ee728b)
Start importing Assets/Third-Party/Pastel Icons/resource/style01/shape094_style01_color08.png using Guid(e38c3a9ad9477f94f92b4dbc87784db5) Importer(815301076,1909f56bfc062723c751e8b465ee728b) (PreviewImporter) -> (artifact id: 'e8b1e1030bed9ab369ab459fa0e1567a') in 0.013607 seconds
Number of updated asset objects reloaded before import = 0Number of asset objects unloaded after import = 3

========================================================================
Received Import Request.
  Time since last request: 0.016796 seconds.
  path: Assets/Third-Party/Pastel Icons/resource/style01/shape094_style01_color10.png
  artifactKey: Guid(cc0a1fb9c0275a24eaa79bbc625ca425) Importer(815301076,1909f56bfc062723c751e8b465ee728b)
Start importing Assets/Third-Party/Pastel Icons/resource/style01/shape094_style01_color10.png using Guid(cc0a1fb9c0275a24eaa79bbc625ca425) Importer(815301076,1909f56bfc062723c751e8b465ee728b) (PreviewImporter) -> (artifact id: 'a8b449e12e98d603f308f79eecd6752b') in 0.0357794 seconds
Number of updated asset objects reloaded before import = 0Number of asset objects unloaded after import = 3

========================================================================
Received Import Request.
  Time since last request: 0.000018 seconds.
  path: Assets/Third-Party/Pastel Icons/resource/style02/shape094_style02_color06.png
  artifactKey: Guid(0e45b07d16264f647849d044e82a860d) Importer(815301076,1909f56bfc062723c751e8b465ee728b)
Start importing Assets/Third-Party/Pastel Icons/resource/style02/shape094_style02_color06.png using Guid(0e45b07d16264f647849d044e82a860d) Importer(815301076,1909f56bfc062723c751e8b465ee728b) (PreviewImporter) -> (artifact id: '240862105fcb124413b14579c6e41bed') in 0.0143168 seconds
Number of updated asset objects reloaded before import = 0Number of asset objects unloaded after import = 3

========================================================================
Received Import Request.
  Time since last request: 0.000024 seconds.
  path: Assets/Third-Party/Pastel Icons/resource/style02/shape094_style02_color09.png
  artifactKey: Guid(48da6d6fa49216042bd18ccd56077b85) Importer(815301076,1909f56bfc062723c751e8b465ee728b)
Start importing Assets/Third-Party/Pastel Icons/resource/style02/shape094_style02_color09.png using Guid(48da6d6fa49216042bd18ccd56077b85) Importer(815301076,1909f56bfc062723c751e8b465ee728b) (PreviewImporter) -> (artifact id: '5c63195c5aee4d21a161d9fd7c638139') in 0.0145543 seconds
Number of updated asset objects reloaded before import = 0Number of asset objects unloaded after import = 3

========================================================================
Received Import Request.
  Time since last request: 0.000018 seconds.
  path: Assets/Third-Party/Pastel Icons/resource/style03/shape094_style03_color03.png
  artifactKey: Guid(df8b59165872eec45b6259fe7ce12b49) Importer(815301076,1909f56bfc062723c751e8b465ee728b)
Start importing Assets/Third-Party/Pastel Icons/resource/style03/shape094_style03_color03.png using Guid(df8b59165872eec45b6259fe7ce12b49) Importer(815301076,1909f56bfc062723c751e8b465ee728b) (PreviewImporter) -> (artifact id: '03288fb43c1f921d3281aded127e1073') in 0.0148392 seconds
Number of updated asset objects reloaded before import = 0Number of asset objects unloaded after import = 3

========================================================================
Received Import Request.
  Time since last request: 0.000018 seconds.
  path: Assets/Third-Party/Pastel Icons/resource/style02/shape094_style02_color12.png
  artifactKey: Guid(e6fec3d7fe9748d4fbfeb01096154c00) Importer(815301076,1909f56bfc062723c751e8b465ee728b)
Start importing Assets/Third-Party/Pastel Icons/resource/style02/shape094_style02_color12.png using Guid(e6fec3d7fe9748d4fbfeb01096154c00) Importer(815301076,1909f56bfc062723c751e8b465ee728b) (PreviewImporter) -> (artifact id: '80e16a23f95660f7cc6741fe3ca9b6cf') in 0.0421652 seconds
Number of updated asset objects reloaded before import = 0Number of asset objects unloaded after import = 3

========================================================================
Received Import Request.
  Time since last request: 0.000018 seconds.
  path: Assets/Third-Party/Pastel Icons/resource/style02/shape094_style02_color10.png
  artifactKey: Guid(26b5154a30f17fb4b87fdb49f4a826ed) Importer(815301076,1909f56bfc062723c751e8b465ee728b)
Start importing Assets/Third-Party/Pastel Icons/resource/style02/shape094_style02_color10.png using Guid(26b5154a30f17fb4b87fdb49f4a826ed) Importer(815301076,1909f56bfc062723c751e8b465ee728b) (PreviewImporter) -> (artifact id: '6a4cf476c8c12bd3a02c4cac80065b36') in 0.0147218 seconds
Number of updated asset objects reloaded before import = 0Number of asset objects unloaded after import = 3

========================================================================
Received Import Request.
  Time since last request: 0.000018 seconds.
  path: Assets/Third-Party/Pastel Icons/resource/style03/shape094_style03_color05.png
  artifactKey: Guid(9805d99a20ddf2f419c44a3e23264fcc) Importer(815301076,1909f56bfc062723c751e8b465ee728b)
Start importing Assets/Third-Party/Pastel Icons/resource/style03/shape094_style03_color05.png using Guid(9805d99a20ddf2f419c44a3e23264fcc) Importer(815301076,1909f56bfc062723c751e8b465ee728b) (PreviewImporter) -> (artifact id: 'dd00cd3fdd744c004a4461cb9fa7069e') in 0.0132855 seconds
Number of updated asset objects reloaded before import = 0Number of asset objects unloaded after import = 3

========================================================================
Received Import Request.
  Time since last request: 0.140251 seconds.
  path: Assets/Third-Party/Pastel Icons/resource/style03/shape094_style03_color06.png
  artifactKey: Guid(797535aa2c3caae42bb3583dd061a7e9) Importer(815301076,1909f56bfc062723c751e8b465ee728b)
Start importing Assets/Third-Party/Pastel Icons/resource/style03/shape094_style03_color06.png using Guid(797535aa2c3caae42bb3583dd061a7e9) Importer(815301076,1909f56bfc062723c751e8b465ee728b) (PreviewImporter) -> (artifact id: '950c57b902cabd13eb3189a88eddef7a') in 0.5229695 seconds
Number of updated asset objects reloaded before import = 0Number of asset objects unloaded after import = 3

========================================================================
Received Import Request.
  Time since last request: 0.000019 seconds.
  path: Assets/Third-Party/Pastel Icons/resource/style03/shape094_style03_color11.png
  artifactKey: Guid(34345fe80dcd77f45a266a387cc18b05) Importer(815301076,1909f56bfc062723c751e8b465ee728b)
Start importing Assets/Third-Party/Pastel Icons/resource/style03/shape094_style03_color11.png using Guid(34345fe80dcd77f45a266a387cc18b05) Importer(815301076,1909f56bfc062723c751e8b465ee728b) (PreviewImporter) -> (artifact id: 'e19eef91fcfa9ed8da6ccc95afd0b30a') in 0.0138295 seconds
Number of updated asset objects reloaded before import = 0Number of asset objects unloaded after import = 3

========================================================================
Received Import Request.
  Time since last request: 0.000028 seconds.
  path: Assets/Third-Party/Pastel Icons/resource/style01/shape095_style01_color11.png
  artifactKey: Guid(bfac40c65ada737419aa4293cc3241e7) Importer(815301076,1909f56bfc062723c751e8b465ee728b)
Start importing Assets/Third-Party/Pastel Icons/resource/style01/shape095_style01_color11.png using Guid(bfac40c65ada737419aa4293cc3241e7) Importer(815301076,1909f56bfc062723c751e8b465ee728b) (PreviewImporter) -> (artifact id: '1ae6372a901653707984549b0249a2da') in 0.0148838 seconds
Number of updated asset objects reloaded before import = 0Number of asset objects unloaded after import = 3

========================================================================
Received Import Request.
  Time since last request: 0.000019 seconds.
  path: Assets/Third-Party/Pastel Icons/resource/style03/shape095_style03_color08.png
  artifactKey: Guid(87fc6a9518e3bb449895995074af7f75) Importer(815301076,1909f56bfc062723c751e8b465ee728b)
Start importing Assets/Third-Party/Pastel Icons/resource/style03/shape095_style03_color08.png using Guid(87fc6a9518e3bb449895995074af7f75) Importer(815301076,1909f56bfc062723c751e8b465ee728b) (PreviewImporter) -> (artifact id: 'b57092c1037de46e1110b257455e1ef1') in 0.0153487 seconds
Number of updated asset objects reloaded before import = 0Number of asset objects unloaded after import = 3

========================================================================
Received Import Request.
  Time since last request: 0.000017 seconds.
  path: Assets/Third-Party/Pastel Icons/resource/style03/shape095_style03_color10.png
  artifactKey: Guid(62f9afa0fbf50914b8f883f2881dd582) Importer(815301076,1909f56bfc062723c751e8b465ee728b)
Start importing Assets/Third-Party/Pastel Icons/resource/style03/shape095_style03_color10.png using Guid(62f9afa0fbf50914b8f883f2881dd582) Importer(815301076,1909f56bfc062723c751e8b465ee728b) (PreviewImporter) -> (artifact id: '6aedab9d658b76d41e87b661259afd76') in 0.015102 seconds
Number of updated asset objects reloaded before import = 0Number of asset objects unloaded after import = 3

========================================================================
Received Import Request.
  Time since last request: 0.000019 seconds.
  path: Assets/Third-Party/Pastel Icons/resource/style01/shape096_style01_color02.png
  artifactKey: Guid(796f6c8656c23a04896623bd9a9799f1) Importer(815301076,1909f56bfc062723c751e8b465ee728b)
Start importing Assets/Third-Party/Pastel Icons/resource/style01/shape096_style01_color02.png using Guid(796f6c8656c23a04896623bd9a9799f1) Importer(815301076,1909f56bfc062723c751e8b465ee728b) (PreviewImporter) -> (artifact id: 'eafdd3bd8790c7c98e51ec165b17cb37') in 0.0140837 seconds
Number of updated asset objects reloaded before import = 0Number of asset objects unloaded after import = 3

========================================================================
Received Import Request.
  Time since last request: 0.000018 seconds.
  path: Assets/Third-Party/Pastel Icons/resource/style03/shape095_style03_color05.png
  artifactKey: Guid(54fdecbdbe193bf4bb9e7a6d1ce42ca3) Importer(815301076,1909f56bfc062723c751e8b465ee728b)
Start importing Assets/Third-Party/Pastel Icons/resource/style03/shape095_style03_color05.png using Guid(54fdecbdbe193bf4bb9e7a6d1ce42ca3) Importer(815301076,1909f56bfc062723c751e8b465ee728b) (PreviewImporter) -> (artifact id: '594362569f87c1ea432062773fd6f827') in 0.0150896 seconds
Number of updated asset objects reloaded before import = 0Number of asset objects unloaded after import = 3

========================================================================
Received Import Request.
  Time since last request: 0.000033 seconds.
  path: Assets/Third-Party/Pastel Icons/resource/style03/shape095_style03_color11.png
  artifactKey: Guid(42d368394ce496f41adbffbe4e1b42f1) Importer(815301076,1909f56bfc062723c751e8b465ee728b)
Start importing Assets/Third-Party/Pastel Icons/resource/style03/shape095_style03_color11.png using Guid(42d368394ce496f41adbffbe4e1b42f1) Importer(815301076,1909f56bfc062723c751e8b465ee728b) (PreviewImporter) -> (artifact id: '070957c908a4ac67986f7b8bcf96e6d7') in 0.014956 seconds
Number of updated asset objects reloaded before import = 0Number of asset objects unloaded after import = 3

========================================================================
Received Import Request.
  Time since last request: 0.000018 seconds.
  path: Assets/Third-Party/Pastel Icons/resource/style02/shape095_style02_color03.png
  artifactKey: Guid(1a98d7913b4626142a8ae54469cfc4a7) Importer(815301076,1909f56bfc062723c751e8b465ee728b)
Start importing Assets/Third-Party/Pastel Icons/resource/style02/shape095_style02_color03.png using Guid(1a98d7913b4626142a8ae54469cfc4a7) Importer(815301076,1909f56bfc062723c751e8b465ee728b) (PreviewImporter) -> (artifact id: 'd48394ef45f654093064eb7aa7357e50') in 0.0145523 seconds
Number of updated asset objects reloaded before import = 0Number of asset objects unloaded after import = 3

========================================================================
Received Import Request.
  Time since last request: 0.000016 seconds.
  path: Assets/Third-Party/Pastel Icons/resource/style02/shape095_style02_color04.png
  artifactKey: Guid(4ca18a369d1d0284780e727657bddc9b) Importer(815301076,1909f56bfc062723c751e8b465ee728b)
Start importing Assets/Third-Party/Pastel Icons/resource/style02/shape095_style02_color04.png using Guid(4ca18a369d1d0284780e727657bddc9b) Importer(815301076,1909f56bfc062723c751e8b465ee728b) (PreviewImporter) -> (artifact id: '2491f61aee33b53b53b125ff9771b62b') in 0.0152767 seconds
Number of updated asset objects reloaded before import = 0Number of asset objects unloaded after import = 3

========================================================================
Received Import Request.
  Time since last request: 0.000017 seconds.
  path: Assets/Third-Party/Pastel Icons/resource/style03/shape095_style03_color02.png
  artifactKey: Guid(9a090615f2a43014fbadcd5d317a5ff6) Importer(815301076,1909f56bfc062723c751e8b465ee728b)
Start importing Assets/Third-Party/Pastel Icons/resource/style03/shape095_style03_color02.png using Guid(9a090615f2a43014fbadcd5d317a5ff6) Importer(815301076,1909f56bfc062723c751e8b465ee728b) (PreviewImporter) -> (artifact id: 'f96f44923c20d4ecb68a6cf631008f94') in 0.0149569 seconds
Number of updated asset objects reloaded before import = 0Number of asset objects unloaded after import = 3

========================================================================
Received Import Request.
  Time since last request: 0.000017 seconds.
  path: Assets/Third-Party/Pastel Icons/resource/style01/shape095_style01_color09.png
  artifactKey: Guid(8d871dc8bf91cd545ac1b507843fcb4a) Importer(815301076,1909f56bfc062723c751e8b465ee728b)
Start importing Assets/Third-Party/Pastel Icons/resource/style01/shape095_style01_color09.png using Guid(8d871dc8bf91cd545ac1b507843fcb4a) Importer(815301076,1909f56bfc062723c751e8b465ee728b) (PreviewImporter) -> (artifact id: '12cfae812bb88fc35d55dc091b2005b7') in 0.0143065 seconds
Number of updated asset objects reloaded before import = 0Number of asset objects unloaded after import = 3

========================================================================
Received Import Request.
  Time since last request: 0.000019 seconds.
  path: Assets/Third-Party/Pastel Icons/resource/style02/shape095_style02_color07.png
  artifactKey: Guid(d2988714b43b52a4297ff634ce4ea4e6) Importer(815301076,1909f56bfc062723c751e8b465ee728b)
Start importing Assets/Third-Party/Pastel Icons/resource/style02/shape095_style02_color07.png using Guid(d2988714b43b52a4297ff634ce4ea4e6) Importer(815301076,1909f56bfc062723c751e8b465ee728b) (PreviewImporter) -> (artifact id: '5483c023896cc6def427b4d2704ae08b') in 0.0142546 seconds
Number of updated asset objects reloaded before import = 0Number of asset objects unloaded after import = 3

========================================================================
Received Import Request.
  Time since last request: 0.000014 seconds.
  path: Assets/Third-Party/Pastel Icons/resource/style03/shape095_style03_color04.png
  artifactKey: Guid(e4429194dbe80d64186df444697e1e00) Importer(815301076,1909f56bfc062723c751e8b465ee728b)
Start importing Assets/Third-Party/Pastel Icons/resource/style03/shape095_style03_color04.png using Guid(e4429194dbe80d64186df444697e1e00) Importer(815301076,1909f56bfc062723c751e8b465ee728b) (PreviewImporter) -> (artifact id: '9534d15a7ac67f3879b6cba2b126cab1') in 0.014922 seconds
Number of updated asset objects reloaded before import = 0Number of asset objects unloaded after import = 3

========================================================================
Received Import Request.
  Time since last request: 0.000023 seconds.
  path: Assets/Third-Party/Pastel Icons/resource/style02/shape095_style02_color11.png
  artifactKey: Guid(e028fb7879c30054994a174dc3e0a0ce) Importer(815301076,1909f56bfc062723c751e8b465ee728b)
Start importing Assets/Third-Party/Pastel Icons/resource/style02/shape095_style02_color11.png using Guid(e028fb7879c30054994a174dc3e0a0ce) Importer(815301076,1909f56bfc062723c751e8b465ee728b) (PreviewImporter) -> (artifact id: 'ae7ba43c45cc03eb5899f340d444a531') in 0.1231098 seconds
Number of updated asset objects reloaded before import = 0Number of asset objects unloaded after import = 3

========================================================================
Received Import Request.
  Time since last request: 0.243534 seconds.
  path: Assets/Third-Party/Pastel Icons/resource/style01/shape096_style01_color03.png
  artifactKey: Guid(113016d3968ecaf4e9f1f88b941508bc) Importer(815301076,1909f56bfc062723c751e8b465ee728b)
Start importing Assets/Third-Party/Pastel Icons/resource/style01/shape096_style01_color03.png using Guid(113016d3968ecaf4e9f1f88b941508bc) Importer(815301076,1909f56bfc062723c751e8b465ee728b) (PreviewImporter) -> (artifact id: '3c7111135b04c85db70fb1152300e22e') in 0.0150606 seconds
Number of updated asset objects reloaded before import = 0Number of asset objects unloaded after import = 3

========================================================================
Received Import Request.
  Time since last request: 0.000017 seconds.
  path: Assets/Third-Party/Pastel Icons/resource/style01/shape096_style01_color06.png
  artifactKey: Guid(77a91156c7a23c548bbc310be301551d) Importer(815301076,1909f56bfc062723c751e8b465ee728b)
Start importing Assets/Third-Party/Pastel Icons/resource/style01/shape096_style01_color06.png using Guid(77a91156c7a23c548bbc310be301551d) Importer(815301076,1909f56bfc062723c751e8b465ee728b) (PreviewImporter) -> (artifact id: '7c10f9ffc0a28182b7c04be5ccf1c6ee') in 0.0142483 seconds
Number of updated asset objects reloaded before import = 0Number of asset objects unloaded after import = 3

========================================================================
Received Import Request.
  Time since last request: 0.000016 seconds.
  path: Assets/Third-Party/Pastel Icons/resource/style01/shape096_style01_color08.png
  artifactKey: Guid(67223e039534cb146913c0c343932a65) Importer(815301076,1909f56bfc062723c751e8b465ee728b)
Start importing Assets/Third-Party/Pastel Icons/resource/style01/shape096_style01_color08.png using Guid(67223e039534cb146913c0c343932a65) Importer(815301076,1909f56bfc062723c751e8b465ee728b) (PreviewImporter) -> (artifact id: 'c78099e8c14e9b26bf6065ceb6d6e045') in 0.0149219 seconds
Number of updated asset objects reloaded before import = 0Number of asset objects unloaded after import = 3

========================================================================
Received Import Request.
  Time since last request: 0.020332 seconds.
  path: Assets/Third-Party/Pastel Icons/resource/style02/shape096_style02_color01.png
  artifactKey: Guid(f73291e7297dfd34ea19a50f577ba617) Importer(815301076,1909f56bfc062723c751e8b465ee728b)
Start importing Assets/Third-Party/Pastel Icons/resource/style02/shape096_style02_color01.png using Guid(f73291e7297dfd34ea19a50f577ba617) Importer(815301076,1909f56bfc062723c751e8b465ee728b) (PreviewImporter) -> (artifact id: 'd0b34d693d76eb46c3edf7d4087f35c9') in 0.0714675 seconds
Number of updated asset objects reloaded before import = 0Number of asset objects unloaded after import = 3

========================================================================
Received Import Request.
  Time since last request: 0.000014 seconds.
  path: Assets/Third-Party/Pastel Icons/resource/style02/shape096_style02_color06.png
  artifactKey: Guid(50dc613489ce62a4d91cd2c7256cb73c) Importer(815301076,1909f56bfc062723c751e8b465ee728b)
Start importing Assets/Third-Party/Pastel Icons/resource/style02/shape096_style02_color06.png using Guid(50dc613489ce62a4d91cd2c7256cb73c) Importer(815301076,1909f56bfc062723c751e8b465ee728b) (PreviewImporter) -> (artifact id: '00b6aa2622105effe7281639abee5708') in 0.0345948 seconds
Number of updated asset objects reloaded before import = 0Number of asset objects unloaded after import = 3

========================================================================
Received Import Request.
  Time since last request: 0.000017 seconds.
  path: Assets/Third-Party/Pastel Icons/resource/style02/shape096_style02_color07.png
  artifactKey: Guid(afc6f011d4eae254187d6089959ca2cf) Importer(815301076,1909f56bfc062723c751e8b465ee728b)
Start importing Assets/Third-Party/Pastel Icons/resource/style02/shape096_style02_color07.png using Guid(afc6f011d4eae254187d6089959ca2cf) Importer(815301076,1909f56bfc062723c751e8b465ee728b) (PreviewImporter) -> (artifact id: '1afad90146705e809bf9b99e7cd4189f') in 0.0145613 seconds
Number of updated asset objects reloaded before import = 0Number of asset objects unloaded after import = 3

========================================================================
Received Import Request.
  Time since last request: 0.000024 seconds.
  path: Assets/Third-Party/Pastel Icons/resource/style02/shape096_style02_color09.png
  artifactKey: Guid(fa0c94dcbc6267d4d8bb81485d69d15f) Importer(815301076,1909f56bfc062723c751e8b465ee728b)
Start importing Assets/Third-Party/Pastel Icons/resource/style02/shape096_style02_color09.png using Guid(fa0c94dcbc6267d4d8bb81485d69d15f) Importer(815301076,1909f56bfc062723c751e8b465ee728b) (PreviewImporter) -> (artifact id: 'f5ee5537b84367891167c00e74ff4833') in 0.0126284 seconds
Number of updated asset objects reloaded before import = 0Number of asset objects unloaded after import = 3

========================================================================
Received Import Request.
  Time since last request: 0.143124 seconds.
  path: Assets/Third-Party/Pastel Icons/resource/style02/shape096_style02_color11.png
  artifactKey: Guid(9e3ba1370203fdb43aa53cf551e82c3c) Importer(815301076,1909f56bfc062723c751e8b465ee728b)
Start importing Assets/Third-Party/Pastel Icons/resource/style02/shape096_style02_color11.png using Guid(9e3ba1370203fdb43aa53cf551e82c3c) Importer(815301076,1909f56bfc062723c751e8b465ee728b) (PreviewImporter) -> (artifact id: '7ba486a51c0d79845bdae92c27404d6e') in 0.0152321 seconds
Number of updated asset objects reloaded before import = 0Number of asset objects unloaded after import = 3

========================================================================
Received Import Request.
  Time since last request: 0.000015 seconds.
  path: Assets/Third-Party/Pastel Icons/resource/style03/shape096_style03_color03.png
  artifactKey: Guid(5846bb967eecd8a4789f81c95f41d4df) Importer(815301076,1909f56bfc062723c751e8b465ee728b)
Start importing Assets/Third-Party/Pastel Icons/resource/style03/shape096_style03_color03.png using Guid(5846bb967eecd8a4789f81c95f41d4df) Importer(815301076,1909f56bfc062723c751e8b465ee728b) (PreviewImporter) -> (artifact id: 'f1820fa86ee81b6bb38d8f8402dd5919') in 0.0129918 seconds
Number of updated asset objects reloaded before import = 0Number of asset objects unloaded after import = 3

========================================================================
Received Import Request.
  Time since last request: 0.002737 seconds.
  path: Assets/Third-Party/Pastel Icons/resource/style03/shape096_style03_color04.png
  artifactKey: Guid(fcdb9d0cbc609104db0477857e280255) Importer(815301076,1909f56bfc062723c751e8b465ee728b)
Start importing Assets/Third-Party/Pastel Icons/resource/style03/shape096_style03_color04.png using Guid(fcdb9d0cbc609104db0477857e280255) Importer(815301076,1909f56bfc062723c751e8b465ee728b) (PreviewImporter) -> (artifact id: 'dc646303f51d4137a85d9d919e222eaf') in 0.0659418 seconds
Number of updated asset objects reloaded before import = 0Number of asset objects unloaded after import = 3

========================================================================
Received Import Request.
  Time since last request: 0.000018 seconds.
  path: Assets/Third-Party/Pastel Icons/resource/style01/shape097_style01_color10.png
  artifactKey: Guid(3fd95af41a4c44a4a938c52d4bd8fe8b) Importer(815301076,1909f56bfc062723c751e8b465ee728b)
Start importing Assets/Third-Party/Pastel Icons/resource/style01/shape097_style01_color10.png using Guid(3fd95af41a4c44a4a938c52d4bd8fe8b) Importer(815301076,1909f56bfc062723c751e8b465ee728b) (PreviewImporter) -> (artifact id: '24634ed65ca77470b3e744b95afe4ce2') in 0.0372403 seconds
Number of updated asset objects reloaded before import = 0Number of asset objects unloaded after import = 3

========================================================================
Received Import Request.
  Time since last request: 0.000028 seconds.
  path: Assets/Third-Party/Pastel Icons/resource/style01/shape097_style01_color04.png
  artifactKey: Guid(a5b1ff592b8d7034f8f2475248fa2f5e) Importer(815301076,1909f56bfc062723c751e8b465ee728b)
Start importing Assets/Third-Party/Pastel Icons/resource/style01/shape097_style01_color04.png using Guid(a5b1ff592b8d7034f8f2475248fa2f5e) Importer(815301076,1909f56bfc062723c751e8b465ee728b) (PreviewImporter) -> (artifact id: '7296e7e86b67cf1a30ea8728d7c492a4') in 0.0532659 seconds
Number of updated asset objects reloaded before import = 0Number of asset objects unloaded after import = 3

========================================================================
Received Import Request.
  Time since last request: 0.000021 seconds.
  path: Assets/Third-Party/Pastel Icons/resource/style01/shape097_style01_color02.png
  artifactKey: Guid(d4fc5c0b317bfc749b1786ab37c20eca) Importer(815301076,1909f56bfc062723c751e8b465ee728b)
Start importing Assets/Third-Party/Pastel Icons/resource/style01/shape097_style01_color02.png using Guid(d4fc5c0b317bfc749b1786ab37c20eca) Importer(815301076,1909f56bfc062723c751e8b465ee728b) (PreviewImporter) -> (artifact id: '56fa60b2e94d917f1203ba174efb36d8') in 0.0120844 seconds
Number of updated asset objects reloaded before import = 0Number of asset objects unloaded after import = 3

========================================================================
Received Import Request.
  Time since last request: 0.000016 seconds.
  path: Assets/Third-Party/Pastel Icons/resource/style01/shape097_style01_color11.png
  artifactKey: Guid(dd06a951ecb20234eb744c8cfd689b1a) Importer(815301076,1909f56bfc062723c751e8b465ee728b)
Start importing Assets/Third-Party/Pastel Icons/resource/style01/shape097_style01_color11.png using Guid(dd06a951ecb20234eb744c8cfd689b1a) Importer(815301076,1909f56bfc062723c751e8b465ee728b) (PreviewImporter) -> (artifact id: '048fa4f114af02e9d18a4493cda88b17') in 0.0122432 seconds
Number of updated asset objects reloaded before import = 0Number of asset objects unloaded after import = 3

========================================================================
Received Import Request.
  Time since last request: 0.000014 seconds.
  path: Assets/Third-Party/Pastel Icons/resource/style01/shape097_style01_color09.png
  artifactKey: Guid(37187cb671e3a86488617dcc1401b533) Importer(815301076,1909f56bfc062723c751e8b465ee728b)
Start importing Assets/Third-Party/Pastel Icons/resource/style01/shape097_style01_color09.png using Guid(37187cb671e3a86488617dcc1401b533) Importer(815301076,1909f56bfc062723c751e8b465ee728b) (PreviewImporter) -> (artifact id: '3ed976b6c4af713327eb143ca2c3afa5') in 0.0137173 seconds
Number of updated asset objects reloaded before import = 0Number of asset objects unloaded after import = 3

========================================================================
Received Import Request.
  Time since last request: 0.000015 seconds.
  path: Assets/Third-Party/Pastel Icons/resource/style01/shape097_style01_color05.png
  artifactKey: Guid(3bab207985d41924a9b5fe3ea875507a) Importer(815301076,1909f56bfc062723c751e8b465ee728b)
Start importing Assets/Third-Party/Pastel Icons/resource/style01/shape097_style01_color05.png using Guid(3bab207985d41924a9b5fe3ea875507a) Importer(815301076,1909f56bfc062723c751e8b465ee728b) (PreviewImporter) -> (artifact id: '145e5815b42d46276d976a25dacf9ede') in 0.0137988 seconds
Number of updated asset objects reloaded before import = 0Number of asset objects unloaded after import = 3

========================================================================
Received Import Request.
  Time since last request: 0.146695 seconds.
  path: Assets/Third-Party/Pastel Icons/resource/style01/shape097_style01_color12.png
  artifactKey: Guid(741eb23862aea894c8e352c7f50d04a7) Importer(815301076,1909f56bfc062723c751e8b465ee728b)
Start importing Assets/Third-Party/Pastel Icons/resource/style01/shape097_style01_color12.png using Guid(741eb23862aea894c8e352c7f50d04a7) Importer(815301076,1909f56bfc062723c751e8b465ee728b) (PreviewImporter) -> (artifact id: 'b847077c49d5c2429c21631d1a13a591') in 0.0289418 seconds
Number of updated asset objects reloaded before import = 0Number of asset objects unloaded after import = 3

========================================================================
Received Import Request.
  Time since last request: 0.000016 seconds.
  path: Assets/Third-Party/Pastel Icons/resource/style02/shape097_style02_color06.png
  artifactKey: Guid(bee812755bc64244781db5cb482197d1) Importer(815301076,1909f56bfc062723c751e8b465ee728b)
Start importing Assets/Third-Party/Pastel Icons/resource/style02/shape097_style02_color06.png using Guid(bee812755bc64244781db5cb482197d1) Importer(815301076,1909f56bfc062723c751e8b465ee728b) (PreviewImporter) -> (artifact id: '7a745ffdf26eaab7c997985faabc9085') in 0.0127817 seconds
Number of updated asset objects reloaded before import = 0Number of asset objects unloaded after import = 3

========================================================================
Received Import Request.
  Time since last request: 0.000017 seconds.
  path: Assets/Third-Party/Pastel Icons/resource/style02/shape097_style02_color04.png
  artifactKey: Guid(43ed2598a69090c459d80f4c0531f113) Importer(815301076,1909f56bfc062723c751e8b465ee728b)
Start importing Assets/Third-Party/Pastel Icons/resource/style02/shape097_style02_color04.png using Guid(43ed2598a69090c459d80f4c0531f113) Importer(815301076,1909f56bfc062723c751e8b465ee728b) (PreviewImporter) -> (artifact id: 'a707d6a95e25c4ae58e9f25e44e1e16b') in 0.0152081 seconds
Number of updated asset objects reloaded before import = 0Number of asset objects unloaded after import = 3

========================================================================
Received Import Request.
  Time since last request: 0.000017 seconds.
  path: Assets/Third-Party/Pastel Icons/resource/style02/shape097_style02_color03.png
  artifactKey: Guid(6f7483a86e7802b4b93101d1dcb329f5) Importer(815301076,1909f56bfc062723c751e8b465ee728b)
Start importing Assets/Third-Party/Pastel Icons/resource/style02/shape097_style02_color03.png using Guid(6f7483a86e7802b4b93101d1dcb329f5) Importer(815301076,1909f56bfc062723c751e8b465ee728b) (PreviewImporter) -> (artifact id: 'a88708d8f07b9011f737c9f70935f807') in 0.0140516 seconds
Number of updated asset objects reloaded before import = 0Number of asset objects unloaded after import = 3

========================================================================
Received Import Request.
  Time since last request: 0.000018 seconds.
  path: Assets/Third-Party/Pastel Icons/resource/style02/shape097_style02_color12.png
  artifactKey: Guid(34d877c2a0164f44d8683f53cb4865f9) Importer(815301076,1909f56bfc062723c751e8b465ee728b)
Start importing Assets/Third-Party/Pastel Icons/resource/style02/shape097_style02_color12.png using Guid(34d877c2a0164f44d8683f53cb4865f9) Importer(815301076,1909f56bfc062723c751e8b465ee728b) (PreviewImporter) -> (artifact id: '1f9c6e06a9c2d011f677d580fa091bfc') in 0.0142782 seconds
Number of updated asset objects reloaded before import = 0Number of asset objects unloaded after import = 3

========================================================================
Received Import Request.
  Time since last request: 0.000016 seconds.
  path: Assets/Third-Party/Pastel Icons/resource/style03/shape097_style03_color05.png
  artifactKey: Guid(c8e2a10c86af21e48b1790650877496b) Importer(815301076,1909f56bfc062723c751e8b465ee728b)
Start importing Assets/Third-Party/Pastel Icons/resource/style03/shape097_style03_color05.png using Guid(c8e2a10c86af21e48b1790650877496b) Importer(815301076,1909f56bfc062723c751e8b465ee728b) (PreviewImporter) -> (artifact id: 'bde564c66f878f09c6167e060d546e32') in 0.0142059 seconds
Number of updated asset objects reloaded before import = 0Number of asset objects unloaded after import = 3

========================================================================
Received Import Request.
  Time since last request: 0.000016 seconds.
  path: Assets/Third-Party/Pastel Icons/resource/style03/shape097_style03_color03.png
  artifactKey: Guid(3e08d1626550c184bb3d6df7ddc52b9d) Importer(815301076,1909f56bfc062723c751e8b465ee728b)
Start importing Assets/Third-Party/Pastel Icons/resource/style03/shape097_style03_color03.png using Guid(3e08d1626550c184bb3d6df7ddc52b9d) Importer(815301076,1909f56bfc062723c751e8b465ee728b) (PreviewImporter) -> (artifact id: '909ab13a6f470aad1808169286e8476d') in 0.0129753 seconds
Number of updated asset objects reloaded before import = 0Number of asset objects unloaded after import = 3

========================================================================
Received Import Request.
  Time since last request: 0.244813 seconds.
  path: Assets/Third-Party/Pastel Icons/resource/style03/shape097_style03_color08.png
  artifactKey: Guid(d14938c7b033370439527d286adbb15d) Importer(815301076,1909f56bfc062723c751e8b465ee728b)
Start importing Assets/Third-Party/Pastel Icons/resource/style03/shape097_style03_color08.png using Guid(d14938c7b033370439527d286adbb15d) Importer(815301076,1909f56bfc062723c751e8b465ee728b) (PreviewImporter) -> (artifact id: '117d76fd30ee1707ba492be5be32e174') in 0.0166981 seconds
Number of updated asset objects reloaded before import = 0Number of asset objects unloaded after import = 3

========================================================================
Received Import Request.
  Time since last request: 0.000017 seconds.
  path: Assets/Third-Party/Pastel Icons/resource/style03/shape097_style03_color12.png
  artifactKey: Guid(4e464ed619fcf64409c2fbd8f150a514) Importer(815301076,1909f56bfc062723c751e8b465ee728b)
Start importing Assets/Third-Party/Pastel Icons/resource/style03/shape097_style03_color12.png using Guid(4e464ed619fcf64409c2fbd8f150a514) Importer(815301076,1909f56bfc062723c751e8b465ee728b) (PreviewImporter) -> (artifact id: '3a3fb7b437ac910f21c29da9b11088f7') in 0.1061819 seconds
Number of updated asset objects reloaded before import = 0Number of asset objects unloaded after import = 3

========================================================================
Received Import Request.
  Time since last request: 0.000015 seconds.
  path: Assets/Third-Party/Pastel Icons/resource/style02/shape098_style02_color09.png
  artifactKey: Guid(cbb2d0454509d76409204c1232affe94) Importer(815301076,1909f56bfc062723c751e8b465ee728b)
Start importing Assets/Third-Party/Pastel Icons/resource/style02/shape098_style02_color09.png using Guid(cbb2d0454509d76409204c1232affe94) Importer(815301076,1909f56bfc062723c751e8b465ee728b) (PreviewImporter) -> (artifact id: '5a74781c5a351adbfc88dee87644e251') in 0.0148099 seconds
Number of updated asset objects reloaded before import = 0Number of asset objects unloaded after import = 3

========================================================================
Received Import Request.
  Time since last request: 0.000015 seconds.
  path: Assets/Third-Party/Pastel Icons/resource/style02/shape098_style02_color08.png
  artifactKey: Guid(8cd6fcea610190d448332dea37617f1f) Importer(815301076,1909f56bfc062723c751e8b465ee728b)
Start importing Assets/Third-Party/Pastel Icons/resource/style02/shape098_style02_color08.png using Guid(8cd6fcea610190d448332dea37617f1f) Importer(815301076,1909f56bfc062723c751e8b465ee728b) (PreviewImporter) -> (artifact id: 'a1749c5197c60f2d79e74600ff7d493f') in 0.0144883 seconds
Number of updated asset objects reloaded before import = 0Number of asset objects unloaded after import = 3

========================================================================
Received Import Request.
  Time since last request: 0.000016 seconds.
  path: Assets/Third-Party/Pastel Icons/resource/style01/shape098_style01_color11.png
  artifactKey: Guid(da392cbb96c0ba74d9ef8237abb7195d) Importer(815301076,1909f56bfc062723c751e8b465ee728b)
Start importing Assets/Third-Party/Pastel Icons/resource/style01/shape098_style01_color11.png using Guid(da392cbb96c0ba74d9ef8237abb7195d) Importer(815301076,1909f56bfc062723c751e8b465ee728b) (PreviewImporter) -> (artifact id: 'f5f0a6d9c37bafbce7fc5b0dca34953b') in 0.0150897 seconds
Number of updated asset objects reloaded before import = 0Number of asset objects unloaded after import = 3

========================================================================
Received Import Request.
  Time since last request: 0.000016 seconds.
  path: Assets/Third-Party/Pastel Icons/resource/style01/shape098_style01_color04.png
  artifactKey: Guid(4d43c09d6ed6c2542931df2770981ac4) Importer(815301076,1909f56bfc062723c751e8b465ee728b)
Start importing Assets/Third-Party/Pastel Icons/resource/style01/shape098_style01_color04.png using Guid(4d43c09d6ed6c2542931df2770981ac4) Importer(815301076,1909f56bfc062723c751e8b465ee728b) (PreviewImporter) -> (artifact id: 'f853749a7e40b00520ef26f7ea27216b') in 0.0260077 seconds
Number of updated asset objects reloaded before import = 0Number of asset objects unloaded after import = 3

========================================================================
Received Import Request.
  Time since last request: 0.201953 seconds.
  path: Assets/Third-Party/Pastel Icons/resource/style03/shape098_style03_color02.png
  artifactKey: Guid(c2c8b862cc88e874d9153d99d24970b6) Importer(815301076,1909f56bfc062723c751e8b465ee728b)
Start importing Assets/Third-Party/Pastel Icons/resource/style03/shape098_style03_color02.png using Guid(c2c8b862cc88e874d9153d99d24970b6) Importer(815301076,1909f56bfc062723c751e8b465ee728b) (PreviewImporter) -> (artifact id: '48539a228ed1cb5d70e19014f280eb19') in 0.0160361 seconds
Number of updated asset objects reloaded before import = 0Number of asset objects unloaded after import = 3

========================================================================
Received Import Request.
  Time since last request: 0.000017 seconds.
  path: Assets/Third-Party/Pastel Icons/resource/style03/shape098_style03_color05.png
  artifactKey: Guid(3e943b98abde73f4fb52b9e2e2ca3a34) Importer(815301076,1909f56bfc062723c751e8b465ee728b)
Start importing Assets/Third-Party/Pastel Icons/resource/style03/shape098_style03_color05.png using Guid(3e943b98abde73f4fb52b9e2e2ca3a34) Importer(815301076,1909f56bfc062723c751e8b465ee728b) (PreviewImporter) -> (artifact id: 'a636529926749bb201e340b5dd97a842') in 0.0148229 seconds
Number of updated asset objects reloaded before import = 0Number of asset objects unloaded after import = 3

========================================================================
Received Import Request.
  Time since last request: 0.015152 seconds.
  path: Assets/Third-Party/Pastel Icons/resource/style03/shape098_style03_color07.png
  artifactKey: Guid(92c2de6ec8525af49a4aac3ae18e5c90) Importer(815301076,1909f56bfc062723c751e8b465ee728b)
Start importing Assets/Third-Party/Pastel Icons/resource/style03/shape098_style03_color07.png using Guid(92c2de6ec8525af49a4aac3ae18e5c90) Importer(815301076,1909f56bfc062723c751e8b465ee728b) (PreviewImporter) -> (artifact id: '7eaff478543af4f7256d49ab02d11e3c') in 0.0260238 seconds
Number of updated asset objects reloaded before import = 0Number of asset objects unloaded after import = 3

========================================================================
Received Import Request.
  Time since last request: 0.000016 seconds.
  path: Assets/Third-Party/Pastel Icons/resource/style03/shape098_style03_color12.png
  artifactKey: Guid(ec074b7c834c3cc4b8b260061521d94b) Importer(815301076,1909f56bfc062723c751e8b465ee728b)
Start importing Assets/Third-Party/Pastel Icons/resource/style03/shape098_style03_color12.png using Guid(ec074b7c834c3cc4b8b260061521d94b) Importer(815301076,1909f56bfc062723c751e8b465ee728b) (PreviewImporter) -> (artifact id: 'e52003943bb28288b4fc61f643ea47ff') in 0.0132292 seconds
Number of updated asset objects reloaded before import = 0Number of asset objects unloaded after import = 3

========================================================================
Received Import Request.
  Time since last request: 0.000018 seconds.
  path: Assets/Third-Party/Pastel Icons/resource/style01/shape099_style01_color03.png
  artifactKey: Guid(65691b6b63ff76442a87659c0a1aa691) Importer(815301076,1909f56bfc062723c751e8b465ee728b)
Start importing Assets/Third-Party/Pastel Icons/resource/style01/shape099_style01_color03.png using Guid(65691b6b63ff76442a87659c0a1aa691) Importer(815301076,1909f56bfc062723c751e8b465ee728b) (PreviewImporter) -> (artifact id: 'a85752495394d40829d8894d16b436b7') in 0.0342063 seconds
Number of updated asset objects reloaded before import = 0Number of asset objects unloaded after import = 3

========================================================================
Received Import Request.
  Time since last request: 0.000018 seconds.
  path: Assets/Third-Party/Pastel Icons/resource/style01/shape099_style01_color06.png
  artifactKey: Guid(bd1f88622ae1fb74b9244b5652afea46) Importer(815301076,1909f56bfc062723c751e8b465ee728b)
Start importing Assets/Third-Party/Pastel Icons/resource/style01/shape099_style01_color06.png using Guid(bd1f88622ae1fb74b9244b5652afea46) Importer(815301076,1909f56bfc062723c751e8b465ee728b) (PreviewImporter) -> (artifact id: '7de6974be2978dc7227aa321f38ba458') in 0.0140045 seconds
Number of updated asset objects reloaded before import = 0Number of asset objects unloaded after import = 3

========================================================================
Received Import Request.
  Time since last request: 0.000018 seconds.
  path: Assets/Third-Party/Pastel Icons/resource/style01/shape099_style01_color09.png
  artifactKey: Guid(aca10737377ddb84aa8e3751e7cb02f4) Importer(815301076,1909f56bfc062723c751e8b465ee728b)
Start importing Assets/Third-Party/Pastel Icons/resource/style01/shape099_style01_color09.png using Guid(aca10737377ddb84aa8e3751e7cb02f4) Importer(815301076,1909f56bfc062723c751e8b465ee728b) (PreviewImporter) -> (artifact id: '463b5ff4b41a93b540b1257e3fc4b61a') in 0.0164903 seconds
Number of updated asset objects reloaded before import = 0Number of asset objects unloaded after import = 3

========================================================================
Received Import Request.
  Time since last request: 0.190700 seconds.
  path: Assets/Third-Party/Pastel Icons/resource/style01/shape099_style01_color10.png
  artifactKey: Guid(e6cfa595576d49248a4aeaa3f6dd592b) Importer(815301076,1909f56bfc062723c751e8b465ee728b)
Start importing Assets/Third-Party/Pastel Icons/resource/style01/shape099_style01_color10.png using Guid(e6cfa595576d49248a4aeaa3f6dd592b) Importer(815301076,1909f56bfc062723c751e8b465ee728b) (PreviewImporter) -> (artifact id: '27f02143725c42638db5497048d61df5') in 0.2620471 seconds
Number of updated asset objects reloaded before import = 0Number of asset objects unloaded after import = 3

========================================================================
Received Import Request.
  Time since last request: 0.000022 seconds.
  path: Assets/Third-Party/Pastel Icons/resource/style02/shape099_style02_color02.png
  artifactKey: Guid(33fb94eece6ebdf459e6319b0d479fa0) Importer(815301076,1909f56bfc062723c751e8b465ee728b)
Start importing Assets/Third-Party/Pastel Icons/resource/style02/shape099_style02_color02.png using Guid(33fb94eece6ebdf459e6319b0d479fa0) Importer(815301076,1909f56bfc062723c751e8b465ee728b) (PreviewImporter) -> (artifact id: 'be033625ff8400d5aced1ca3c2553948') in 0.0411325 seconds
Number of updated asset objects reloaded before import = 0Number of asset objects unloaded after import = 3

========================================================================
Received Import Request.
  Time since last request: 0.000024 seconds.
  path: Assets/Third-Party/Pastel Icons/resource/style02/shape099_style02_color07.png
  artifactKey: Guid(d22cdafb8065aeb4b985199f2a362f3e) Importer(815301076,1909f56bfc062723c751e8b465ee728b)
Start importing Assets/Third-Party/Pastel Icons/resource/style02/shape099_style02_color07.png using Guid(d22cdafb8065aeb4b985199f2a362f3e) Importer(815301076,1909f56bfc062723c751e8b465ee728b) (PreviewImporter) -> (artifact id: 'eede2fd39ab917b961ac40e296a74f9a') in 0.0144669 seconds
Number of updated asset objects reloaded before import = 0Number of asset objects unloaded after import = 3

========================================================================
Received Import Request.
  Time since last request: 0.000017 seconds.
  path: Assets/Third-Party/Pastel Icons/resource/style02/shape099_style02_color10.png
  artifactKey: Guid(9a9941c30ca27524ab2bae58d241fd0b) Importer(815301076,1909f56bfc062723c751e8b465ee728b)
Start importing Assets/Third-Party/Pastel Icons/resource/style02/shape099_style02_color10.png using Guid(9a9941c30ca27524ab2bae58d241fd0b) Importer(815301076,1909f56bfc062723c751e8b465ee728b) (PreviewImporter) -> (artifact id: 'b1f5b246f287c682033080cee6fe649b') in 0.0198368 seconds
Number of updated asset objects reloaded before import = 0Number of asset objects unloaded after import = 3

Editor requested this worker to shutdown with reason: Scaling down because of idle timeout
AssetImportWorker is now disconnected from the server
Process exiting
Exiting without the bug reporter. Application will terminate with return code 0