{"cameraMode":{"drawMode":0,"name":"Shaded","section":"Shading Mode"},"sceneLighting":false,"audioPlay":false,"sceneViewState":{"m_AlwaysRefresh":false,"showFog":true,"showSkybox":true,"showFlares":true,"showImageEffects":true,"showParticleSystems":true,"showVisualEffectGraphs":true,"m_FxEnabled":true},"in2DMode":false,"pivot":{"x":0.14303328096866609,"y":-0.17470279335975648,"z":0.12162914872169495},"rotation":{"x":-0.20275446772575379,"y":-0.1427782028913498,"z":0.029926013201475145,"w":-0.9683680534362793},"size":0.5770442485809326,"orthographic":false}